SMTP Error Mail Services: Error: queryA ETIMEOUT smtp.gmail.com
    at QueryReqWrap.onresolve [as oncomplete] (node:internal/dns/callback_resolver:45:19) {
  errno: undefined,
  code: 'EDNS',
  syscall: 'queryA',
  hostname: 'smtp.gmail.com',
  command: 'CONN'
}
SMTP Error: Error: queryA ETIMEOUT smtp.gmail.com
    at QueryReqWrap.onresolve [as oncomplete] (node:internal/dns/callback_resolver:45:19) {
  errno: undefined,
  code: 'EDNS',
  syscall: 'queryA',
  hostname: 'smtp.gmail.com',
  command: 'CONN'
}
[2026-09-29T15:44:50.354Z] [PID: 260] [32m[NODE-CRON][32m [33m[WARN][0m missed execution at Tue Sep 29 2026 18:15:00 GMT+0530 (India Standard Time)! Possible blocking IO or high CPU user at the same process used by node-cron.
[2026-09-29T15:44:50.371Z] [PID: 260] [32m[NODE-CRON][32m [33m[WARN][0m missed execution at Tue Sep 29 2026 18:20:00 GMT+0530 (India Standard Time)! Possible blocking IO or high CPU user at the same process used by node-cron.
[2026-09-29T15:44:50.377Z] [PID: 260] [32m[NODE-CRON][32m [33m[WARN][0m missed execution at Tue Sep 29 2026 18:25:00 GMT+0530 (India Standard Time)! Possible blocking IO or high CPU user at the same process used by node-cron.
[2026-09-29T15:44:50.382Z] [PID: 260] [32m[NODE-CRON][32m [33m[WARN][0m missed execution at Tue Sep 29 2026 18:30:00 GMT+0530 (India Standard Time)! Possible blocking IO or high CPU user at the same process used by node-cron.
[2026-09-29T15:44:50.386Z] [PID: 260] [32m[NODE-CRON][32m [33m[WARN][0m missed execution at Tue Sep 29 2026 18:35:00 GMT+0530 (India Standard Time)! Possible blocking IO or high CPU user at the same process used by node-cron.
[2026-09-29T15:44:50.392Z] [PID: 260] [32m[NODE-CRON][32m [33m[WARN][0m missed execution at Tue Sep 29 2026 18:40:00 GMT+0530 (India Standard Time)! Possible blocking IO or high CPU user at the same process used by node-cron.
[2026-09-29T15:44:50.398Z] [PID: 260] [32m[NODE-CRON][32m [33m[WARN][0m missed execution at Tue Sep 29 2026 18:45:00 GMT+0530 (India Standard Time)! Possible blocking IO or high CPU user at the same process used by node-cron.
[2026-09-29T15:44:50.404Z] [PID: 260] [32m[NODE-CRON][32m [33m[WARN][0m missed execution at Tue Sep 29 2026 18:50:00 GMT+0530 (India Standard Time)! Possible blocking IO or high CPU user at the same process used by node-cron.
[2026-09-29T15:44:50.409Z] [PID: 260] [32m[NODE-CRON][32m [33m[WARN][0m missed execution at Tue Sep 29 2026 18:55:00 GMT+0530 (India Standard Time)! Possible blocking IO or high CPU user at the same process used by node-cron.
[2026-09-29T15:44:50.415Z] [PID: 260] [32m[NODE-CRON][32m [33m[WARN][0m missed execution at Tue Sep 29 2026 19:00:00 GMT+0530 (India Standard Time)! Possible blocking IO or high CPU user at the same process used by node-cron.
[2026-09-29T15:44:50.420Z] [PID: 260] [32m[NODE-CRON][32m [33m[WARN][0m missed execution at Tue Sep 29 2026 19:05:00 GMT+0530 (India Standard Time)! Possible blocking IO or high CPU user at the same process used by node-cron.
[2026-09-29T15:44:50.424Z] [PID: 260] [32m[NODE-CRON][32m [33m[WARN][0m missed execution at Tue Sep 29 2026 19:10:00 GMT+0530 (India Standard Time)! Possible blocking IO or high CPU user at the same process used by node-cron.
[2026-09-29T15:44:50.429Z] [PID: 260] [32m[NODE-CRON][32m [33m[WARN][0m missed execution at Tue Sep 29 2026 19:15:00 GMT+0530 (India Standard Time)! Possible blocking IO or high CPU user at the same process used by node-cron.
[2026-09-29T15:44:50.433Z] [PID: 260] [32m[NODE-CRON][32m [33m[WARN][0m missed execution at Tue Sep 29 2026 19:20:00 GMT+0530 (India Standard Time)! Possible blocking IO or high CPU user at the same process used by node-cron.
[2026-09-29T15:44:50.436Z] [PID: 260] [32m[NODE-CRON][32m [33m[WARN][0m missed execution at Tue Sep 29 2026 19:25:00 GMT+0530 (India Standard Time)! Possible blocking IO or high CPU user at the same process used by node-cron.
[2026-09-29T15:44:50.444Z] [PID: 260] [32m[NODE-CRON][32m [33m[WARN][0m missed execution at Tue Sep 29 2026 19:30:00 GMT+0530 (India Standard Time)! Possible blocking IO or high CPU user at the same process used by node-cron.
[2026-09-29T15:44:50.448Z] [PID: 260] [32m[NODE-CRON][32m [33m[WARN][0m missed execution at Tue Sep 29 2026 19:35:00 GMT+0530 (India Standard Time)! Possible blocking IO or high CPU user at the same process used by node-cron.
[2026-09-29T15:44:50.454Z] [PID: 260] [32m[NODE-CRON][32m [33m[WARN][0m missed execution at Tue Sep 29 2026 19:40:00 GMT+0530 (India Standard Time)! Possible blocking IO or high CPU user at the same process used by node-cron.
[2026-09-29T15:44:50.459Z] [PID: 260] [32m[NODE-CRON][32m [33m[WARN][0m missed execution at Tue Sep 29 2026 19:45:00 GMT+0530 (India Standard Time)! Possible blocking IO or high CPU user at the same process used by node-cron.
[2026-09-29T15:44:50.463Z] [PID: 260] [32m[NODE-CRON][32m [33m[WARN][0m missed execution at Tue Sep 29 2026 19:50:00 GMT+0530 (India Standard Time)! Possible blocking IO or high CPU user at the same process used by node-cron.
[2026-09-29T15:44:50.468Z] [PID: 260] [32m[NODE-CRON][32m [33m[WARN][0m missed execution at Tue Sep 29 2026 19:55:00 GMT+0530 (India Standard Time)! Possible blocking IO or high CPU user at the same process used by node-cron.
[2026-09-29T15:44:50.474Z] [PID: 260] [32m[NODE-CRON][32m [33m[WARN][0m missed execution at Tue Sep 29 2026 20:00:00 GMT+0530 (India Standard Time)! Possible blocking IO or high CPU user at the same process used by node-cron.
[2026-09-29T15:44:50.478Z] [PID: 260] [32m[NODE-CRON][32m [33m[WARN][0m missed execution at Tue Sep 29 2026 20:05:00 GMT+0530 (India Standard Time)! Possible blocking IO or high CPU user at the same process used by node-cron.
[2026-09-29T15:44:50.485Z] [PID: 260] [32m[NODE-CRON][32m [33m[WARN][0m missed execution at Tue Sep 29 2026 20:10:00 GMT+0530 (India Standard Time)! Possible blocking IO or high CPU user at the same process used by node-cron.
[2026-09-29T15:44:50.493Z] [PID: 260] [32m[NODE-CRON][32m [33m[WARN][0m missed execution at Tue Sep 29 2026 20:15:00 GMT+0530 (India Standard Time)! Possible blocking IO or high CPU user at the same process used by node-cron.
[2026-09-29T15:44:50.502Z] [PID: 260] [32m[NODE-CRON][32m [33m[WARN][0m missed execution at Tue Sep 29 2026 20:20:00 GMT+0530 (India Standard Time)! Possible blocking IO or high CPU user at the same process used by node-cron.
[2026-09-29T15:44:50.507Z] [PID: 260] [32m[NODE-CRON][32m [33m[WARN][0m missed execution at Tue Sep 29 2026 20:25:00 GMT+0530 (India Standard Time)! Possible blocking IO or high CPU user at the same process used by node-cron.
[2026-09-29T15:44:50.512Z] [PID: 260] [32m[NODE-CRON][32m [33m[WARN][0m missed execution at Tue Sep 29 2026 20:30:00 GMT+0530 (India Standard Time)! Possible blocking IO or high CPU user at the same process used by node-cron.
[2026-09-29T15:44:50.519Z] [PID: 260] [32m[NODE-CRON][32m [33m[WARN][0m missed execution at Tue Sep 29 2026 20:35:00 GMT+0530 (India Standard Time)! Possible blocking IO or high CPU user at the same process used by node-cron.
[2026-09-29T15:44:50.522Z] [PID: 260] [32m[NODE-CRON][32m [33m[WARN][0m missed execution at Tue Sep 29 2026 20:40:00 GMT+0530 (India Standard Time)! Possible blocking IO or high CPU user at the same process used by node-cron.
[2026-09-29T15:44:50.526Z] [PID: 260] [32m[NODE-CRON][32m [33m[WARN][0m missed execution at Tue Sep 29 2026 20:45:00 GMT+0530 (India Standard Time)! Possible blocking IO or high CPU user at the same process used by node-cron.
[2026-09-29T15:44:50.531Z] [PID: 260] [32m[NODE-CRON][32m [33m[WARN][0m missed execution at Tue Sep 29 2026 20:50:00 GMT+0530 (India Standard Time)! Possible blocking IO or high CPU user at the same process used by node-cron.
[2026-09-29T15:44:50.536Z] [PID: 260] [32m[NODE-CRON][32m [33m[WARN][0m missed execution at Tue Sep 29 2026 20:55:00 GMT+0530 (India Standard Time)! Possible blocking IO or high CPU user at the same process used by node-cron.
[2026-09-29T15:44:50.543Z] [PID: 260] [32m[NODE-CRON][32m [33m[WARN][0m missed execution at Tue Sep 29 2026 21:00:00 GMT+0530 (India Standard Time)! Possible blocking IO or high CPU user at the same process used by node-cron.
[2026-09-29T15:44:50.549Z] [PID: 260] [32m[NODE-CRON][32m [33m[WARN][0m missed execution at Tue Sep 29 2026 21:05:00 GMT+0530 (India Standard Time)! Possible blocking IO or high CPU user at the same process used by node-cron.
[2026-09-29T15:44:50.554Z] [PID: 260] [32m[NODE-CRON][32m [33m[WARN][0m missed execution at Tue Sep 29 2026 21:10:00 GMT+0530 (India Standard Time)! Possible blocking IO or high CPU user at the same process used by node-cron.
[2026-09-29T15:44:50.568Z] [PID: 260] [32m[NODE-CRON][32m [33m[WARN][0m missed execution at Tue Sep 29 2026 18:15:00 GMT+0530 (India Standard Time)! Possible blocking IO or high CPU user at the same process used by node-cron.
[2026-09-29T15:44:50.574Z] [PID: 260] [32m[NODE-CRON][32m [33m[WARN][0m missed execution at Tue Sep 29 2026 18:20:00 GMT+0530 (India Standard Time)! Possible blocking IO or high CPU user at the same process used by node-cron.
[2026-09-29T15:44:50.578Z] [PID: 260] [32m[NODE-CRON][32m [33m[WARN][0m missed execution at Tue Sep 29 2026 18:25:00 GMT+0530 (India Standard Time)! Possible blocking IO or high CPU user at the same process used by node-cron.
[2026-09-29T15:44:50.583Z] [PID: 260] [32m[NODE-CRON][32m [33m[WARN][0m missed execution at Tue Sep 29 2026 18:30:00 GMT+0530 (India Standard Time)! Possible blocking IO or high CPU user at the same process used by node-cron.
[2026-09-29T15:44:50.588Z] [PID: 260] [32m[NODE-CRON][32m [33m[WARN][0m missed execution at Tue Sep 29 2026 18:35:00 GMT+0530 (India Standard Time)! Possible blocking IO or high CPU user at the same process used by node-cron.
[2026-09-29T15:44:50.593Z] [PID: 260] [32m[NODE-CRON][32m [33m[WARN][0m missed execution at Tue Sep 29 2026 18:40:00 GMT+0530 (India Standard Time)! Possible blocking IO or high CPU user at the same process used by node-cron.
[2026-09-29T15:44:50.597Z] [PID: 260] [32m[NODE-CRON][32m [33m[WARN][0m missed execution at Tue Sep 29 2026 18:45:00 GMT+0530 (India Standard Time)! Possible blocking IO or high CPU user at the same process used by node-cron.
[2026-09-29T15:44:50.602Z] [PID: 260] [32m[NODE-CRON][32m [33m[WARN][0m missed execution at Tue Sep 29 2026 18:50:00 GMT+0530 (India Standard Time)! Possible blocking IO or high CPU user at the same process used by node-cron.
[2026-09-29T15:44:50.607Z] [PID: 260] [32m[NODE-CRON][32m [33m[WARN][0m missed execution at Tue Sep 29 2026 18:55:00 GMT+0530 (India Standard Time)! Possible blocking IO or high CPU user at the same process used by node-cron.
[2026-09-29T15:44:50.613Z] [PID: 260] [32m[NODE-CRON][32m [33m[WARN][0m missed execution at Tue Sep 29 2026 19:00:00 GMT+0530 (India Standard Time)! Possible blocking IO or high CPU user at the same process used by node-cron.
[2026-09-29T15:44:50.620Z] [PID: 260] [32m[NODE-CRON][32m [33m[WARN][0m missed execution at Tue Sep 29 2026 19:05:00 GMT+0530 (India Standard Time)! Possible blocking IO or high CPU user at the same process used by node-cron.
[2026-09-29T15:44:50.632Z] [PID: 260] [32m[NODE-CRON][32m [33m[WARN][0m missed execution at Tue Sep 29 2026 19:10:00 GMT+0530 (India Standard Time)! Possible blocking IO or high CPU user at the same process used by node-cron.
[2026-09-29T15:44:50.637Z] [PID: 260] [32m[NODE-CRON][32m [33m[WARN][0m missed execution at Tue Sep 29 2026 19:15:00 GMT+0530 (India Standard Time)! Possible blocking IO or high CPU user at the same process used by node-cron.
[2026-09-29T15:44:50.642Z] [PID: 260] [32m[NODE-CRON][32m [33m[WARN][0m missed execution at Tue Sep 29 2026 19:20:00 GMT+0530 (India Standard Time)! Possible blocking IO or high CPU user at the same process used by node-cron.
[2026-09-29T15:44:50.647Z] [PID: 260] [32m[NODE-CRON][32m [33m[WARN][0m missed execution at Tue Sep 29 2026 19:25:00 GMT+0530 (India Standard Time)! Possible blocking IO or high CPU user at the same process used by node-cron.
[2026-09-29T15:44:50.651Z] [PID: 260] [32m[NODE-CRON][32m [33m[WARN][0m missed execution at Tue Sep 29 2026 19:30:00 GMT+0530 (India Standard Time)! Possible blocking IO or high CPU user at the same process used by node-cron.
[2026-09-29T15:44:50.655Z] [PID: 260] [32m[NODE-CRON][32m [33m[WARN][0m missed execution at Tue Sep 29 2026 19:35:00 GMT+0530 (India Standard Time)! Possible blocking IO or high CPU user at the same process used by node-cron.
[2026-09-29T15:44:50.660Z] [PID: 260] [32m[NODE-CRON][32m [33m[WARN][0m missed execution at Tue Sep 29 2026 19:40:00 GMT+0530 (India Standard Time)! Possible blocking IO or high CPU user at the same process used by node-cron.
[2026-09-29T15:44:50.664Z] [PID: 260] [32m[NODE-CRON][32m [33m[WARN][0m missed execution at Tue Sep 29 2026 19:45:00 GMT+0530 (India Standard Time)! Possible blocking IO or high CPU user at the same process used by node-cron.
[2026-09-29T15:44:50.669Z] [PID: 260] [32m[NODE-CRON][32m [33m[WARN][0m missed execution at Tue Sep 29 2026 19:50:00 GMT+0530 (India Standard Time)! Possible blocking IO or high CPU user at the same process used by node-cron.
[2026-09-29T15:44:50.673Z] [PID: 260] [32m[NODE-CRON][32m [33m[WARN][0m missed execution at Tue Sep 29 2026 19:55:00 GMT+0530 (India Standard Time)! Possible blocking IO or high CPU user at the same process used by node-cron.
[2026-09-29T15:44:50.677Z] [PID: 260] [32m[NODE-CRON][32m [33m[WARN][0m missed execution at Tue Sep 29 2026 20:00:00 GMT+0530 (India Standard Time)! Possible blocking IO or high CPU user at the same process used by node-cron.
[2026-09-29T15:44:50.682Z] [PID: 260] [32m[NODE-CRON][32m [33m[WARN][0m missed execution at Tue Sep 29 2026 20:05:00 GMT+0530 (India Standard Time)! Possible blocking IO or high CPU user at the same process used by node-cron.
[2026-09-29T15:44:50.687Z] [PID: 260] [32m[NODE-CRON][32m [33m[WARN][0m missed execution at Tue Sep 29 2026 20:10:00 GMT+0530 (India Standard Time)! Possible blocking IO or high CPU user at the same process used by node-cron.
[2026-09-29T15:44:50.692Z] [PID: 260] [32m[NODE-CRON][32m [33m[WARN][0m missed execution at Tue Sep 29 2026 20:15:00 GMT+0530 (India Standard Time)! Possible blocking IO or high CPU user at the same process used by node-cron.
[2026-09-29T15:44:50.697Z] [PID: 260] [32m[NODE-CRON][32m [33m[WARN][0m missed execution at Tue Sep 29 2026 20:20:00 GMT+0530 (India Standard Time)! Possible blocking IO or high CPU user at the same process used by node-cron.
[2026-09-29T15:44:50.701Z] [PID: 260] [32m[NODE-CRON][32m [33m[WARN][0m missed execution at Tue Sep 29 2026 20:25:00 GMT+0530 (India Standard Time)! Possible blocking IO or high CPU user at the same process used by node-cron.
[2026-09-29T15:44:50.707Z] [PID: 260] [32m[NODE-CRON][32m [33m[WARN][0m missed execution at Tue Sep 29 2026 20:30:00 GMT+0530 (India Standard Time)! Possible blocking IO or high CPU user at the same process used by node-cron.
[2026-09-29T15:44:50.711Z] [PID: 260] [32m[NODE-CRON][32m [33m[WARN][0m missed execution at Tue Sep 29 2026 20:35:00 GMT+0530 (India Standard Time)! Possible blocking IO or high CPU user at the same process used by node-cron.
[2026-09-29T15:44:50.716Z] [PID: 260] [32m[NODE-CRON][32m [33m[WARN][0m missed execution at Tue Sep 29 2026 20:40:00 GMT+0530 (India Standard Time)! Possible blocking IO or high CPU user at the same process used by node-cron.
[2026-09-29T15:44:50.721Z] [PID: 260] [32m[NODE-CRON][32m [33m[WARN][0m missed execution at Tue Sep 29 2026 20:45:00 GMT+0530 (India Standard Time)! Possible blocking IO or high CPU user at the same process used by node-cron.
[2026-09-29T15:44:50.725Z] [PID: 260] [32m[NODE-CRON][32m [33m[WARN][0m missed execution at Tue Sep 29 2026 20:50:00 GMT+0530 (India Standard Time)! Possible blocking IO or high CPU user at the same process used by node-cron.
[2026-09-29T15:44:50.735Z] [PID: 260] [32m[NODE-CRON][32m [33m[WARN][0m missed execution at Tue Sep 29 2026 20:55:00 GMT+0530 (India Standard Time)! Possible blocking IO or high CPU user at the same process used by node-cron.
[2026-09-29T15:44:50.741Z] [PID: 260] [32m[NODE-CRON][32m [33m[WARN][0m missed execution at Tue Sep 29 2026 21:00:00 GMT+0530 (India Standard Time)! Possible blocking IO or high CPU user at the same process used by node-cron.
[2026-09-29T15:44:50.747Z] [PID: 260] [32m[NODE-CRON][32m [33m[WARN][0m missed execution at Tue Sep 29 2026 21:05:00 GMT+0530 (India Standard Time)! Possible blocking IO or high CPU user at the same process used by node-cron.
[2026-09-29T15:44:50.751Z] [PID: 260] [32m[NODE-CRON][32m [33m[WARN][0m missed execution at Tue Sep 29 2026 21:10:00 GMT+0530 (India Standard Time)! Possible blocking IO or high CPU user at the same process used by node-cron.
[2026-09-29T15:44:50.761Z] [PID: 260] [32m[NODE-CRON][32m [33m[WARN][0m missed execution at Tue Sep 29 2026 18:15:00 GMT+0530 (India Standard Time)! Possible blocking IO or high CPU user at the same process used by node-cron.
[2026-09-29T15:44:50.765Z] [PID: 260] [32m[NODE-CRON][32m [33m[WARN][0m missed execution at Tue Sep 29 2026 18:30:00 GMT+0530 (India Standard Time)! Possible blocking IO or high CPU user at the same process used by node-cron.
[2026-09-29T15:44:50.770Z] [PID: 260] [32m[NODE-CRON][32m [33m[WARN][0m missed execution at Tue Sep 29 2026 18:45:00 GMT+0530 (India Standard Time)! Possible blocking IO or high CPU user at the same process used by node-cron.
[2026-09-29T15:44:50.775Z] [PID: 260] [32m[NODE-CRON][32m [33m[WARN][0m missed execution at Tue Sep 29 2026 19:00:00 GMT+0530 (India Standard Time)! Possible blocking IO or high CPU user at the same process used by node-cron.
[2026-09-29T15:44:50.779Z] [PID: 260] [32m[NODE-CRON][32m [33m[WARN][0m missed execution at Tue Sep 29 2026 19:15:00 GMT+0530 (India Standard Time)! Possible blocking IO or high CPU user at the same process used by node-cron.
[2026-09-29T15:44:50.783Z] [PID: 260] [32m[NODE-CRON][32m [33m[WARN][0m missed execution at Tue Sep 29 2026 19:30:00 GMT+0530 (India Standard Time)! Possible blocking IO or high CPU user at the same process used by node-cron.
[2026-09-29T15:44:50.788Z] [PID: 260] [32m[NODE-CRON][32m [33m[WARN][0m missed execution at Tue Sep 29 2026 19:45:00 GMT+0530 (India Standard Time)! Possible blocking IO or high CPU user at the same process used by node-cron.
[2026-09-29T15:44:50.793Z] [PID: 260] [32m[NODE-CRON][32m [33m[WARN][0m missed execution at Tue Sep 29 2026 20:00:00 GMT+0530 (India Standard Time)! Possible blocking IO or high CPU user at the same process used by node-cron.
[2026-09-29T15:44:50.797Z] [PID: 260] [32m[NODE-CRON][32m [33m[WARN][0m missed execution at Tue Sep 29 2026 20:15:00 GMT+0530 (India Standard Time)! Possible blocking IO or high CPU user at the same process used by node-cron.
[2026-09-29T15:44:50.803Z] [PID: 260] [32m[NODE-CRON][32m [33m[WARN][0m missed execution at Tue Sep 29 2026 20:30:00 GMT+0530 (India Standard Time)! Possible blocking IO or high CPU user at the same process used by node-cron.
[2026-09-29T15:44:50.808Z] [PID: 260] [32m[NODE-CRON][32m [33m[WARN][0m missed execution at Tue Sep 29 2026 20:45:00 GMT+0530 (India Standard Time)! Possible blocking IO or high CPU user at the same process used by node-cron.
[2026-09-29T15:44:50.813Z] [PID: 260] [32m[NODE-CRON][32m [33m[WARN][0m missed execution at Tue Sep 29 2026 21:00:00 GMT+0530 (India Standard Time)! Possible blocking IO or high CPU user at the same process used by node-cron.
[2026-09-29T15:44:50.825Z] [PID: 260] [32m[NODE-CRON][32m [33m[WARN][0m missed execution at Tue Sep 29 2026 18:15:00 GMT+0530 (India Standard Time)! Possible blocking IO or high CPU user at the same process used by node-cron.
[2026-09-29T15:44:50.834Z] [PID: 260] [32m[NODE-CRON][32m [33m[WARN][0m missed execution at Tue Sep 29 2026 18:16:00 GMT+0530 (India Standard Time)! Possible blocking IO or high CPU user at the same process used by node-cron.
[2026-09-29T15:44:50.838Z] [PID: 260] [32m[NODE-CRON][32m [33m[WARN][0m missed execution at Tue Sep 29 2026 18:17:00 GMT+0530 (India Standard Time)! Possible blocking IO or high CPU user at the same process used by node-cron.
[2026-09-29T15:44:50.843Z] [PID: 260] [32m[NODE-CRON][32m [33m[WARN][0m missed execution at Tue Sep 29 2026 18:18:00 GMT+0530 (India Standard Time)! Possible blocking IO or high CPU user at the same process used by node-cron.
[2026-09-29T15:44:50.847Z] [PID: 260] [32m[NODE-CRON][32m [33m[WARN][0m missed execution at Tue Sep 29 2026 18:19:00 GMT+0530 (India Standard Time)! Possible blocking IO or high CPU user at the same process used by node-cron.
[2026-09-29T15:44:50.851Z] [PID: 260] [32m[NODE-CRON][32m [33m[WARN][0m missed execution at Tue Sep 29 2026 18:20:00 GMT+0530 (India Standard Time)! Possible blocking IO or high CPU user at the same process used by node-cron.
[2026-09-29T15:44:50.856Z] [PID: 260] [32m[NODE-CRON][32m [33m[WARN][0m missed execution at Tue Sep 29 2026 18:21:00 GMT+0530 (India Standard Time)! Possible blocking IO or high CPU user at the same process used by node-cron.
[2026-09-29T15:44:50.861Z] [PID: 260] [32m[NODE-CRON][32m [33m[WARN][0m missed execution at Tue Sep 29 2026 18:22:00 GMT+0530 (India Standard Time)! Possible blocking IO or high CPU user at the same process used by node-cron.
[2026-09-29T15:44:50.865Z] [PID: 260] [32m[NODE-CRON][32m [33m[WARN][0m missed execution at Tue Sep 29 2026 18:23:00 GMT+0530 (India Standard Time)! Possible blocking IO or high CPU user at the same process used by node-cron.
[2026-09-29T15:44:50.870Z] [PID: 260] [32m[NODE-CRON][32m [33m[WARN][0m missed execution at Tue Sep 29 2026 18:24:00 GMT+0530 (India Standard Time)! Possible blocking IO or high CPU user at the same process used by node-cron.
[2026-09-29T15:44:50.874Z] [PID: 260] [32m[NODE-CRON][32m [33m[WARN][0m missed execution at Tue Sep 29 2026 18:25:00 GMT+0530 (India Standard Time)! Possible blocking IO or high CPU user at the same process used by node-cron.
[2026-09-29T15:44:50.877Z] [PID: 260] [32m[NODE-CRON][32m [33m[WARN][0m missed execution at Tue Sep 29 2026 18:26:00 GMT+0530 (India Standard Time)! Possible blocking IO or high CPU user at the same process used by node-cron.
[2026-09-29T15:44:50.881Z] [PID: 260] [32m[NODE-CRON][32m [33m[WARN][0m missed execution at Tue Sep 29 2026 18:27:00 GMT+0530 (India Standard Time)! Possible blocking IO or high CPU user at the same process used by node-cron.
[2026-09-29T15:44:50.885Z] [PID: 260] [32m[NODE-CRON][32m [33m[WARN][0m missed execution at Tue Sep 29 2026 18:28:00 GMT+0530 (India Standard Time)! Possible blocking IO or high CPU user at the same process used by node-cron.
[2026-09-29T15:44:50.890Z] [PID: 260] [32m[NODE-CRON][32m [33m[WARN][0m missed execution at Tue Sep 29 2026 18:29:00 GMT+0530 (India Standard Time)! Possible blocking IO or high CPU user at the same process used by node-cron.
[2026-09-29T15:44:50.894Z] [PID: 260] [32m[NODE-CRON][32m [33m[WARN][0m missed execution at Tue Sep 29 2026 18:30:00 GMT+0530 (India Standard Time)! Possible blocking IO or high CPU user at the same process used by node-cron.
[2026-09-29T15:44:50.898Z] [PID: 260] [32m[NODE-CRON][32m [33m[WARN][0m missed execution at Tue Sep 29 2026 18:31:00 GMT+0530 (India Standard Time)! Possible blocking IO or high CPU user at the same process used by node-cron.
[2026-09-29T15:44:50.904Z] [PID: 260] [32m[NODE-CRON][32m [33m[WARN][0m missed execution at Tue Sep 29 2026 18:32:00 GMT+0530 (India Standard Time)! Possible blocking IO or high CPU user at the same process used by node-cron.
[2026-09-29T15:44:50.908Z] [PID: 260] [32m[NODE-CRON][32m [33m[WARN][0m missed execution at Tue Sep 29 2026 18:33:00 GMT+0530 (India Standard Time)! Possible blocking IO or high CPU user at the same process used by node-cron.
[2026-09-29T15:44:50.913Z] [PID: 260] [32m[NODE-CRON][32m [33m[WARN][0m missed execution at Tue Sep 29 2026 18:34:00 GMT+0530 (India Standard Time)! Possible blocking IO or high CPU user at the same process used by node-cron.
[2026-09-29T15:44:50.923Z] [PID: 260] [32m[NODE-CRON][32m [33m[WARN][0m missed execution at Tue Sep 29 2026 18:35:00 GMT+0530 (India Standard Time)! Possible blocking IO or high CPU user at the same process used by node-cron.
[2026-09-29T15:44:50.928Z] [PID: 260] [32m[NODE-CRON][32m [33m[WARN][0m missed execution at Tue Sep 29 2026 18:36:00 GMT+0530 (India Standard Time)! Possible blocking IO or high CPU user at the same process used by node-cron.
[2026-09-29T15:44:50.932Z] [PID: 260] [32m[NODE-CRON][32m [33m[WARN][0m missed execution at Tue Sep 29 2026 18:37:00 GMT+0530 (India Standard Time)! Possible blocking IO or high CPU user at the same process used by node-cron.
[2026-09-29T15:44:50.936Z] [PID: 260] [32m[NODE-CRON][32m [33m[WARN][0m missed execution at Tue Sep 29 2026 18:38:00 GMT+0530 (India Standard Time)! Possible blocking IO or high CPU user at the same process used by node-cron.
[2026-09-29T15:44:50.941Z] [PID: 260] [32m[NODE-CRON][32m [33m[WARN][0m missed execution at Tue Sep 29 2026 18:39:00 GMT+0530 (India Standard Time)! Possible blocking IO or high CPU user at the same process used by node-cron.
[2026-09-29T15:44:50.945Z] [PID: 260] [32m[NODE-CRON][32m [33m[WARN][0m missed execution at Tue Sep 29 2026 18:40:00 GMT+0530 (India Standard Time)! Possible blocking IO or high CPU user at the same process used by node-cron.
[2026-09-29T15:44:50.949Z] [PID: 260] [32m[NODE-CRON][32m [33m[WARN][0m missed execution at Tue Sep 29 2026 18:41:00 GMT+0530 (India Standard Time)! Possible blocking IO or high CPU user at the same process used by node-cron.
[2026-09-29T15:44:50.953Z] [PID: 260] [32m[NODE-CRON][32m [33m[WARN][0m missed execution at Tue Sep 29 2026 18:42:00 GMT+0530 (India Standard Time)! Possible blocking IO or high CPU user at the same process used by node-cron.
[2026-09-29T15:44:50.958Z] [PID: 260] [32m[NODE-CRON][32m [33m[WARN][0m missed execution at Tue Sep 29 2026 18:43:00 GMT+0530 (India Standard Time)! Possible blocking IO or high CPU user at the same process used by node-cron.
[2026-09-29T15:44:50.962Z] [PID: 260] [32m[NODE-CRON][32m [33m[WARN][0m missed execution at Tue Sep 29 2026 18:44:00 GMT+0530 (India Standard Time)! Possible blocking IO or high CPU user at the same process used by node-cron.
[2026-09-29T15:44:50.966Z] [PID: 260] [32m[NODE-CRON][32m [33m[WARN][0m missed execution at Tue Sep 29 2026 18:45:00 GMT+0530 (India Standard Time)! Possible blocking IO or high CPU user at the same process used by node-cron.
[2026-09-29T15:44:50.971Z] [PID: 260] [32m[NODE-CRON][32m [33m[WARN][0m missed execution at Tue Sep 29 2026 18:46:00 GMT+0530 (India Standard Time)! Possible blocking IO or high CPU user at the same process used by node-cron.
[2026-09-29T15:44:50.975Z] [PID: 260] [32m[NODE-CRON][32m [33m[WARN][0m missed execution at Tue Sep 29 2026 18:47:00 GMT+0530 (India Standard Time)! Possible blocking IO or high CPU user at the same process used by node-cron.
[2026-09-29T15:44:50.980Z] [PID: 260] [32m[NODE-CRON][32m [33m[WARN][0m missed execution at Tue Sep 29 2026 18:48:00 GMT+0530 (India Standard Time)! Possible blocking IO or high CPU user at the same process used by node-cron.
[2026-09-29T15:44:50.985Z] [PID: 260] [32m[NODE-CRON][32m [33m[WARN][0m missed execution at Tue Sep 29 2026 18:49:00 GMT+0530 (India Standard Time)! Possible blocking IO or high CPU user at the same process used by node-cron.
[2026-09-29T15:44:50.989Z] [PID: 260] [32m[NODE-CRON][32m [33m[WARN][0m missed execution at Tue Sep 29 2026 18:50:00 GMT+0530 (India Standard Time)! Possible blocking IO or high CPU user at the same process used by node-cron.
[2026-09-29T15:44:50.993Z] [PID: 260] [32m[NODE-CRON][32m [33m[WARN][0m missed execution at Tue Sep 29 2026 18:51:00 GMT+0530 (India Standard Time)! Possible blocking IO or high CPU user at the same process used by node-cron.
[2026-09-29T15:44:50.997Z] [PID: 260] [32m[NODE-CRON][32m [33m[WARN][0m missed execution at Tue Sep 29 2026 18:52:00 GMT+0530 (India Standard Time)! Possible blocking IO or high CPU user at the same process used by node-cron.
[2026-09-29T15:44:51.001Z] [PID: 260] [32m[NODE-CRON][32m [33m[WARN][0m missed execution at Tue Sep 29 2026 18:53:00 GMT+0530 (India Standard Time)! Possible blocking IO or high CPU user at the same process used by node-cron.
[2026-09-29T15:44:51.004Z] [PID: 260] [32m[NODE-CRON][32m [33m[WARN][0m missed execution at Tue Sep 29 2026 18:54:00 GMT+0530 (India Standard Time)! Possible blocking IO or high CPU user at the same process used by node-cron.
[2026-09-29T15:44:51.018Z] [PID: 260] [32m[NODE-CRON][32m [33m[WARN][0m missed execution at Tue Sep 29 2026 18:55:00 GMT+0530 (India Standard Time)! Possible blocking IO or high CPU user at the same process used by node-cron.
[2026-09-29T15:44:51.022Z] [PID: 260] [32m[NODE-CRON][32m [33m[WARN][0m missed execution at Tue Sep 29 2026 18:56:00 GMT+0530 (India Standard Time)! Possible blocking IO or high CPU user at the same process used by node-cron.
[2026-09-29T15:44:51.026Z] [PID: 260] [32m[NODE-CRON][32m [33m[WARN][0m missed execution at Tue Sep 29 2026 18:57:00 GMT+0530 (India Standard Time)! Possible blocking IO or high CPU user at the same process used by node-cron.
[2026-09-29T15:44:51.031Z] [PID: 260] [32m[NODE-CRON][32m [33m[WARN][0m missed execution at Tue Sep 29 2026 18:58:00 GMT+0530 (India Standard Time)! Possible blocking IO or high CPU user at the same process used by node-cron.
[2026-09-29T15:44:51.036Z] [PID: 260] [32m[NODE-CRON][32m [33m[WARN][0m missed execution at Tue Sep 29 2026 18:59:00 GMT+0530 (India Standard Time)! Possible blocking IO or high CPU user at the same process used by node-cron.
[2026-09-29T15:44:51.041Z] [PID: 260] [32m[NODE-CRON][32m [33m[WARN][0m missed execution at Tue Sep 29 2026 19:00:00 GMT+0530 (India Standard Time)! Possible blocking IO or high CPU user at the same process used by node-cron.
[2026-09-29T15:44:51.046Z] [PID: 260] [32m[NODE-CRON][32m [33m[WARN][0m missed execution at Tue Sep 29 2026 19:01:00 GMT+0530 (India Standard Time)! Possible blocking IO or high CPU user at the same process used by node-cron.
[2026-09-29T15:44:51.051Z] [PID: 260] [32m[NODE-CRON][32m [33m[WARN][0m missed execution at Tue Sep 29 2026 19:02:00 GMT+0530 (India Standard Time)! Possible blocking IO or high CPU user at the same process used by node-cron.
[2026-09-29T15:44:51.055Z] [PID: 260] [32m[NODE-CRON][32m [33m[WARN][0m missed execution at Tue Sep 29 2026 19:03:00 GMT+0530 (India Standard Time)! Possible blocking IO or high CPU user at the same process used by node-cron.
[2026-09-29T15:44:51.059Z] [PID: 260] [32m[NODE-CRON][32m [33m[WARN][0m missed execution at Tue Sep 29 2026 19:04:00 GMT+0530 (India Standard Time)! Possible blocking IO or high CPU user at the same process used by node-cron.
[2026-09-29T15:44:51.063Z] [PID: 260] [32m[NODE-CRON][32m [33m[WARN][0m missed execution at Tue Sep 29 2026 19:05:00 GMT+0530 (India Standard Time)! Possible blocking IO or high CPU user at the same process used by node-cron.
[2026-09-29T15:44:51.068Z] [PID: 260] [32m[NODE-CRON][32m [33m[WARN][0m missed execution at Tue Sep 29 2026 19:06:00 GMT+0530 (India Standard Time)! Possible blocking IO or high CPU user at the same process used by node-cron.
[2026-09-29T15:44:51.074Z] [PID: 260] [32m[NODE-CRON][32m [33m[WARN][0m missed execution at Tue Sep 29 2026 19:07:00 GMT+0530 (India Standard Time)! Possible blocking IO or high CPU user at the same process used by node-cron.
[2026-09-29T15:44:51.078Z] [PID: 260] [32m[NODE-CRON][32m [33m[WARN][0m missed execution at Tue Sep 29 2026 19:08:00 GMT+0530 (India Standard Time)! Possible blocking IO or high CPU user at the same process used by node-cron.
[2026-09-29T15:44:51.082Z] [PID: 260] [32m[NODE-CRON][32m [33m[WARN][0m missed execution at Tue Sep 29 2026 19:09:00 GMT+0530 (India Standard Time)! Possible blocking IO or high CPU user at the same process used by node-cron.
[2026-09-29T15:44:51.086Z] [PID: 260] [32m[NODE-CRON][32m [33m[WARN][0m missed execution at Tue Sep 29 2026 19:10:00 GMT+0530 (India Standard Time)! Possible blocking IO or high CPU user at the same process used by node-cron.
[2026-09-29T15:44:51.090Z] [PID: 260] [32m[NODE-CRON][32m [33m[WARN][0m missed execution at Tue Sep 29 2026 19:11:00 GMT+0530 (India Standard Time)! Possible blocking IO or high CPU user at the same process used by node-cron.
[2026-09-29T15:44:51.096Z] [PID: 260] [32m[NODE-CRON][32m [33m[WARN][0m missed execution at Tue Sep 29 2026 19:12:00 GMT+0530 (India Standard Time)! Possible blocking IO or high CPU user at the same process used by node-cron.
[2026-09-29T15:44:51.100Z] [PID: 260] [32m[NODE-CRON][32m [33m[WARN][0m missed execution at Tue Sep 29 2026 19:13:00 GMT+0530 (India Standard Time)! Possible blocking IO or high CPU user at the same process used by node-cron.
[2026-09-29T15:44:51.110Z] [PID: 260] [32m[NODE-CRON][32m [33m[WARN][0m missed execution at Tue Sep 29 2026 19:14:00 GMT+0530 (India Standard Time)! Possible blocking IO or high CPU user at the same process used by node-cron.
[2026-09-29T15:44:51.115Z] [PID: 260] [32m[NODE-CRON][32m [33m[WARN][0m missed execution at Tue Sep 29 2026 19:15:00 GMT+0530 (India Standard Time)! Possible blocking IO or high CPU user at the same process used by node-cron.
[2026-09-29T15:44:51.119Z] [PID: 260] [32m[NODE-CRON][32m [33m[WARN][0m missed execution at Tue Sep 29 2026 19:16:00 GMT+0530 (India Standard Time)! Possible blocking IO or high CPU user at the same process used by node-cron.
[2026-09-29T15:44:51.124Z] [PID: 260] [32m[NODE-CRON][32m [33m[WARN][0m missed execution at Tue Sep 29 2026 19:17:00 GMT+0530 (India Standard Time)! Possible blocking IO or high CPU user at the same process used by node-cron.
[2026-09-29T15:44:51.128Z] [PID: 260] [32m[NODE-CRON][32m [33m[WARN][0m missed execution at Tue Sep 29 2026 19:18:00 GMT+0530 (India Standard Time)! Possible blocking IO or high CPU user at the same process used by node-cron.
[2026-09-29T15:44:51.132Z] [PID: 260] [32m[NODE-CRON][32m [33m[WARN][0m missed execution at Tue Sep 29 2026 19:19:00 GMT+0530 (India Standard Time)! Possible blocking IO or high CPU user at the same process used by node-cron.
[2026-09-29T15:44:51.137Z] [PID: 260] [32m[NODE-CRON][32m [33m[WARN][0m missed execution at Tue Sep 29 2026 19:20:00 GMT+0530 (India Standard Time)! Possible blocking IO or high CPU user at the same process used by node-cron.
[2026-09-29T15:44:51.141Z] [PID: 260] [32m[NODE-CRON][32m [33m[WARN][0m missed execution at Tue Sep 29 2026 19:21:00 GMT+0530 (India Standard Time)! Possible blocking IO or high CPU user at the same process used by node-cron.
[2026-09-29T15:44:51.145Z] [PID: 260] [32m[NODE-CRON][32m [33m[WARN][0m missed execution at Tue Sep 29 2026 19:22:00 GMT+0530 (India Standard Time)! Possible blocking IO or high CPU user at the same process used by node-cron.
[2026-09-29T15:44:51.149Z] [PID: 260] [32m[NODE-CRON][32m [33m[WARN][0m missed execution at Tue Sep 29 2026 19:23:00 GMT+0530 (India Standard Time)! Possible blocking IO or high CPU user at the same process used by node-cron.
[2026-09-29T15:44:51.154Z] [PID: 260] [32m[NODE-CRON][32m [33m[WARN][0m missed execution at Tue Sep 29 2026 19:24:00 GMT+0530 (India Standard Time)! Possible blocking IO or high CPU user at the same process used by node-cron.
[2026-09-29T15:44:51.158Z] [PID: 260] [32m[NODE-CRON][32m [33m[WARN][0m missed execution at Tue Sep 29 2026 19:25:00 GMT+0530 (India Standard Time)! Possible blocking IO or high CPU user at the same process used by node-cron.
[2026-09-29T15:44:51.162Z] [PID: 260] [32m[NODE-CRON][32m [33m[WARN][0m missed execution at Tue Sep 29 2026 19:26:00 GMT+0530 (India Standard Time)! Possible blocking IO or high CPU user at the same process used by node-cron.
[2026-09-29T15:44:51.168Z] [PID: 260] [32m[NODE-CRON][32m [33m[WARN][0m missed execution at Tue Sep 29 2026 19:27:00 GMT+0530 (India Standard Time)! Possible blocking IO or high CPU user at the same process used by node-cron.
[2026-09-29T15:44:51.172Z] [PID: 260] [32m[NODE-CRON][32m [33m[WARN][0m missed execution at Tue Sep 29 2026 19:28:00 GMT+0530 (India Standard Time)! Possible blocking IO or high CPU user at the same process used by node-cron.
[2026-09-29T15:44:51.175Z] [PID: 260] [32m[NODE-CRON][32m [33m[WARN][0m missed execution at Tue Sep 29 2026 19:29:00 GMT+0530 (India Standard Time)! Possible blocking IO or high CPU user at the same process used by node-cron.
[2026-09-29T15:44:51.179Z] [PID: 260] [32m[NODE-CRON][32m [33m[WARN][0m missed execution at Tue Sep 29 2026 19:30:00 GMT+0530 (India Standard Time)! Possible blocking IO or high CPU user at the same process used by node-cron.
[2026-09-29T15:44:51.184Z] [PID: 260] [32m[NODE-CRON][32m [33m[WARN][0m missed execution at Tue Sep 29 2026 19:31:00 GMT+0530 (India Standard Time)! Possible blocking IO or high CPU user at the same process used by node-cron.
[2026-09-29T15:44:51.188Z] [PID: 260] [32m[NODE-CRON][32m [33m[WARN][0m missed execution at Tue Sep 29 2026 19:32:00 GMT+0530 (India Standard Time)! Possible blocking IO or high CPU user at the same process used by node-cron.
[2026-09-29T15:44:51.193Z] [PID: 260] [32m[NODE-CRON][32m [33m[WARN][0m missed execution at Tue Sep 29 2026 19:33:00 GMT+0530 (India Standard Time)! Possible blocking IO or high CPU user at the same process used by node-cron.
[2026-09-29T15:44:51.202Z] [PID: 260] [32m[NODE-CRON][32m [33m[WARN][0m missed execution at Tue Sep 29 2026 19:34:00 GMT+0530 (India Standard Time)! Possible blocking IO or high CPU user at the same process used by node-cron.
[2026-09-29T15:44:51.206Z] [PID: 260] [32m[NODE-CRON][32m [33m[WARN][0m missed execution at Tue Sep 29 2026 19:35:00 GMT+0530 (India Standard Time)! Possible blocking IO or high CPU user at the same process used by node-cron.
[2026-09-29T15:44:51.210Z] [PID: 260] [32m[NODE-CRON][32m [33m[WARN][0m missed execution at Tue Sep 29 2026 19:36:00 GMT+0530 (India Standard Time)! Possible blocking IO or high CPU user at the same process used by node-cron.
[2026-09-29T15:44:51.214Z] [PID: 260] [32m[NODE-CRON][32m [33m[WARN][0m missed execution at Tue Sep 29 2026 19:37:00 GMT+0530 (India Standard Time)! Possible blocking IO or high CPU user at the same process used by node-cron.
[2026-09-29T15:44:51.218Z] [PID: 260] [32m[NODE-CRON][32m [33m[WARN][0m missed execution at Tue Sep 29 2026 19:38:00 GMT+0530 (India Standard Time)! Possible blocking IO or high CPU user at the same process used by node-cron.
[2026-09-29T15:44:51.221Z] [PID: 260] [32m[NODE-CRON][32m [33m[WARN][0m missed execution at Tue Sep 29 2026 19:39:00 GMT+0530 (India Standard Time)! Possible blocking IO or high CPU user at the same process used by node-cron.
[2026-09-29T15:44:51.225Z] [PID: 260] [32m[NODE-CRON][32m [33m[WARN][0m missed execution at Tue Sep 29 2026 19:40:00 GMT+0530 (India Standard Time)! Possible blocking IO or high CPU user at the same process used by node-cron.
[2026-09-29T15:44:51.229Z] [PID: 260] [32m[NODE-CRON][32m [33m[WARN][0m missed execution at Tue Sep 29 2026 19:41:00 GMT+0530 (India Standard Time)! Possible blocking IO or high CPU user at the same process used by node-cron.
[2026-09-29T15:44:51.235Z] [PID: 260] [32m[NODE-CRON][32m [33m[WARN][0m missed execution at Tue Sep 29 2026 19:42:00 GMT+0530 (India Standard Time)! Possible blocking IO or high CPU user at the same process used by node-cron.
[2026-09-29T15:44:51.242Z] [PID: 260] [32m[NODE-CRON][32m [33m[WARN][0m missed execution at Tue Sep 29 2026 19:43:00 GMT+0530 (India Standard Time)! Possible blocking IO or high CPU user at the same process used by node-cron.
[2026-09-29T15:44:51.247Z] [PID: 260] [32m[NODE-CRON][32m [33m[WARN][0m missed execution at Tue Sep 29 2026 19:44:00 GMT+0530 (India Standard Time)! Possible blocking IO or high CPU user at the same process used by node-cron.
[2026-09-29T15:44:51.251Z] [PID: 260] [32m[NODE-CRON][32m [33m[WARN][0m missed execution at Tue Sep 29 2026 19:45:00 GMT+0530 (India Standard Time)! Possible blocking IO or high CPU user at the same process used by node-cron.
[2026-09-29T15:44:51.256Z] [PID: 260] [32m[NODE-CRON][32m [33m[WARN][0m missed execution at Tue Sep 29 2026 19:46:00 GMT+0530 (India Standard Time)! Possible blocking IO or high CPU user at the same process used by node-cron.
[2026-09-29T15:44:51.261Z] [PID: 260] [32m[NODE-CRON][32m [33m[WARN][0m missed execution at Tue Sep 29 2026 19:47:00 GMT+0530 (India Standard Time)! Possible blocking IO or high CPU user at the same process used by node-cron.
[2026-09-29T15:44:51.266Z] [PID: 260] [32m[NODE-CRON][32m [33m[WARN][0m missed execution at Tue Sep 29 2026 19:48:00 GMT+0530 (India Standard Time)! Possible blocking IO or high CPU user at the same process used by node-cron.
[2026-09-29T15:44:51.270Z] [PID: 260] [32m[NODE-CRON][32m [33m[WARN][0m missed execution at Tue Sep 29 2026 19:49:00 GMT+0530 (India Standard Time)! Possible blocking IO or high CPU user at the same process used by node-cron.
[2026-09-29T15:44:51.275Z] [PID: 260] [32m[NODE-CRON][32m [33m[WARN][0m missed execution at Tue Sep 29 2026 19:50:00 GMT+0530 (India Standard Time)! Possible blocking IO or high CPU user at the same process used by node-cron.
[2026-09-29T15:44:51.280Z] [PID: 260] [32m[NODE-CRON][32m [33m[WARN][0m missed execution at Tue Sep 29 2026 19:51:00 GMT+0530 (India Standard Time)! Possible blocking IO or high CPU user at the same process used by node-cron.
[2026-09-29T15:44:51.285Z] [PID: 260] [32m[NODE-CRON][32m [33m[WARN][0m missed execution at Tue Sep 29 2026 19:52:00 GMT+0530 (India Standard Time)! Possible blocking IO or high CPU user at the same process used by node-cron.
[2026-09-29T15:44:51.295Z] [PID: 260] [32m[NODE-CRON][32m [33m[WARN][0m missed execution at Tue Sep 29 2026 19:53:00 GMT+0530 (India Standard Time)! Possible blocking IO or high CPU user at the same process used by node-cron.
[2026-09-29T15:44:51.299Z] [PID: 260] [32m[NODE-CRON][32m [33m[WARN][0m missed execution at Tue Sep 29 2026 19:54:00 GMT+0530 (India Standard Time)! Possible blocking IO or high CPU user at the same process used by node-cron.
[2026-09-29T15:44:51.304Z] [PID: 260] [32m[NODE-CRON][32m [33m[WARN][0m missed execution at Tue Sep 29 2026 19:55:00 GMT+0530 (India Standard Time)! Possible blocking IO or high CPU user at the same process used by node-cron.
[2026-09-29T15:44:51.309Z] [PID: 260] [32m[NODE-CRON][32m [33m[WARN][0m missed execution at Tue Sep 29 2026 19:56:00 GMT+0530 (India Standard Time)! Possible blocking IO or high CPU user at the same process used by node-cron.
[2026-09-29T15:44:51.314Z] [PID: 260] [32m[NODE-CRON][32m [33m[WARN][0m missed execution at Tue Sep 29 2026 19:57:00 GMT+0530 (India Standard Time)! Possible blocking IO or high CPU user at the same process used by node-cron.
[2026-09-29T15:44:51.319Z] [PID: 260] [32m[NODE-CRON][32m [33m[WARN][0m missed execution at Tue Sep 29 2026 19:58:00 GMT+0530 (India Standard Time)! Possible blocking IO or high CPU user at the same process used by node-cron.
[2026-09-29T15:44:51.323Z] [PID: 260] [32m[NODE-CRON][32m [33m[WARN][0m missed execution at Tue Sep 29 2026 19:59:00 GMT+0530 (India Standard Time)! Possible blocking IO or high CPU user at the same process used by node-cron.
[2026-09-29T15:44:51.329Z] [PID: 260] [32m[NODE-CRON][32m [33m[WARN][0m missed execution at Tue Sep 29 2026 20:00:00 GMT+0530 (India Standard Time)! Possible blocking IO or high CPU user at the same process used by node-cron.
[2026-09-29T15:44:51.334Z] [PID: 260] [32m[NODE-CRON][32m [33m[WARN][0m missed execution at Tue Sep 29 2026 20:01:00 GMT+0530 (India Standard Time)! Possible blocking IO or high CPU user at the same process used by node-cron.
[2026-09-29T15:44:51.339Z] [PID: 260] [32m[NODE-CRON][32m [33m[WARN][0m missed execution at Tue Sep 29 2026 20:02:00 GMT+0530 (India Standard Time)! Possible blocking IO or high CPU user at the same process used by node-cron.
[2026-09-29T15:44:51.344Z] [PID: 260] [32m[NODE-CRON][32m [33m[WARN][0m missed execution at Tue Sep 29 2026 20:03:00 GMT+0530 (India Standard Time)! Possible blocking IO or high CPU user at the same process used by node-cron.
[2026-09-29T15:44:51.349Z] [PID: 260] [32m[NODE-CRON][32m [33m[WARN][0m missed execution at Tue Sep 29 2026 20:04:00 GMT+0530 (India Standard Time)! Possible blocking IO or high CPU user at the same process used by node-cron.
[2026-09-29T15:44:51.354Z] [PID: 260] [32m[NODE-CRON][32m [33m[WARN][0m missed execution at Tue Sep 29 2026 20:05:00 GMT+0530 (India Standard Time)! Possible blocking IO or high CPU user at the same process used by node-cron.
[2026-09-29T15:44:51.358Z] [PID: 260] [32m[NODE-CRON][32m [33m[WARN][0m missed execution at Tue Sep 29 2026 20:06:00 GMT+0530 (India Standard Time)! Possible blocking IO or high CPU user at the same process used by node-cron.
[2026-09-29T15:44:51.363Z] [PID: 260] [32m[NODE-CRON][32m [33m[WARN][0m missed execution at Tue Sep 29 2026 20:07:00 GMT+0530 (India Standard Time)! Possible blocking IO or high CPU user at the same process used by node-cron.
[2026-09-29T15:44:51.369Z] [PID: 260] [32m[NODE-CRON][32m [33m[WARN][0m missed execution at Tue Sep 29 2026 20:08:00 GMT+0530 (India Standard Time)! Possible blocking IO or high CPU user at the same process used by node-cron.
[2026-09-29T15:44:51.374Z] [PID: 260] [32m[NODE-CRON][32m [33m[WARN][0m missed execution at Tue Sep 29 2026 20:09:00 GMT+0530 (India Standard Time)! Possible blocking IO or high CPU user at the same process used by node-cron.
[2026-09-29T15:44:51.379Z] [PID: 260] [32m[NODE-CRON][32m [33m[WARN][0m missed execution at Tue Sep 29 2026 20:10:00 GMT+0530 (India Standard Time)! Possible blocking IO or high CPU user at the same process used by node-cron.
[2026-09-29T15:44:51.384Z] [PID: 260] [32m[NODE-CRON][32m [33m[WARN][0m missed execution at Tue Sep 29 2026 20:11:00 GMT+0530 (India Standard Time)! Possible blocking IO or high CPU user at the same process used by node-cron.
[2026-09-29T15:44:51.396Z] [PID: 260] [32m[NODE-CRON][32m [33m[WARN][0m missed execution at Tue Sep 29 2026 20:12:00 GMT+0530 (India Standard Time)! Possible blocking IO or high CPU user at the same process used by node-cron.
[2026-09-29T15:44:51.400Z] [PID: 260] [32m[NODE-CRON][32m [33m[WARN][0m missed execution at Tue Sep 29 2026 20:13:00 GMT+0530 (India Standard Time)! Possible blocking IO or high CPU user at the same process used by node-cron.
[2026-09-29T15:44:51.405Z] [PID: 260] [32m[NODE-CRON][32m [33m[WARN][0m missed execution at Tue Sep 29 2026 20:14:00 GMT+0530 (India Standard Time)! Possible blocking IO or high CPU user at the same process used by node-cron.
[2026-09-29T15:44:51.408Z] [PID: 260] [32m[NODE-CRON][32m [33m[WARN][0m missed execution at Tue Sep 29 2026 20:15:00 GMT+0530 (India Standard Time)! Possible blocking IO or high CPU user at the same process used by node-cron.
[2026-09-29T15:44:51.414Z] [PID: 260] [32m[NODE-CRON][32m [33m[WARN][0m missed execution at Tue Sep 29 2026 20:16:00 GMT+0530 (India Standard Time)! Possible blocking IO or high CPU user at the same process used by node-cron.
[2026-09-29T15:44:51.417Z] [PID: 260] [32m[NODE-CRON][32m [33m[WARN][0m missed execution at Tue Sep 29 2026 20:17:00 GMT+0530 (India Standard Time)! Possible blocking IO or high CPU user at the same process used by node-cron.
[2026-09-29T15:44:51.421Z] [PID: 260] [32m[NODE-CRON][32m [33m[WARN][0m missed execution at Tue Sep 29 2026 20:18:00 GMT+0530 (India Standard Time)! Possible blocking IO or high CPU user at the same process used by node-cron.
[2026-09-29T15:44:51.425Z] [PID: 260] [32m[NODE-CRON][32m [33m[WARN][0m missed execution at Tue Sep 29 2026 20:19:00 GMT+0530 (India Standard Time)! Possible blocking IO or high CPU user at the same process used by node-cron.
[2026-09-29T15:44:51.430Z] [PID: 260] [32m[NODE-CRON][32m [33m[WARN][0m missed execution at Tue Sep 29 2026 20:20:00 GMT+0530 (India Standard Time)! Possible blocking IO or high CPU user at the same process used by node-cron.
[2026-09-29T15:44:51.434Z] [PID: 260] [32m[NODE-CRON][32m [33m[WARN][0m missed execution at Tue Sep 29 2026 20:21:00 GMT+0530 (India Standard Time)! Possible blocking IO or high CPU user at the same process used by node-cron.
[2026-09-29T15:44:51.438Z] [PID: 260] [32m[NODE-CRON][32m [33m[WARN][0m missed execution at Tue Sep 29 2026 20:22:00 GMT+0530 (India Standard Time)! Possible blocking IO or high CPU user at the same process used by node-cron.
[2026-09-29T15:44:51.443Z] [PID: 260] [32m[NODE-CRON][32m [33m[WARN][0m missed execution at Tue Sep 29 2026 20:23:00 GMT+0530 (India Standard Time)! Possible blocking IO or high CPU user at the same process used by node-cron.
[2026-09-29T15:44:51.448Z] [PID: 260] [32m[NODE-CRON][32m [33m[WARN][0m missed execution at Tue Sep 29 2026 20:24:00 GMT+0530 (India Standard Time)! Possible blocking IO or high CPU user at the same process used by node-cron.
[2026-09-29T15:44:51.452Z] [PID: 260] [32m[NODE-CRON][32m [33m[WARN][0m missed execution at Tue Sep 29 2026 20:25:00 GMT+0530 (India Standard Time)! Possible blocking IO or high CPU user at the same process used by node-cron.
[2026-09-29T15:44:51.457Z] [PID: 260] [32m[NODE-CRON][32m [33m[WARN][0m missed execution at Tue Sep 29 2026 20:26:00 GMT+0530 (India Standard Time)! Possible blocking IO or high CPU user at the same process used by node-cron.
[2026-09-29T15:44:51.461Z] [PID: 260] [32m[NODE-CRON][32m [33m[WARN][0m missed execution at Tue Sep 29 2026 20:27:00 GMT+0530 (India Standard Time)! Possible blocking IO or high CPU user at the same process used by node-cron.
[2026-09-29T15:44:51.465Z] [PID: 260] [32m[NODE-CRON][32m [33m[WARN][0m missed execution at Tue Sep 29 2026 20:28:00 GMT+0530 (India Standard Time)! Possible blocking IO or high CPU user at the same process used by node-cron.
[2026-09-29T15:44:51.469Z] [PID: 260] [32m[NODE-CRON][32m [33m[WARN][0m missed execution at Tue Sep 29 2026 20:29:00 GMT+0530 (India Standard Time)! Possible blocking IO or high CPU user at the same process used by node-cron.
[2026-09-29T15:44:51.473Z] [PID: 260] [32m[NODE-CRON][32m [33m[WARN][0m missed execution at Tue Sep 29 2026 20:30:00 GMT+0530 (India Standard Time)! Possible blocking IO or high CPU user at the same process used by node-cron.
[2026-09-29T15:44:51.497Z] [PID: 260] [32m[NODE-CRON][32m [33m[WARN][0m missed execution at Tue Sep 29 2026 20:31:00 GMT+0530 (India Standard Time)! Possible blocking IO or high CPU user at the same process used by node-cron.
[2026-09-29T15:44:51.507Z] [PID: 260] [32m[NODE-CRON][32m [33m[WARN][0m missed execution at Tue Sep 29 2026 20:32:00 GMT+0530 (India Standard Time)! Possible blocking IO or high CPU user at the same process used by node-cron.
[2026-09-29T15:44:51.511Z] [PID: 260] [32m[NODE-CRON][32m [33m[WARN][0m missed execution at Tue Sep 29 2026 20:33:00 GMT+0530 (India Standard Time)! Possible blocking IO or high CPU user at the same process used by node-cron.
[2026-09-29T15:44:51.517Z] [PID: 260] [32m[NODE-CRON][32m [33m[WARN][0m missed execution at Tue Sep 29 2026 20:34:00 GMT+0530 (India Standard Time)! Possible blocking IO or high CPU user at the same process used by node-cron.
[2026-09-29T15:44:51.521Z] [PID: 260] [32m[NODE-CRON][32m [33m[WARN][0m missed execution at Tue Sep 29 2026 20:35:00 GMT+0530 (India Standard Time)! Possible blocking IO or high CPU user at the same process used by node-cron.
[2026-09-29T15:44:51.526Z] [PID: 260] [32m[NODE-CRON][32m [33m[WARN][0m missed execution at Tue Sep 29 2026 20:36:00 GMT+0530 (India Standard Time)! Possible blocking IO or high CPU user at the same process used by node-cron.
[2026-09-29T15:44:51.531Z] [PID: 260] [32m[NODE-CRON][32m [33m[WARN][0m missed execution at Tue Sep 29 2026 20:37:00 GMT+0530 (India Standard Time)! Possible blocking IO or high CPU user at the same process used by node-cron.
[2026-09-29T15:44:51.536Z] [PID: 260] [32m[NODE-CRON][32m [33m[WARN][0m missed execution at Tue Sep 29 2026 20:38:00 GMT+0530 (India Standard Time)! Possible blocking IO or high CPU user at the same process used by node-cron.
[2026-09-29T15:44:51.540Z] [PID: 260] [32m[NODE-CRON][32m [33m[WARN][0m missed execution at Tue Sep 29 2026 20:39:00 GMT+0530 (India Standard Time)! Possible blocking IO or high CPU user at the same process used by node-cron.
[2026-09-29T15:44:51.544Z] [PID: 260] [32m[NODE-CRON][32m [33m[WARN][0m missed execution at Tue Sep 29 2026 20:40:00 GMT+0530 (India Standard Time)! Possible blocking IO or high CPU user at the same process used by node-cron.
[2026-09-29T15:44:51.549Z] [PID: 260] [32m[NODE-CRON][32m [33m[WARN][0m missed execution at Tue Sep 29 2026 20:41:00 GMT+0530 (India Standard Time)! Possible blocking IO or high CPU user at the same process used by node-cron.
[2026-09-29T15:44:51.554Z] [PID: 260] [32m[NODE-CRON][32m [33m[WARN][0m missed execution at Tue Sep 29 2026 20:42:00 GMT+0530 (India Standard Time)! Possible blocking IO or high CPU user at the same process used by node-cron.
[2026-09-29T15:44:51.559Z] [PID: 260] [32m[NODE-CRON][32m [33m[WARN][0m missed execution at Tue Sep 29 2026 20:43:00 GMT+0530 (India Standard Time)! Possible blocking IO or high CPU user at the same process used by node-cron.
[2026-09-29T15:44:51.564Z] [PID: 260] [32m[NODE-CRON][32m [33m[WARN][0m missed execution at Tue Sep 29 2026 20:44:00 GMT+0530 (India Standard Time)! Possible blocking IO or high CPU user at the same process used by node-cron.
[2026-09-29T15:44:51.569Z] [PID: 260] [32m[NODE-CRON][32m [33m[WARN][0m missed execution at Tue Sep 29 2026 20:45:00 GMT+0530 (India Standard Time)! Possible blocking IO or high CPU user at the same process used by node-cron.
[2026-09-29T15:44:51.573Z] [PID: 260] [32m[NODE-CRON][32m [33m[WARN][0m missed execution at Tue Sep 29 2026 20:46:00 GMT+0530 (India Standard Time)! Possible blocking IO or high CPU user at the same process used by node-cron.
[2026-09-29T15:44:51.578Z] [PID: 260] [32m[NODE-CRON][32m [33m[WARN][0m missed execution at Tue Sep 29 2026 20:47:00 GMT+0530 (India Standard Time)! Possible blocking IO or high CPU user at the same process used by node-cron.
[2026-09-29T15:44:51.583Z] [PID: 260] [32m[NODE-CRON][32m [33m[WARN][0m missed execution at Tue Sep 29 2026 20:48:00 GMT+0530 (India Standard Time)! Possible blocking IO or high CPU user at the same process used by node-cron.
[2026-09-29T15:44:51.587Z] [PID: 260] [32m[NODE-CRON][32m [33m[WARN][0m missed execution at Tue Sep 29 2026 20:49:00 GMT+0530 (India Standard Time)! Possible blocking IO or high CPU user at the same process used by node-cron.
[2026-09-29T15:44:51.593Z] [PID: 260] [32m[NODE-CRON][32m [33m[WARN][0m missed execution at Tue Sep 29 2026 20:50:00 GMT+0530 (India Standard Time)! Possible blocking IO or high CPU user at the same process used by node-cron.
[2026-09-29T15:44:51.628Z] [PID: 260] [32m[NODE-CRON][32m [33m[WARN][0m missed execution at Tue Sep 29 2026 20:51:00 GMT+0530 (India Standard Time)! Possible blocking IO or high CPU user at the same process used by node-cron.
[2026-09-29T15:44:51.652Z] [PID: 260] [32m[NODE-CRON][32m [33m[WARN][0m missed execution at Tue Sep 29 2026 20:52:00 GMT+0530 (India Standard Time)! Possible blocking IO or high CPU user at the same process used by node-cron.
[2026-09-29T15:44:51.657Z] [PID: 260] [32m[NODE-CRON][32m [33m[WARN][0m missed execution at Tue Sep 29 2026 20:53:00 GMT+0530 (India Standard Time)! Possible blocking IO or high CPU user at the same process used by node-cron.
[2026-09-29T15:44:51.662Z] [PID: 260] [32m[NODE-CRON][32m [33m[WARN][0m missed execution at Tue Sep 29 2026 20:54:00 GMT+0530 (India Standard Time)! Possible blocking IO or high CPU user at the same process used by node-cron.
[2026-09-29T15:44:51.666Z] [PID: 260] [32m[NODE-CRON][32m [33m[WARN][0m missed execution at Tue Sep 29 2026 20:55:00 GMT+0530 (India Standard Time)! Possible blocking IO or high CPU user at the same process used by node-cron.
[2026-09-29T15:44:51.671Z] [PID: 260] [32m[NODE-CRON][32m [33m[WARN][0m missed execution at Tue Sep 29 2026 20:56:00 GMT+0530 (India Standard Time)! Possible blocking IO or high CPU user at the same process used by node-cron.
[2026-09-29T15:44:51.679Z] [PID: 260] [32m[NODE-CRON][32m [33m[WARN][0m missed execution at Tue Sep 29 2026 20:57:00 GMT+0530 (India Standard Time)! Possible blocking IO or high CPU user at the same process used by node-cron.
[2026-09-29T15:44:51.686Z] [PID: 260] [32m[NODE-CRON][32m [33m[WARN][0m missed execution at Tue Sep 29 2026 20:58:00 GMT+0530 (India Standard Time)! Possible blocking IO or high CPU user at the same process used by node-cron.
[2026-09-29T15:44:51.691Z] [PID: 260] [32m[NODE-CRON][32m [33m[WARN][0m missed execution at Tue Sep 29 2026 20:59:00 GMT+0530 (India Standard Time)! Possible blocking IO or high CPU user at the same process used by node-cron.
[2026-09-29T15:44:51.697Z] [PID: 260] [32m[NODE-CRON][32m [33m[WARN][0m missed execution at Tue Sep 29 2026 21:00:00 GMT+0530 (India Standard Time)! Possible blocking IO or high CPU user at the same process used by node-cron.
[2026-09-29T15:44:51.702Z] [PID: 260] [32m[NODE-CRON][32m [33m[WARN][0m missed execution at Tue Sep 29 2026 21:01:00 GMT+0530 (India Standard Time)! Possible blocking IO or high CPU user at the same process used by node-cron.
[2026-09-29T15:44:51.710Z] [PID: 260] [32m[NODE-CRON][32m [33m[WARN][0m missed execution at Tue Sep 29 2026 21:02:00 GMT+0530 (India Standard Time)! Possible blocking IO or high CPU user at the same process used by node-cron.
[2026-09-29T15:44:51.717Z] [PID: 260] [32m[NODE-CRON][32m [33m[WARN][0m missed execution at Tue Sep 29 2026 21:03:00 GMT+0530 (India Standard Time)! Possible blocking IO or high CPU user at the same process used by node-cron.
[2026-09-29T15:44:51.722Z] [PID: 260] [32m[NODE-CRON][32m [33m[WARN][0m missed execution at Tue Sep 29 2026 21:04:00 GMT+0530 (India Standard Time)! Possible blocking IO or high CPU user at the same process used by node-cron.
[2026-09-29T15:44:51.727Z] [PID: 260] [32m[NODE-CRON][32m [33m[WARN][0m missed execution at Tue Sep 29 2026 21:05:00 GMT+0530 (India Standard Time)! Possible blocking IO or high CPU user at the same process used by node-cron.
[2026-09-29T15:44:51.733Z] [PID: 260] [32m[NODE-CRON][32m [33m[WARN][0m missed execution at Tue Sep 29 2026 21:06:00 GMT+0530 (India Standard Time)! Possible blocking IO or high CPU user at the same process used by node-cron.
[2026-09-29T15:44:51.739Z] [PID: 260] [32m[NODE-CRON][32m [33m[WARN][0m missed execution at Tue Sep 29 2026 21:07:00 GMT+0530 (India Standard Time)! Possible blocking IO or high CPU user at the same process used by node-cron.
[2026-09-29T15:44:51.746Z] [PID: 260] [32m[NODE-CRON][32m [33m[WARN][0m missed execution at Tue Sep 29 2026 21:08:00 GMT+0530 (India Standard Time)! Possible blocking IO or high CPU user at the same process used by node-cron.
[2026-09-29T15:44:51.752Z] [PID: 260] [32m[NODE-CRON][32m [33m[WARN][0m missed execution at Tue Sep 29 2026 21:09:00 GMT+0530 (India Standard Time)! Possible blocking IO or high CPU user at the same process used by node-cron.
[2026-09-29T15:44:51.764Z] [PID: 260] [32m[NODE-CRON][32m [33m[WARN][0m missed execution at Tue Sep 29 2026 21:10:00 GMT+0530 (India Standard Time)! Possible blocking IO or high CPU user at the same process used by node-cron.
[2026-09-29T15:44:51.769Z] [PID: 260] [32m[NODE-CRON][32m [33m[WARN][0m missed execution at Tue Sep 29 2026 21:11:00 GMT+0530 (India Standard Time)! Possible blocking IO or high CPU user at the same process used by node-cron.
[2026-09-29T15:44:51.774Z] [PID: 260] [32m[NODE-CRON][32m [33m[WARN][0m missed execution at Tue Sep 29 2026 21:12:00 GMT+0530 (India Standard Time)! Possible blocking IO or high CPU user at the same process used by node-cron.
[2026-09-29T15:44:51.779Z] [PID: 260] [32m[NODE-CRON][32m [33m[WARN][0m missed execution at Tue Sep 29 2026 21:13:00 GMT+0530 (India Standard Time)! Possible blocking IO or high CPU user at the same process used by node-cron.
[2026-09-29T15:44:51.783Z] [PID: 260] [32m[NODE-CRON][32m [33m[WARN][0m missed execution at Tue Sep 29 2026 21:14:00 GMT+0530 (India Standard Time)! Possible blocking IO or high CPU user at the same process used by node-cron.
[2026-09-29T15:44:51.795Z] [PID: 260] [32m[NODE-CRON][32m [33m[WARN][0m missed execution at Tue Sep 29 2026 18:15:00 GMT+0530 (India Standard Time)! Possible blocking IO or high CPU user at the same process used by node-cron.
[2026-09-29T15:44:51.800Z] [PID: 260] [32m[NODE-CRON][32m [33m[WARN][0m missed execution at Tue Sep 29 2026 18:16:00 GMT+0530 (India Standard Time)! Possible blocking IO or high CPU user at the same process used by node-cron.
[2026-09-29T15:44:51.805Z] [PID: 260] [32m[NODE-CRON][32m [33m[WARN][0m missed execution at Tue Sep 29 2026 18:17:00 GMT+0530 (India Standard Time)! Possible blocking IO or high CPU user at the same process used by node-cron.
[2026-09-29T15:44:51.810Z] [PID: 260] [32m[NODE-CRON][32m [33m[WARN][0m missed execution at Tue Sep 29 2026 18:18:00 GMT+0530 (India Standard Time)! Possible blocking IO or high CPU user at the same process used by node-cron.
[2026-09-29T15:44:51.816Z] [PID: 260] [32m[NODE-CRON][32m [33m[WARN][0m missed execution at Tue Sep 29 2026 18:19:00 GMT+0530 (India Standard Time)! Possible blocking IO or high CPU user at the same process used by node-cron.
[2026-09-29T15:44:51.820Z] [PID: 260] [32m[NODE-CRON][32m [33m[WARN][0m missed execution at Tue Sep 29 2026 18:20:00 GMT+0530 (India Standard Time)! Possible blocking IO or high CPU user at the same process used by node-cron.
[2026-09-29T15:44:51.826Z] [PID: 260] [32m[NODE-CRON][32m [33m[WARN][0m missed execution at Tue Sep 29 2026 18:21:00 GMT+0530 (India Standard Time)! Possible blocking IO or high CPU user at the same process used by node-cron.
[2026-09-29T15:44:51.831Z] [PID: 260] [32m[NODE-CRON][32m [33m[WARN][0m missed execution at Tue Sep 29 2026 18:22:00 GMT+0530 (India Standard Time)! Possible blocking IO or high CPU user at the same process used by node-cron.
[2026-09-29T15:44:51.836Z] [PID: 260] [32m[NODE-CRON][32m [33m[WARN][0m missed execution at Tue Sep 29 2026 18:23:00 GMT+0530 (India Standard Time)! Possible blocking IO or high CPU user at the same process used by node-cron.
[2026-09-29T15:44:51.840Z] [PID: 260] [32m[NODE-CRON][32m [33m[WARN][0m missed execution at Tue Sep 29 2026 18:24:00 GMT+0530 (India Standard Time)! Possible blocking IO or high CPU user at the same process used by node-cron.
[2026-09-29T15:44:51.845Z] [PID: 260] [32m[NODE-CRON][32m [33m[WARN][0m missed execution at Tue Sep 29 2026 18:25:00 GMT+0530 (India Standard Time)! Possible blocking IO or high CPU user at the same process used by node-cron.
[2026-09-29T15:44:51.853Z] [PID: 260] [32m[NODE-CRON][32m [33m[WARN][0m missed execution at Tue Sep 29 2026 18:26:00 GMT+0530 (India Standard Time)! Possible blocking IO or high CPU user at the same process used by node-cron.
[2026-09-29T15:44:51.858Z] [PID: 260] [32m[NODE-CRON][32m [33m[WARN][0m missed execution at Tue Sep 29 2026 18:27:00 GMT+0530 (India Standard Time)! Possible blocking IO or high CPU user at the same process used by node-cron.
[2026-09-29T15:44:51.867Z] [PID: 260] [32m[NODE-CRON][32m [33m[WARN][0m missed execution at Tue Sep 29 2026 18:28:00 GMT+0530 (India Standard Time)! Possible blocking IO or high CPU user at the same process used by node-cron.
[2026-09-29T15:44:51.871Z] [PID: 260] [32m[NODE-CRON][32m [33m[WARN][0m missed execution at Tue Sep 29 2026 18:29:00 GMT+0530 (India Standard Time)! Possible blocking IO or high CPU user at the same process used by node-cron.
[2026-09-29T15:44:51.876Z] [PID: 260] [32m[NODE-CRON][32m [33m[WARN][0m missed execution at Tue Sep 29 2026 18:30:00 GMT+0530 (India Standard Time)! Possible blocking IO or high CPU user at the same process used by node-cron.
[2026-09-29T15:44:51.880Z] [PID: 260] [32m[NODE-CRON][32m [33m[WARN][0m missed execution at Tue Sep 29 2026 18:31:00 GMT+0530 (India Standard Time)! Possible blocking IO or high CPU user at the same process used by node-cron.
[2026-09-29T15:44:51.883Z] [PID: 260] [32m[NODE-CRON][32m [33m[WARN][0m missed execution at Tue Sep 29 2026 18:32:00 GMT+0530 (India Standard Time)! Possible blocking IO or high CPU user at the same process used by node-cron.
[2026-09-29T15:44:51.888Z] [PID: 260] [32m[NODE-CRON][32m [33m[WARN][0m missed execution at Tue Sep 29 2026 18:33:00 GMT+0530 (India Standard Time)! Possible blocking IO or high CPU user at the same process used by node-cron.
[2026-09-29T15:44:51.893Z] [PID: 260] [32m[NODE-CRON][32m [33m[WARN][0m missed execution at Tue Sep 29 2026 18:34:00 GMT+0530 (India Standard Time)! Possible blocking IO or high CPU user at the same process used by node-cron.
[2026-09-29T15:44:51.898Z] [PID: 260] [32m[NODE-CRON][32m [33m[WARN][0m missed execution at Tue Sep 29 2026 18:35:00 GMT+0530 (India Standard Time)! Possible blocking IO or high CPU user at the same process used by node-cron.
[2026-09-29T15:44:51.906Z] [PID: 260] [32m[NODE-CRON][32m [33m[WARN][0m missed execution at Tue Sep 29 2026 18:36:00 GMT+0530 (India Standard Time)! Possible blocking IO or high CPU user at the same process used by node-cron.
[2026-09-29T15:44:51.911Z] [PID: 260] [32m[NODE-CRON][32m [33m[WARN][0m missed execution at Tue Sep 29 2026 18:37:00 GMT+0530 (India Standard Time)! Possible blocking IO or high CPU user at the same process used by node-cron.
[2026-09-29T15:44:51.915Z] [PID: 260] [32m[NODE-CRON][32m [33m[WARN][0m missed execution at Tue Sep 29 2026 18:38:00 GMT+0530 (India Standard Time)! Possible blocking IO or high CPU user at the same process used by node-cron.
[2026-09-29T15:44:51.920Z] [PID: 260] [32m[NODE-CRON][32m [33m[WARN][0m missed execution at Tue Sep 29 2026 18:39:00 GMT+0530 (India Standard Time)! Possible blocking IO or high CPU user at the same process used by node-cron.
[2026-09-29T15:44:51.924Z] [PID: 260] [32m[NODE-CRON][32m [33m[WARN][0m missed execution at Tue Sep 29 2026 18:40:00 GMT+0530 (India Standard Time)! Possible blocking IO or high CPU user at the same process used by node-cron.
[2026-09-29T15:44:51.930Z] [PID: 260] [32m[NODE-CRON][32m [33m[WARN][0m missed execution at Tue Sep 29 2026 18:41:00 GMT+0530 (India Standard Time)! Possible blocking IO or high CPU user at the same process used by node-cron.
[2026-09-29T15:44:51.935Z] [PID: 260] [32m[NODE-CRON][32m [33m[WARN][0m missed execution at Tue Sep 29 2026 18:42:00 GMT+0530 (India Standard Time)! Possible blocking IO or high CPU user at the same process used by node-cron.
[2026-09-29T15:44:51.941Z] [PID: 260] [32m[NODE-CRON][32m [33m[WARN][0m missed execution at Tue Sep 29 2026 18:43:00 GMT+0530 (India Standard Time)! Possible blocking IO or high CPU user at the same process used by node-cron.
[2026-09-29T15:44:51.948Z] [PID: 260] [32m[NODE-CRON][32m [33m[WARN][0m missed execution at Tue Sep 29 2026 18:44:00 GMT+0530 (India Standard Time)! Possible blocking IO or high CPU user at the same process used by node-cron.
[2026-09-29T15:44:51.954Z] [PID: 260] [32m[NODE-CRON][32m [33m[WARN][0m missed execution at Tue Sep 29 2026 18:45:00 GMT+0530 (India Standard Time)! Possible blocking IO or high CPU user at the same process used by node-cron.
[2026-09-29T15:44:51.962Z] [PID: 260] [32m[NODE-CRON][32m [33m[WARN][0m missed execution at Tue Sep 29 2026 18:46:00 GMT+0530 (India Standard Time)! Possible blocking IO or high CPU user at the same process used by node-cron.
[2026-09-29T15:44:51.971Z] [PID: 260] [32m[NODE-CRON][32m [33m[WARN][0m missed execution at Tue Sep 29 2026 18:47:00 GMT+0530 (India Standard Time)! Possible blocking IO or high CPU user at the same process used by node-cron.
[2026-09-29T15:44:51.976Z] [PID: 260] [32m[NODE-CRON][32m [33m[WARN][0m missed execution at Tue Sep 29 2026 18:48:00 GMT+0530 (India Standard Time)! Possible blocking IO or high CPU user at the same process used by node-cron.
[2026-09-29T15:44:51.980Z] [PID: 260] [32m[NODE-CRON][32m [33m[WARN][0m missed execution at Tue Sep 29 2026 18:49:00 GMT+0530 (India Standard Time)! Possible blocking IO or high CPU user at the same process used by node-cron.
[2026-09-29T15:44:51.985Z] [PID: 260] [32m[NODE-CRON][32m [33m[WARN][0m missed execution at Tue Sep 29 2026 18:50:00 GMT+0530 (India Standard Time)! Possible blocking IO or high CPU user at the same process used by node-cron.
[2026-09-29T15:44:51.996Z] [PID: 260] [32m[NODE-CRON][32m [33m[WARN][0m missed execution at Tue Sep 29 2026 18:51:00 GMT+0530 (India Standard Time)! Possible blocking IO or high CPU user at the same process used by node-cron.
[2026-09-29T15:44:52.002Z] [PID: 260] [32m[NODE-CRON][32m [33m[WARN][0m missed execution at Tue Sep 29 2026 18:52:00 GMT+0530 (India Standard Time)! Possible blocking IO or high CPU user at the same process used by node-cron.
[2026-09-29T15:44:52.011Z] [PID: 260] [32m[NODE-CRON][32m [33m[WARN][0m missed execution at Tue Sep 29 2026 18:53:00 GMT+0530 (India Standard Time)! Possible blocking IO or high CPU user at the same process used by node-cron.
[2026-09-29T15:44:52.020Z] [PID: 260] [32m[NODE-CRON][32m [33m[WARN][0m missed execution at Tue Sep 29 2026 18:54:00 GMT+0530 (India Standard Time)! Possible blocking IO or high CPU user at the same process used by node-cron.
[2026-09-29T15:44:52.025Z] [PID: 260] [32m[NODE-CRON][32m [33m[WARN][0m missed execution at Tue Sep 29 2026 18:55:00 GMT+0530 (India Standard Time)! Possible blocking IO or high CPU user at the same process used by node-cron.
[2026-09-29T15:44:52.030Z] [PID: 260] [32m[NODE-CRON][32m [33m[WARN][0m missed execution at Tue Sep 29 2026 18:56:00 GMT+0530 (India Standard Time)! Possible blocking IO or high CPU user at the same process used by node-cron.
[2026-09-29T15:44:52.036Z] [PID: 260] [32m[NODE-CRON][32m [33m[WARN][0m missed execution at Tue Sep 29 2026 18:57:00 GMT+0530 (India Standard Time)! Possible blocking IO or high CPU user at the same process used by node-cron.
[2026-09-29T15:44:52.043Z] [PID: 260] [32m[NODE-CRON][32m [33m[WARN][0m missed execution at Tue Sep 29 2026 18:58:00 GMT+0530 (India Standard Time)! Possible blocking IO or high CPU user at the same process used by node-cron.
[2026-09-29T15:44:52.050Z] [PID: 260] [32m[NODE-CRON][32m [33m[WARN][0m missed execution at Tue Sep 29 2026 18:59:00 GMT+0530 (India Standard Time)! Possible blocking IO or high CPU user at the same process used by node-cron.
[2026-09-29T15:44:52.056Z] [PID: 260] [32m[NODE-CRON][32m [33m[WARN][0m missed execution at Tue Sep 29 2026 19:00:00 GMT+0530 (India Standard Time)! Possible blocking IO or high CPU user at the same process used by node-cron.
[2026-09-29T15:44:52.060Z] [PID: 260] [32m[NODE-CRON][32m [33m[WARN][0m missed execution at Tue Sep 29 2026 19:01:00 GMT+0530 (India Standard Time)! Possible blocking IO or high CPU user at the same process used by node-cron.
[2026-09-29T15:44:52.066Z] [PID: 260] [32m[NODE-CRON][32m [33m[WARN][0m missed execution at Tue Sep 29 2026 19:02:00 GMT+0530 (India Standard Time)! Possible blocking IO or high CPU user at the same process used by node-cron.
[2026-09-29T15:44:52.070Z] [PID: 260] [32m[NODE-CRON][32m [33m[WARN][0m missed execution at Tue Sep 29 2026 19:03:00 GMT+0530 (India Standard Time)! Possible blocking IO or high CPU user at the same process used by node-cron.
[2026-09-29T15:44:52.075Z] [PID: 260] [32m[NODE-CRON][32m [33m[WARN][0m missed execution at Tue Sep 29 2026 19:04:00 GMT+0530 (India Standard Time)! Possible blocking IO or high CPU user at the same process used by node-cron.
[2026-09-29T15:44:52.081Z] [PID: 260] [32m[NODE-CRON][32m [33m[WARN][0m missed execution at Tue Sep 29 2026 19:05:00 GMT+0530 (India Standard Time)! Possible blocking IO or high CPU user at the same process used by node-cron.
[2026-09-29T15:44:52.092Z] [PID: 260] [32m[NODE-CRON][32m [33m[WARN][0m missed execution at Tue Sep 29 2026 19:06:00 GMT+0530 (India Standard Time)! Possible blocking IO or high CPU user at the same process used by node-cron.
[2026-09-29T15:44:52.097Z] [PID: 260] [32m[NODE-CRON][32m [33m[WARN][0m missed execution at Tue Sep 29 2026 19:07:00 GMT+0530 (India Standard Time)! Possible blocking IO or high CPU user at the same process used by node-cron.
[2026-09-29T15:44:52.102Z] [PID: 260] [32m[NODE-CRON][32m [33m[WARN][0m missed execution at Tue Sep 29 2026 19:08:00 GMT+0530 (India Standard Time)! Possible blocking IO or high CPU user at the same process used by node-cron.
[2026-09-29T15:44:52.107Z] [PID: 260] [32m[NODE-CRON][32m [33m[WARN][0m missed execution at Tue Sep 29 2026 19:09:00 GMT+0530 (India Standard Time)! Possible blocking IO or high CPU user at the same process used by node-cron.
[2026-09-29T15:44:52.112Z] [PID: 260] [32m[NODE-CRON][32m [33m[WARN][0m missed execution at Tue Sep 29 2026 19:10:00 GMT+0530 (India Standard Time)! Possible blocking IO or high CPU user at the same process used by node-cron.
[2026-09-29T15:44:52.116Z] [PID: 260] [32m[NODE-CRON][32m [33m[WARN][0m missed execution at Tue Sep 29 2026 19:11:00 GMT+0530 (India Standard Time)! Possible blocking IO or high CPU user at the same process used by node-cron.
[2026-09-29T15:44:52.121Z] [PID: 260] [32m[NODE-CRON][32m [33m[WARN][0m missed execution at Tue Sep 29 2026 19:12:00 GMT+0530 (India Standard Time)! Possible blocking IO or high CPU user at the same process used by node-cron.
[2026-09-29T15:44:52.125Z] [PID: 260] [32m[NODE-CRON][32m [33m[WARN][0m missed execution at Tue Sep 29 2026 19:13:00 GMT+0530 (India Standard Time)! Possible blocking IO or high CPU user at the same process used by node-cron.
[2026-09-29T15:44:52.130Z] [PID: 260] [32m[NODE-CRON][32m [33m[WARN][0m missed execution at Tue Sep 29 2026 19:14:00 GMT+0530 (India Standard Time)! Possible blocking IO or high CPU user at the same process used by node-cron.
[2026-09-29T15:44:52.135Z] [PID: 260] [32m[NODE-CRON][32m [33m[WARN][0m missed execution at Tue Sep 29 2026 19:15:00 GMT+0530 (India Standard Time)! Possible blocking IO or high CPU user at the same process used by node-cron.
[2026-09-29T15:44:52.139Z] [PID: 260] [32m[NODE-CRON][32m [33m[WARN][0m missed execution at Tue Sep 29 2026 19:16:00 GMT+0530 (India Standard Time)! Possible blocking IO or high CPU user at the same process used by node-cron.
[2026-09-29T15:44:52.144Z] [PID: 260] [32m[NODE-CRON][32m [33m[WARN][0m missed execution at Tue Sep 29 2026 19:17:00 GMT+0530 (India Standard Time)! Possible blocking IO or high CPU user at the same process used by node-cron.
[2026-09-29T15:44:52.149Z] [PID: 260] [32m[NODE-CRON][32m [33m[WARN][0m missed execution at Tue Sep 29 2026 19:18:00 GMT+0530 (India Standard Time)! Possible blocking IO or high CPU user at the same process used by node-cron.
[2026-09-29T15:44:52.154Z] [PID: 260] [32m[NODE-CRON][32m [33m[WARN][0m missed execution at Tue Sep 29 2026 19:19:00 GMT+0530 (India Standard Time)! Possible blocking IO or high CPU user at the same process used by node-cron.
[2026-09-29T15:44:52.159Z] [PID: 260] [32m[NODE-CRON][32m [33m[WARN][0m missed execution at Tue Sep 29 2026 19:20:00 GMT+0530 (India Standard Time)! Possible blocking IO or high CPU user at the same process used by node-cron.
[2026-09-29T15:44:52.164Z] [PID: 260] [32m[NODE-CRON][32m [33m[WARN][0m missed execution at Tue Sep 29 2026 19:21:00 GMT+0530 (India Standard Time)! Possible blocking IO or high CPU user at the same process used by node-cron.
[2026-09-29T15:44:52.169Z] [PID: 260] [32m[NODE-CRON][32m [33m[WARN][0m missed execution at Tue Sep 29 2026 19:22:00 GMT+0530 (India Standard Time)! Possible blocking IO or high CPU user at the same process used by node-cron.
[2026-09-29T15:44:52.174Z] [PID: 260] [32m[NODE-CRON][32m [33m[WARN][0m missed execution at Tue Sep 29 2026 19:23:00 GMT+0530 (India Standard Time)! Possible blocking IO or high CPU user at the same process used by node-cron.
[2026-09-29T15:44:52.182Z] [PID: 260] [32m[NODE-CRON][32m [33m[WARN][0m missed execution at Tue Sep 29 2026 19:24:00 GMT+0530 (India Standard Time)! Possible blocking IO or high CPU user at the same process used by node-cron.
[2026-09-29T15:44:52.194Z] [PID: 260] [32m[NODE-CRON][32m [33m[WARN][0m missed execution at Tue Sep 29 2026 19:25:00 GMT+0530 (India Standard Time)! Possible blocking IO or high CPU user at the same process used by node-cron.
[2026-09-29T15:44:52.203Z] [PID: 260] [32m[NODE-CRON][32m [33m[WARN][0m missed execution at Tue Sep 29 2026 19:26:00 GMT+0530 (India Standard Time)! Possible blocking IO or high CPU user at the same process used by node-cron.
[2026-09-29T15:44:52.210Z] [PID: 260] [32m[NODE-CRON][32m [33m[WARN][0m missed execution at Tue Sep 29 2026 19:27:00 GMT+0530 (India Standard Time)! Possible blocking IO or high CPU user at the same process used by node-cron.
[2026-09-29T15:44:52.215Z] [PID: 260] [32m[NODE-CRON][32m [33m[WARN][0m missed execution at Tue Sep 29 2026 19:28:00 GMT+0530 (India Standard Time)! Possible blocking IO or high CPU user at the same process used by node-cron.
[2026-09-29T15:44:52.220Z] [PID: 260] [32m[NODE-CRON][32m [33m[WARN][0m missed execution at Tue Sep 29 2026 19:29:00 GMT+0530 (India Standard Time)! Possible blocking IO or high CPU user at the same process used by node-cron.
[2026-09-29T15:44:52.225Z] [PID: 260] [32m[NODE-CRON][32m [33m[WARN][0m missed execution at Tue Sep 29 2026 19:30:00 GMT+0530 (India Standard Time)! Possible blocking IO or high CPU user at the same process used by node-cron.
[2026-09-29T15:44:52.230Z] [PID: 260] [32m[NODE-CRON][32m [33m[WARN][0m missed execution at Tue Sep 29 2026 19:31:00 GMT+0530 (India Standard Time)! Possible blocking IO or high CPU user at the same process used by node-cron.
[2026-09-29T15:44:52.234Z] [PID: 260] [32m[NODE-CRON][32m [33m[WARN][0m missed execution at Tue Sep 29 2026 19:32:00 GMT+0530 (India Standard Time)! Possible blocking IO or high CPU user at the same process used by node-cron.
[2026-09-29T15:44:52.238Z] [PID: 260] [32m[NODE-CRON][32m [33m[WARN][0m missed execution at Tue Sep 29 2026 19:33:00 GMT+0530 (India Standard Time)! Possible blocking IO or high CPU user at the same process used by node-cron.
[2026-09-29T15:44:52.243Z] [PID: 260] [32m[NODE-CRON][32m [33m[WARN][0m missed execution at Tue Sep 29 2026 19:34:00 GMT+0530 (India Standard Time)! Possible blocking IO or high CPU user at the same process used by node-cron.
[2026-09-29T15:44:52.248Z] [PID: 260] [32m[NODE-CRON][32m [33m[WARN][0m missed execution at Tue Sep 29 2026 19:35:00 GMT+0530 (India Standard Time)! Possible blocking IO or high CPU user at the same process used by node-cron.
[2026-09-29T15:44:52.254Z] [PID: 260] [32m[NODE-CRON][32m [33m[WARN][0m missed execution at Tue Sep 29 2026 19:36:00 GMT+0530 (India Standard Time)! Possible blocking IO or high CPU user at the same process used by node-cron.
[2026-09-29T15:44:52.259Z] [PID: 260] [32m[NODE-CRON][32m [33m[WARN][0m missed execution at Tue Sep 29 2026 19:37:00 GMT+0530 (India Standard Time)! Possible blocking IO or high CPU user at the same process used by node-cron.
[2026-09-29T15:44:52.264Z] [PID: 260] [32m[NODE-CRON][32m [33m[WARN][0m missed execution at Tue Sep 29 2026 19:38:00 GMT+0530 (India Standard Time)! Possible blocking IO or high CPU user at the same process used by node-cron.
[2026-09-29T15:44:52.269Z] [PID: 260] [32m[NODE-CRON][32m [33m[WARN][0m missed execution at Tue Sep 29 2026 19:39:00 GMT+0530 (India Standard Time)! Possible blocking IO or high CPU user at the same process used by node-cron.
[2026-09-29T15:44:52.275Z] [PID: 260] [32m[NODE-CRON][32m [33m[WARN][0m missed execution at Tue Sep 29 2026 19:40:00 GMT+0530 (India Standard Time)! Possible blocking IO or high CPU user at the same process used by node-cron.
[2026-09-29T15:44:52.280Z] [PID: 260] [32m[NODE-CRON][32m [33m[WARN][0m missed execution at Tue Sep 29 2026 19:41:00 GMT+0530 (India Standard Time)! Possible blocking IO or high CPU user at the same process used by node-cron.
[2026-09-29T15:44:52.287Z] [PID: 260] [32m[NODE-CRON][32m [33m[WARN][0m missed execution at Tue Sep 29 2026 19:42:00 GMT+0530 (India Standard Time)! Possible blocking IO or high CPU user at the same process used by node-cron.
[2026-09-29T15:44:52.292Z] [PID: 260] [32m[NODE-CRON][32m [33m[WARN][0m missed execution at Tue Sep 29 2026 19:43:00 GMT+0530 (India Standard Time)! Possible blocking IO or high CPU user at the same process used by node-cron.
[2026-09-29T15:44:52.298Z] [PID: 260] [32m[NODE-CRON][32m [33m[WARN][0m missed execution at Tue Sep 29 2026 19:44:00 GMT+0530 (India Standard Time)! Possible blocking IO or high CPU user at the same process used by node-cron.
[2026-09-29T15:44:52.310Z] [PID: 260] [32m[NODE-CRON][32m [33m[WARN][0m missed execution at Tue Sep 29 2026 19:45:00 GMT+0530 (India Standard Time)! Possible blocking IO or high CPU user at the same process used by node-cron.
[2026-09-29T15:44:52.319Z] [PID: 260] [32m[NODE-CRON][32m [33m[WARN][0m missed execution at Tue Sep 29 2026 19:46:00 GMT+0530 (India Standard Time)! Possible blocking IO or high CPU user at the same process used by node-cron.
[2026-09-29T15:44:52.324Z] [PID: 260] [32m[NODE-CRON][32m [33m[WARN][0m missed execution at Tue Sep 29 2026 19:47:00 GMT+0530 (India Standard Time)! Possible blocking IO or high CPU user at the same process used by node-cron.
[2026-09-29T15:44:52.329Z] [PID: 260] [32m[NODE-CRON][32m [33m[WARN][0m missed execution at Tue Sep 29 2026 19:48:00 GMT+0530 (India Standard Time)! Possible blocking IO or high CPU user at the same process used by node-cron.
[2026-09-29T15:44:52.335Z] [PID: 260] [32m[NODE-CRON][32m [33m[WARN][0m missed execution at Tue Sep 29 2026 19:49:00 GMT+0530 (India Standard Time)! Possible blocking IO or high CPU user at the same process used by node-cron.
[2026-09-29T15:44:52.340Z] [PID: 260] [32m[NODE-CRON][32m [33m[WARN][0m missed execution at Tue Sep 29 2026 19:50:00 GMT+0530 (India Standard Time)! Possible blocking IO or high CPU user at the same process used by node-cron.
[2026-09-29T15:44:52.344Z] [PID: 260] [32m[NODE-CRON][32m [33m[WARN][0m missed execution at Tue Sep 29 2026 19:51:00 GMT+0530 (India Standard Time)! Possible blocking IO or high CPU user at the same process used by node-cron.
[2026-09-29T15:44:52.349Z] [PID: 260] [32m[NODE-CRON][32m [33m[WARN][0m missed execution at Tue Sep 29 2026 19:52:00 GMT+0530 (India Standard Time)! Possible blocking IO or high CPU user at the same process used by node-cron.
[2026-09-29T15:44:52.354Z] [PID: 260] [32m[NODE-CRON][32m [33m[WARN][0m missed execution at Tue Sep 29 2026 19:53:00 GMT+0530 (India Standard Time)! Possible blocking IO or high CPU user at the same process used by node-cron.
[2026-09-29T15:44:52.360Z] [PID: 260] [32m[NODE-CRON][32m [33m[WARN][0m missed execution at Tue Sep 29 2026 19:54:00 GMT+0530 (India Standard Time)! Possible blocking IO or high CPU user at the same process used by node-cron.
[2026-09-29T15:44:52.365Z] [PID: 260] [32m[NODE-CRON][32m [33m[WARN][0m missed execution at Tue Sep 29 2026 19:55:00 GMT+0530 (India Standard Time)! Possible blocking IO or high CPU user at the same process used by node-cron.
[2026-09-29T15:44:52.370Z] [PID: 260] [32m[NODE-CRON][32m [33m[WARN][0m missed execution at Tue Sep 29 2026 19:56:00 GMT+0530 (India Standard Time)! Possible blocking IO or high CPU user at the same process used by node-cron.
[2026-09-29T15:44:52.375Z] [PID: 260] [32m[NODE-CRON][32m [33m[WARN][0m missed execution at Tue Sep 29 2026 19:57:00 GMT+0530 (India Standard Time)! Possible blocking IO or high CPU user at the same process used by node-cron.
[2026-09-29T15:44:52.380Z] [PID: 260] [32m[NODE-CRON][32m [33m[WARN][0m missed execution at Tue Sep 29 2026 19:58:00 GMT+0530 (India Standard Time)! Possible blocking IO or high CPU user at the same process used by node-cron.
[2026-09-29T15:44:52.385Z] [PID: 260] [32m[NODE-CRON][32m [33m[WARN][0m missed execution at Tue Sep 29 2026 19:59:00 GMT+0530 (India Standard Time)! Possible blocking IO or high CPU user at the same process used by node-cron.
[2026-09-29T15:44:52.391Z] [PID: 260] [32m[NODE-CRON][32m [33m[WARN][0m missed execution at Tue Sep 29 2026 20:00:00 GMT+0530 (India Standard Time)! Possible blocking IO or high CPU user at the same process used by node-cron.
[2026-09-29T15:44:52.397Z] [PID: 260] [32m[NODE-CRON][32m [33m[WARN][0m missed execution at Tue Sep 29 2026 20:01:00 GMT+0530 (India Standard Time)! Possible blocking IO or high CPU user at the same process used by node-cron.
[2026-09-29T15:44:52.402Z] [PID: 260] [32m[NODE-CRON][32m [33m[WARN][0m missed execution at Tue Sep 29 2026 20:02:00 GMT+0530 (India Standard Time)! Possible blocking IO or high CPU user at the same process used by node-cron.
[2026-09-29T15:44:52.408Z] [PID: 260] [32m[NODE-CRON][32m [33m[WARN][0m missed execution at Tue Sep 29 2026 20:03:00 GMT+0530 (India Standard Time)! Possible blocking IO or high CPU user at the same process used by node-cron.
[2026-09-29T15:44:52.417Z] [PID: 260] [32m[NODE-CRON][32m [33m[WARN][0m missed execution at Tue Sep 29 2026 20:04:00 GMT+0530 (India Standard Time)! Possible blocking IO or high CPU user at the same process used by node-cron.
[2026-09-29T15:44:52.422Z] [PID: 260] [32m[NODE-CRON][32m [33m[WARN][0m missed execution at Tue Sep 29 2026 20:05:00 GMT+0530 (India Standard Time)! Possible blocking IO or high CPU user at the same process used by node-cron.
[2026-09-29T15:44:52.426Z] [PID: 260] [32m[NODE-CRON][32m [33m[WARN][0m missed execution at Tue Sep 29 2026 20:06:00 GMT+0530 (India Standard Time)! Possible blocking IO or high CPU user at the same process used by node-cron.
[2026-09-29T15:44:52.431Z] [PID: 260] [32m[NODE-CRON][32m [33m[WARN][0m missed execution at Tue Sep 29 2026 20:07:00 GMT+0530 (India Standard Time)! Possible blocking IO or high CPU user at the same process used by node-cron.
[2026-09-29T15:44:52.437Z] [PID: 260] [32m[NODE-CRON][32m [33m[WARN][0m missed execution at Tue Sep 29 2026 20:08:00 GMT+0530 (India Standard Time)! Possible blocking IO or high CPU user at the same process used by node-cron.
[2026-09-29T15:44:52.442Z] [PID: 260] [32m[NODE-CRON][32m [33m[WARN][0m missed execution at Tue Sep 29 2026 20:09:00 GMT+0530 (India Standard Time)! Possible blocking IO or high CPU user at the same process used by node-cron.
[2026-09-29T15:44:52.447Z] [PID: 260] [32m[NODE-CRON][32m [33m[WARN][0m missed execution at Tue Sep 29 2026 20:10:00 GMT+0530 (India Standard Time)! Possible blocking IO or high CPU user at the same process used by node-cron.
[2026-09-29T15:44:52.452Z] [PID: 260] [32m[NODE-CRON][32m [33m[WARN][0m missed execution at Tue Sep 29 2026 20:11:00 GMT+0530 (India Standard Time)! Possible blocking IO or high CPU user at the same process used by node-cron.
[2026-09-29T15:44:52.457Z] [PID: 260] [32m[NODE-CRON][32m [33m[WARN][0m missed execution at Tue Sep 29 2026 20:12:00 GMT+0530 (India Standard Time)! Possible blocking IO or high CPU user at the same process used by node-cron.
[2026-09-29T15:44:52.461Z] [PID: 260] [32m[NODE-CRON][32m [33m[WARN][0m missed execution at Tue Sep 29 2026 20:13:00 GMT+0530 (India Standard Time)! Possible blocking IO or high CPU user at the same process used by node-cron.
[2026-09-29T15:44:52.466Z] [PID: 260] [32m[NODE-CRON][32m [33m[WARN][0m missed execution at Tue Sep 29 2026 20:14:00 GMT+0530 (India Standard Time)! Possible blocking IO or high CPU user at the same process used by node-cron.
[2026-09-29T15:44:52.471Z] [PID: 260] [32m[NODE-CRON][32m [33m[WARN][0m missed execution at Tue Sep 29 2026 20:15:00 GMT+0530 (India Standard Time)! Possible blocking IO or high CPU user at the same process used by node-cron.
[2026-09-29T15:44:52.476Z] [PID: 260] [32m[NODE-CRON][32m [33m[WARN][0m missed execution at Tue Sep 29 2026 20:16:00 GMT+0530 (India Standard Time)! Possible blocking IO or high CPU user at the same process used by node-cron.
[2026-09-29T15:44:52.482Z] [PID: 260] [32m[NODE-CRON][32m [33m[WARN][0m missed execution at Tue Sep 29 2026 20:17:00 GMT+0530 (India Standard Time)! Possible blocking IO or high CPU user at the same process used by node-cron.
[2026-09-29T15:44:52.489Z] [PID: 260] [32m[NODE-CRON][32m [33m[WARN][0m missed execution at Tue Sep 29 2026 20:18:00 GMT+0530 (India Standard Time)! Possible blocking IO or high CPU user at the same process used by node-cron.
[2026-09-29T15:44:52.495Z] [PID: 260] [32m[NODE-CRON][32m [33m[WARN][0m missed execution at Tue Sep 29 2026 20:19:00 GMT+0530 (India Standard Time)! Possible blocking IO or high CPU user at the same process used by node-cron.
[2026-09-29T15:44:52.500Z] [PID: 260] [32m[NODE-CRON][32m [33m[WARN][0m missed execution at Tue Sep 29 2026 20:20:00 GMT+0530 (India Standard Time)! Possible blocking IO or high CPU user at the same process used by node-cron.
[2026-09-29T15:44:52.505Z] [PID: 260] [32m[NODE-CRON][32m [33m[WARN][0m missed execution at Tue Sep 29 2026 20:21:00 GMT+0530 (India Standard Time)! Possible blocking IO or high CPU user at the same process used by node-cron.
[2026-09-29T15:44:52.511Z] [PID: 260] [32m[NODE-CRON][32m [33m[WARN][0m missed execution at Tue Sep 29 2026 20:22:00 GMT+0530 (India Standard Time)! Possible blocking IO or high CPU user at the same process used by node-cron.
[2026-09-29T15:44:52.524Z] [PID: 260] [32m[NODE-CRON][32m [33m[WARN][0m missed execution at Tue Sep 29 2026 20:23:00 GMT+0530 (India Standard Time)! Possible blocking IO or high CPU user at the same process used by node-cron.
[2026-09-29T15:44:52.529Z] [PID: 260] [32m[NODE-CRON][32m [33m[WARN][0m missed execution at Tue Sep 29 2026 20:24:00 GMT+0530 (India Standard Time)! Possible blocking IO or high CPU user at the same process used by node-cron.
[2026-09-29T15:44:52.533Z] [PID: 260] [32m[NODE-CRON][32m [33m[WARN][0m missed execution at Tue Sep 29 2026 20:25:00 GMT+0530 (India Standard Time)! Possible blocking IO or high CPU user at the same process used by node-cron.
[2026-09-29T15:44:52.538Z] [PID: 260] [32m[NODE-CRON][32m [33m[WARN][0m missed execution at Tue Sep 29 2026 20:26:00 GMT+0530 (India Standard Time)! Possible blocking IO or high CPU user at the same process used by node-cron.
[2026-09-29T15:44:52.543Z] [PID: 260] [32m[NODE-CRON][32m [33m[WARN][0m missed execution at Tue Sep 29 2026 20:27:00 GMT+0530 (India Standard Time)! Possible blocking IO or high CPU user at the same process used by node-cron.
[2026-09-29T15:44:52.548Z] [PID: 260] [32m[NODE-CRON][32m [33m[WARN][0m missed execution at Tue Sep 29 2026 20:28:00 GMT+0530 (India Standard Time)! Possible blocking IO or high CPU user at the same process used by node-cron.
[2026-09-29T15:44:52.553Z] [PID: 260] [32m[NODE-CRON][32m [33m[WARN][0m missed execution at Tue Sep 29 2026 20:29:00 GMT+0530 (India Standard Time)! Possible blocking IO or high CPU user at the same process used by node-cron.
[2026-09-29T15:44:52.558Z] [PID: 260] [32m[NODE-CRON][32m [33m[WARN][0m missed execution at Tue Sep 29 2026 20:30:00 GMT+0530 (India Standard Time)! Possible blocking IO or high CPU user at the same process used by node-cron.
[2026-09-29T15:44:52.568Z] [PID: 260] [32m[NODE-CRON][32m [33m[WARN][0m missed execution at Tue Sep 29 2026 20:31:00 GMT+0530 (India Standard Time)! Possible blocking IO or high CPU user at the same process used by node-cron.
[2026-09-29T15:44:52.576Z] [PID: 260] [32m[NODE-CRON][32m [33m[WARN][0m missed execution at Tue Sep 29 2026 20:32:00 GMT+0530 (India Standard Time)! Possible blocking IO or high CPU user at the same process used by node-cron.
[2026-09-29T15:44:52.581Z] [PID: 260] [32m[NODE-CRON][32m [33m[WARN][0m missed execution at Tue Sep 29 2026 20:33:00 GMT+0530 (India Standard Time)! Possible blocking IO or high CPU user at the same process used by node-cron.
[2026-09-29T15:44:52.586Z] [PID: 260] [32m[NODE-CRON][32m [33m[WARN][0m missed execution at Tue Sep 29 2026 20:34:00 GMT+0530 (India Standard Time)! Possible blocking IO or high CPU user at the same process used by node-cron.
[2026-09-29T15:44:52.590Z] [PID: 260] [32m[NODE-CRON][32m [33m[WARN][0m missed execution at Tue Sep 29 2026 20:35:00 GMT+0530 (India Standard Time)! Possible blocking IO or high CPU user at the same process used by node-cron.
[2026-09-29T15:44:52.596Z] [PID: 260] [32m[NODE-CRON][32m [33m[WARN][0m missed execution at Tue Sep 29 2026 20:36:00 GMT+0530 (India Standard Time)! Possible blocking IO or high CPU user at the same process used by node-cron.
[2026-09-29T15:44:52.602Z] [PID: 260] [32m[NODE-CRON][32m [33m[WARN][0m missed execution at Tue Sep 29 2026 20:37:00 GMT+0530 (India Standard Time)! Possible blocking IO or high CPU user at the same process used by node-cron.
[2026-09-29T15:44:52.608Z] [PID: 260] [32m[NODE-CRON][32m [33m[WARN][0m missed execution at Tue Sep 29 2026 20:38:00 GMT+0530 (India Standard Time)! Possible blocking IO or high CPU user at the same process used by node-cron.
[2026-09-29T15:44:52.614Z] [PID: 260] [32m[NODE-CRON][32m [33m[WARN][0m missed execution at Tue Sep 29 2026 20:39:00 GMT+0530 (India Standard Time)! Possible blocking IO or high CPU user at the same process used by node-cron.
[2026-09-29T15:44:52.620Z] [PID: 260] [32m[NODE-CRON][32m [33m[WARN][0m missed execution at Tue Sep 29 2026 20:40:00 GMT+0530 (India Standard Time)! Possible blocking IO or high CPU user at the same process used by node-cron.
[2026-09-29T15:44:52.625Z] [PID: 260] [32m[NODE-CRON][32m [33m[WARN][0m missed execution at Tue Sep 29 2026 20:41:00 GMT+0530 (India Standard Time)! Possible blocking IO or high CPU user at the same process used by node-cron.
[2026-09-29T15:44:52.631Z] [PID: 260] [32m[NODE-CRON][32m [33m[WARN][0m missed execution at Tue Sep 29 2026 20:42:00 GMT+0530 (India Standard Time)! Possible blocking IO or high CPU user at the same process used by node-cron.
[2026-09-29T15:44:52.640Z] [PID: 260] [32m[NODE-CRON][32m [33m[WARN][0m missed execution at Tue Sep 29 2026 20:43:00 GMT+0530 (India Standard Time)! Possible blocking IO or high CPU user at the same process used by node-cron.
[2026-09-29T15:44:52.646Z] [PID: 260] [32m[NODE-CRON][32m [33m[WARN][0m missed execution at Tue Sep 29 2026 20:44:00 GMT+0530 (India Standard Time)! Possible blocking IO or high CPU user at the same process used by node-cron.
[2026-09-29T15:44:52.651Z] [PID: 260] [32m[NODE-CRON][32m [33m[WARN][0m missed execution at Tue Sep 29 2026 20:45:00 GMT+0530 (India Standard Time)! Possible blocking IO or high CPU user at the same process used by node-cron.
[2026-09-29T15:44:52.656Z] [PID: 260] [32m[NODE-CRON][32m [33m[WARN][0m missed execution at Tue Sep 29 2026 20:46:00 GMT+0530 (India Standard Time)! Possible blocking IO or high CPU user at the same process used by node-cron.
[2026-09-29T15:44:52.665Z] [PID: 260] [32m[NODE-CRON][32m [33m[WARN][0m missed execution at Tue Sep 29 2026 20:47:00 GMT+0530 (India Standard Time)! Possible blocking IO or high CPU user at the same process used by node-cron.
[2026-09-29T15:44:52.671Z] [PID: 260] [32m[NODE-CRON][32m [33m[WARN][0m missed execution at Tue Sep 29 2026 20:48:00 GMT+0530 (India Standard Time)! Possible blocking IO or high CPU user at the same process used by node-cron.
[2026-09-29T15:44:52.679Z] [PID: 260] [32m[NODE-CRON][32m [33m[WARN][0m missed execution at Tue Sep 29 2026 20:49:00 GMT+0530 (India Standard Time)! Possible blocking IO or high CPU user at the same process used by node-cron.
[2026-09-29T15:44:52.684Z] [PID: 260] [32m[NODE-CRON][32m [33m[WARN][0m missed execution at Tue Sep 29 2026 20:50:00 GMT+0530 (India Standard Time)! Possible blocking IO or high CPU user at the same process used by node-cron.
[2026-09-29T15:44:52.689Z] [PID: 260] [32m[NODE-CRON][32m [33m[WARN][0m missed execution at Tue Sep 29 2026 20:51:00 GMT+0530 (India Standard Time)! Possible blocking IO or high CPU user at the same process used by node-cron.
[2026-09-29T15:44:52.695Z] [PID: 260] [32m[NODE-CRON][32m [33m[WARN][0m missed execution at Tue Sep 29 2026 20:52:00 GMT+0530 (India Standard Time)! Possible blocking IO or high CPU user at the same process used by node-cron.
[2026-09-29T15:44:52.701Z] [PID: 260] [32m[NODE-CRON][32m [33m[WARN][0m missed execution at Tue Sep 29 2026 20:53:00 GMT+0530 (India Standard Time)! Possible blocking IO or high CPU user at the same process used by node-cron.
[2026-09-29T15:44:52.705Z] [PID: 260] [32m[NODE-CRON][32m [33m[WARN][0m missed execution at Tue Sep 29 2026 20:54:00 GMT+0530 (India Standard Time)! Possible blocking IO or high CPU user at the same process used by node-cron.
[2026-09-29T15:44:52.710Z] [PID: 260] [32m[NODE-CRON][32m [33m[WARN][0m missed execution at Tue Sep 29 2026 20:55:00 GMT+0530 (India Standard Time)! Possible blocking IO or high CPU user at the same process used by node-cron.
[2026-09-29T15:44:52.716Z] [PID: 260] [32m[NODE-CRON][32m [33m[WARN][0m missed execution at Tue Sep 29 2026 20:56:00 GMT+0530 (India Standard Time)! Possible blocking IO or high CPU user at the same process used by node-cron.
[2026-09-29T15:44:52.721Z] [PID: 260] [32m[NODE-CRON][32m [33m[WARN][0m missed execution at Tue Sep 29 2026 20:57:00 GMT+0530 (India Standard Time)! Possible blocking IO or high CPU user at the same process used by node-cron.
[2026-09-29T15:44:52.730Z] [PID: 260] [32m[NODE-CRON][32m [33m[WARN][0m missed execution at Tue Sep 29 2026 20:58:00 GMT+0530 (India Standard Time)! Possible blocking IO or high CPU user at the same process used by node-cron.
[2026-09-29T15:44:52.736Z] [PID: 260] [32m[NODE-CRON][32m [33m[WARN][0m missed execution at Tue Sep 29 2026 20:59:00 GMT+0530 (India Standard Time)! Possible blocking IO or high CPU user at the same process used by node-cron.
[2026-09-29T15:44:52.741Z] [PID: 260] [32m[NODE-CRON][32m [33m[WARN][0m missed execution at Tue Sep 29 2026 21:00:00 GMT+0530 (India Standard Time)! Possible blocking IO or high CPU user at the same process used by node-cron.
[2026-09-29T15:44:52.747Z] [PID: 260] [32m[NODE-CRON][32m [33m[WARN][0m missed execution at Tue Sep 29 2026 21:01:00 GMT+0530 (India Standard Time)! Possible blocking IO or high CPU user at the same process used by node-cron.
[2026-09-29T15:44:52.757Z] [PID: 260] [32m[NODE-CRON][32m [33m[WARN][0m missed execution at Tue Sep 29 2026 21:02:00 GMT+0530 (India Standard Time)! Possible blocking IO or high CPU user at the same process used by node-cron.
[2026-09-29T15:44:52.762Z] [PID: 260] [32m[NODE-CRON][32m [33m[WARN][0m missed execution at Tue Sep 29 2026 21:03:00 GMT+0530 (India Standard Time)! Possible blocking IO or high CPU user at the same process used by node-cron.
[2026-09-29T15:44:52.767Z] [PID: 260] [32m[NODE-CRON][32m [33m[WARN][0m missed execution at Tue Sep 29 2026 21:04:00 GMT+0530 (India Standard Time)! Possible blocking IO or high CPU user at the same process used by node-cron.
[2026-09-29T15:44:52.772Z] [PID: 260] [32m[NODE-CRON][32m [33m[WARN][0m missed execution at Tue Sep 29 2026 21:05:00 GMT+0530 (India Standard Time)! Possible blocking IO or high CPU user at the same process used by node-cron.
[2026-09-29T15:44:52.776Z] [PID: 260] [32m[NODE-CRON][32m [33m[WARN][0m missed execution at Tue Sep 29 2026 21:06:00 GMT+0530 (India Standard Time)! Possible blocking IO or high CPU user at the same process used by node-cron.
[2026-09-29T15:44:52.782Z] [PID: 260] [32m[NODE-CRON][32m [33m[WARN][0m missed execution at Tue Sep 29 2026 21:07:00 GMT+0530 (India Standard Time)! Possible blocking IO or high CPU user at the same process used by node-cron.
[2026-09-29T15:44:52.788Z] [PID: 260] [32m[NODE-CRON][32m [33m[WARN][0m missed execution at Tue Sep 29 2026 21:08:00 GMT+0530 (India Standard Time)! Possible blocking IO or high CPU user at the same process used by node-cron.
[2026-09-29T15:44:52.797Z] [PID: 260] [32m[NODE-CRON][32m [33m[WARN][0m missed execution at Tue Sep 29 2026 21:09:00 GMT+0530 (India Standard Time)! Possible blocking IO or high CPU user at the same process used by node-cron.
[2026-09-29T15:44:52.802Z] [PID: 260] [32m[NODE-CRON][32m [33m[WARN][0m missed execution at Tue Sep 29 2026 21:10:00 GMT+0530 (India Standard Time)! Possible blocking IO or high CPU user at the same process used by node-cron.
[2026-09-29T15:44:52.806Z] [PID: 260] [32m[NODE-CRON][32m [33m[WARN][0m missed execution at Tue Sep 29 2026 21:11:00 GMT+0530 (India Standard Time)! Possible blocking IO or high CPU user at the same process used by node-cron.
[2026-09-29T15:44:52.811Z] [PID: 260] [32m[NODE-CRON][32m [33m[WARN][0m missed execution at Tue Sep 29 2026 21:12:00 GMT+0530 (India Standard Time)! Possible blocking IO or high CPU user at the same process used by node-cron.
[2026-09-29T15:44:52.814Z] [PID: 260] [32m[NODE-CRON][32m [33m[WARN][0m missed execution at Tue Sep 29 2026 21:13:00 GMT+0530 (India Standard Time)! Possible blocking IO or high CPU user at the same process used by node-cron.
[2026-09-29T15:44:52.820Z] [PID: 260] [32m[NODE-CRON][32m [33m[WARN][0m missed execution at Tue Sep 29 2026 21:14:00 GMT+0530 (India Standard Time)! Possible blocking IO or high CPU user at the same process used by node-cron.
[2026-09-29T15:44:52.833Z] [PID: 260] [32m[NODE-CRON][32m [33m[WARN][0m missed execution at Tue Sep 29 2026 18:16:00 GMT+0530 (India Standard Time)! Possible blocking IO or high CPU user at the same process used by node-cron.
[2026-09-29T15:44:52.839Z] [PID: 260] [32m[NODE-CRON][32m [33m[WARN][0m missed execution at Tue Sep 29 2026 18:18:00 GMT+0530 (India Standard Time)! Possible blocking IO or high CPU user at the same process used by node-cron.
[2026-09-29T15:44:52.845Z] [PID: 260] [32m[NODE-CRON][32m [33m[WARN][0m missed execution at Tue Sep 29 2026 18:20:00 GMT+0530 (India Standard Time)! Possible blocking IO or high CPU user at the same process used by node-cron.
[2026-09-29T15:44:52.852Z] [PID: 260] [32m[NODE-CRON][32m [33m[WARN][0m missed execution at Tue Sep 29 2026 18:22:00 GMT+0530 (India Standard Time)! Possible blocking IO or high CPU user at the same process used by node-cron.
[2026-09-29T15:44:52.858Z] [PID: 260] [32m[NODE-CRON][32m [33m[WARN][0m missed execution at Tue Sep 29 2026 18:24:00 GMT+0530 (India Standard Time)! Possible blocking IO or high CPU user at the same process used by node-cron.
[2026-09-29T15:44:52.864Z] [PID: 260] [32m[NODE-CRON][32m [33m[WARN][0m missed execution at Tue Sep 29 2026 18:26:00 GMT+0530 (India Standard Time)! Possible blocking IO or high CPU user at the same process used by node-cron.
[2026-09-29T15:44:52.871Z] [PID: 260] [32m[NODE-CRON][32m [33m[WARN][0m missed execution at Tue Sep 29 2026 18:28:00 GMT+0530 (India Standard Time)! Possible blocking IO or high CPU user at the same process used by node-cron.
[2026-09-29T15:44:52.877Z] [PID: 260] [32m[NODE-CRON][32m [33m[WARN][0m missed execution at Tue Sep 29 2026 18:30:00 GMT+0530 (India Standard Time)! Possible blocking IO or high CPU user at the same process used by node-cron.
[2026-09-29T15:44:52.883Z] [PID: 260] [32m[NODE-CRON][32m [33m[WARN][0m missed execution at Tue Sep 29 2026 18:32:00 GMT+0530 (India Standard Time)! Possible blocking IO or high CPU user at the same process used by node-cron.
[2026-09-29T15:44:52.888Z] [PID: 260] [32m[NODE-CRON][32m [33m[WARN][0m missed execution at Tue Sep 29 2026 18:34:00 GMT+0530 (India Standard Time)! Possible blocking IO or high CPU user at the same process used by node-cron.
[2026-09-29T15:44:52.896Z] [PID: 260] [32m[NODE-CRON][32m [33m[WARN][0m missed execution at Tue Sep 29 2026 18:36:00 GMT+0530 (India Standard Time)! Possible blocking IO or high CPU user at the same process used by node-cron.
[2026-09-29T15:44:52.902Z] [PID: 260] [32m[NODE-CRON][32m [33m[WARN][0m missed execution at Tue Sep 29 2026 18:38:00 GMT+0530 (India Standard Time)! Possible blocking IO or high CPU user at the same process used by node-cron.
[2026-09-29T15:44:52.909Z] [PID: 260] [32m[NODE-CRON][32m [33m[WARN][0m missed execution at Tue Sep 29 2026 18:40:00 GMT+0530 (India Standard Time)! Possible blocking IO or high CPU user at the same process used by node-cron.
[2026-09-29T15:44:52.914Z] [PID: 260] [32m[NODE-CRON][32m [33m[WARN][0m missed execution at Tue Sep 29 2026 18:42:00 GMT+0530 (India Standard Time)! Possible blocking IO or high CPU user at the same process used by node-cron.
[2026-09-29T15:44:52.920Z] [PID: 260] [32m[NODE-CRON][32m [33m[WARN][0m missed execution at Tue Sep 29 2026 18:44:00 GMT+0530 (India Standard Time)! Possible blocking IO or high CPU user at the same process used by node-cron.
[2026-09-29T15:44:52.926Z] [PID: 260] [32m[NODE-CRON][32m [33m[WARN][0m missed execution at Tue Sep 29 2026 18:46:00 GMT+0530 (India Standard Time)! Possible blocking IO or high CPU user at the same process used by node-cron.
[2026-09-29T15:44:52.930Z] [PID: 260] [32m[NODE-CRON][32m [33m[WARN][0m missed execution at Tue Sep 29 2026 18:48:00 GMT+0530 (India Standard Time)! Possible blocking IO or high CPU user at the same process used by node-cron.
[2026-09-29T15:44:52.934Z] [PID: 260] [32m[NODE-CRON][32m [33m[WARN][0m missed execution at Tue Sep 29 2026 18:50:00 GMT+0530 (India Standard Time)! Possible blocking IO or high CPU user at the same process used by node-cron.
[2026-09-29T15:44:52.940Z] [PID: 260] [32m[NODE-CRON][32m [33m[WARN][0m missed execution at Tue Sep 29 2026 18:52:00 GMT+0530 (India Standard Time)! Possible blocking IO or high CPU user at the same process used by node-cron.
[2026-09-29T15:44:52.945Z] [PID: 260] [32m[NODE-CRON][32m [33m[WARN][0m missed execution at Tue Sep 29 2026 18:54:00 GMT+0530 (India Standard Time)! Possible blocking IO or high CPU user at the same process used by node-cron.
[2026-09-29T15:44:52.951Z] [PID: 260] [32m[NODE-CRON][32m [33m[WARN][0m missed execution at Tue Sep 29 2026 18:56:00 GMT+0530 (India Standard Time)! Possible blocking IO or high CPU user at the same process used by node-cron.
[2026-09-29T15:44:52.958Z] [PID: 260] [32m[NODE-CRON][32m [33m[WARN][0m missed execution at Tue Sep 29 2026 18:58:00 GMT+0530 (India Standard Time)! Possible blocking IO or high CPU user at the same process used by node-cron.
[2026-09-29T15:44:52.967Z] [PID: 260] [32m[NODE-CRON][32m [33m[WARN][0m missed execution at Tue Sep 29 2026 19:00:00 GMT+0530 (India Standard Time)! Possible blocking IO or high CPU user at the same process used by node-cron.
[2026-09-29T15:44:52.972Z] [PID: 260] [32m[NODE-CRON][32m [33m[WARN][0m missed execution at Tue Sep 29 2026 19:02:00 GMT+0530 (India Standard Time)! Possible blocking IO or high CPU user at the same process used by node-cron.
[2026-09-29T15:44:52.978Z] [PID: 260] [32m[NODE-CRON][32m [33m[WARN][0m missed execution at Tue Sep 29 2026 19:04:00 GMT+0530 (India Standard Time)! Possible blocking IO or high CPU user at the same process used by node-cron.
[2026-09-29T15:44:52.995Z] [PID: 260] [32m[NODE-CRON][32m [33m[WARN][0m missed execution at Tue Sep 29 2026 19:06:00 GMT+0530 (India Standard Time)! Possible blocking IO or high CPU user at the same process used by node-cron.
[2026-09-29T15:44:52.999Z] [PID: 260] [32m[NODE-CRON][32m [33m[WARN][0m missed execution at Tue Sep 29 2026 19:08:00 GMT+0530 (India Standard Time)! Possible blocking IO or high CPU user at the same process used by node-cron.
[2026-09-29T15:44:53.004Z] [PID: 260] [32m[NODE-CRON][32m [33m[WARN][0m missed execution at Tue Sep 29 2026 19:10:00 GMT+0530 (India Standard Time)! Possible blocking IO or high CPU user at the same process used by node-cron.
[2026-09-29T15:44:53.008Z] [PID: 260] [32m[NODE-CRON][32m [33m[WARN][0m missed execution at Tue Sep 29 2026 19:12:00 GMT+0530 (India Standard Time)! Possible blocking IO or high CPU user at the same process used by node-cron.
[2026-09-29T15:44:53.013Z] [PID: 260] [32m[NODE-CRON][32m [33m[WARN][0m missed execution at Tue Sep 29 2026 19:14:00 GMT+0530 (India Standard Time)! Possible blocking IO or high CPU user at the same process used by node-cron.
[2026-09-29T15:44:53.017Z] [PID: 260] [32m[NODE-CRON][32m [33m[WARN][0m missed execution at Tue Sep 29 2026 19:16:00 GMT+0530 (India Standard Time)! Possible blocking IO or high CPU user at the same process used by node-cron.
[2026-09-29T15:44:53.022Z] [PID: 260] [32m[NODE-CRON][32m [33m[WARN][0m missed execution at Tue Sep 29 2026 19:18:00 GMT+0530 (India Standard Time)! Possible blocking IO or high CPU user at the same process used by node-cron.
[2026-09-29T15:44:53.026Z] [PID: 260] [32m[NODE-CRON][32m [33m[WARN][0m missed execution at Tue Sep 29 2026 19:20:00 GMT+0530 (India Standard Time)! Possible blocking IO or high CPU user at the same process used by node-cron.
[2026-09-29T15:44:53.032Z] [PID: 260] [32m[NODE-CRON][32m [33m[WARN][0m missed execution at Tue Sep 29 2026 19:22:00 GMT+0530 (India Standard Time)! Possible blocking IO or high CPU user at the same process used by node-cron.
[2026-09-29T15:44:53.039Z] [PID: 260] [32m[NODE-CRON][32m [33m[WARN][0m missed execution at Tue Sep 29 2026 19:24:00 GMT+0530 (India Standard Time)! Possible blocking IO or high CPU user at the same process used by node-cron.
[2026-09-29T15:44:53.043Z] [PID: 260] [32m[NODE-CRON][32m [33m[WARN][0m missed execution at Tue Sep 29 2026 19:26:00 GMT+0530 (India Standard Time)! Possible blocking IO or high CPU user at the same process used by node-cron.
[2026-09-29T15:44:53.049Z] [PID: 260] [32m[NODE-CRON][32m [33m[WARN][0m missed execution at Tue Sep 29 2026 19:28:00 GMT+0530 (India Standard Time)! Possible blocking IO or high CPU user at the same process used by node-cron.
[2026-09-29T15:44:53.057Z] [PID: 260] [32m[NODE-CRON][32m [33m[WARN][0m missed execution at Tue Sep 29 2026 19:30:00 GMT+0530 (India Standard Time)! Possible blocking IO or high CPU user at the same process used by node-cron.
[2026-09-29T15:44:53.062Z] [PID: 260] [32m[NODE-CRON][32m [33m[WARN][0m missed execution at Tue Sep 29 2026 19:32:00 GMT+0530 (India Standard Time)! Possible blocking IO or high CPU user at the same process used by node-cron.
[2026-09-29T15:44:53.066Z] [PID: 260] [32m[NODE-CRON][32m [33m[WARN][0m missed execution at Tue Sep 29 2026 19:34:00 GMT+0530 (India Standard Time)! Possible blocking IO or high CPU user at the same process used by node-cron.
[2026-09-29T15:44:53.071Z] [PID: 260] [32m[NODE-CRON][32m [33m[WARN][0m missed execution at Tue Sep 29 2026 19:36:00 GMT+0530 (India Standard Time)! Possible blocking IO or high CPU user at the same process used by node-cron.
[2026-09-29T15:44:53.075Z] [PID: 260] [32m[NODE-CRON][32m [33m[WARN][0m missed execution at Tue Sep 29 2026 19:38:00 GMT+0530 (India Standard Time)! Possible blocking IO or high CPU user at the same process used by node-cron.
[2026-09-29T15:44:53.078Z] [PID: 260] [32m[NODE-CRON][32m [33m[WARN][0m missed execution at Tue Sep 29 2026 19:40:00 GMT+0530 (India Standard Time)! Possible blocking IO or high CPU user at the same process used by node-cron.
[2026-09-29T15:44:53.084Z] [PID: 260] [32m[NODE-CRON][32m [33m[WARN][0m missed execution at Tue Sep 29 2026 19:42:00 GMT+0530 (India Standard Time)! Possible blocking IO or high CPU user at the same process used by node-cron.
[2026-09-29T15:44:53.088Z] [PID: 260] [32m[NODE-CRON][32m [33m[WARN][0m missed execution at Tue Sep 29 2026 19:44:00 GMT+0530 (India Standard Time)! Possible blocking IO or high CPU user at the same process used by node-cron.
[2026-09-29T15:44:53.093Z] [PID: 260] [32m[NODE-CRON][32m [33m[WARN][0m missed execution at Tue Sep 29 2026 19:46:00 GMT+0530 (India Standard Time)! Possible blocking IO or high CPU user at the same process used by node-cron.
[2026-09-29T15:44:53.100Z] [PID: 260] [32m[NODE-CRON][32m [33m[WARN][0m missed execution at Tue Sep 29 2026 19:48:00 GMT+0530 (India Standard Time)! Possible blocking IO or high CPU user at the same process used by node-cron.
[2026-09-29T15:44:53.105Z] [PID: 260] [32m[NODE-CRON][32m [33m[WARN][0m missed execution at Tue Sep 29 2026 19:50:00 GMT+0530 (India Standard Time)! Possible blocking IO or high CPU user at the same process used by node-cron.
[2026-09-29T15:44:53.110Z] [PID: 260] [32m[NODE-CRON][32m [33m[WARN][0m missed execution at Tue Sep 29 2026 19:52:00 GMT+0530 (India Standard Time)! Possible blocking IO or high CPU user at the same process used by node-cron.
[2026-09-29T15:44:53.115Z] [PID: 260] [32m[NODE-CRON][32m [33m[WARN][0m missed execution at Tue Sep 29 2026 19:54:00 GMT+0530 (India Standard Time)! Possible blocking IO or high CPU user at the same process used by node-cron.
[2026-09-29T15:44:53.120Z] [PID: 260] [32m[NODE-CRON][32m [33m[WARN][0m missed execution at Tue Sep 29 2026 19:56:00 GMT+0530 (India Standard Time)! Possible blocking IO or high CPU user at the same process used by node-cron.
[2026-09-29T15:44:53.126Z] [PID: 260] [32m[NODE-CRON][32m [33m[WARN][0m missed execution at Tue Sep 29 2026 19:58:00 GMT+0530 (India Standard Time)! Possible blocking IO or high CPU user at the same process used by node-cron.
[2026-09-29T15:44:53.132Z] [PID: 260] [32m[NODE-CRON][32m [33m[WARN][0m missed execution at Tue Sep 29 2026 20:00:00 GMT+0530 (India Standard Time)! Possible blocking IO or high CPU user at the same process used by node-cron.
[2026-09-29T15:44:53.138Z] [PID: 260] [32m[NODE-CRON][32m [33m[WARN][0m missed execution at Tue Sep 29 2026 20:02:00 GMT+0530 (India Standard Time)! Possible blocking IO or high CPU user at the same process used by node-cron.
[2026-09-29T15:44:53.143Z] [PID: 260] [32m[NODE-CRON][32m [33m[WARN][0m missed execution at Tue Sep 29 2026 20:04:00 GMT+0530 (India Standard Time)! Possible blocking IO or high CPU user at the same process used by node-cron.
[2026-09-29T15:44:53.147Z] [PID: 260] [32m[NODE-CRON][32m [33m[WARN][0m missed execution at Tue Sep 29 2026 20:06:00 GMT+0530 (India Standard Time)! Possible blocking IO or high CPU user at the same process used by node-cron.
[2026-09-29T15:44:53.151Z] [PID: 260] [32m[NODE-CRON][32m [33m[WARN][0m missed execution at Tue Sep 29 2026 20:08:00 GMT+0530 (India Standard Time)! Possible blocking IO or high CPU user at the same process used by node-cron.
[2026-09-29T15:44:53.157Z] [PID: 260] [32m[NODE-CRON][32m [33m[WARN][0m missed execution at Tue Sep 29 2026 20:10:00 GMT+0530 (India Standard Time)! Possible blocking IO or high CPU user at the same process used by node-cron.
[2026-09-29T15:44:53.162Z] [PID: 260] [32m[NODE-CRON][32m [33m[WARN][0m missed execution at Tue Sep 29 2026 20:12:00 GMT+0530 (India Standard Time)! Possible blocking IO or high CPU user at the same process used by node-cron.
[2026-09-29T15:44:53.167Z] [PID: 260] [32m[NODE-CRON][32m [33m[WARN][0m missed execution at Tue Sep 29 2026 20:14:00 GMT+0530 (India Standard Time)! Possible blocking IO or high CPU user at the same process used by node-cron.
[2026-09-29T15:44:53.173Z] [PID: 260] [32m[NODE-CRON][32m [33m[WARN][0m missed execution at Tue Sep 29 2026 20:16:00 GMT+0530 (India Standard Time)! Possible blocking IO or high CPU user at the same process used by node-cron.
[2026-09-29T15:44:53.178Z] [PID: 260] [32m[NODE-CRON][32m [33m[WARN][0m missed execution at Tue Sep 29 2026 20:18:00 GMT+0530 (India Standard Time)! Possible blocking IO or high CPU user at the same process used by node-cron.
[2026-09-29T15:44:53.183Z] [PID: 260] [32m[NODE-CRON][32m [33m[WARN][0m missed execution at Tue Sep 29 2026 20:20:00 GMT+0530 (India Standard Time)! Possible blocking IO or high CPU user at the same process used by node-cron.
[2026-09-29T15:44:53.189Z] [PID: 260] [32m[NODE-CRON][32m [33m[WARN][0m missed execution at Tue Sep 29 2026 20:22:00 GMT+0530 (India Standard Time)! Possible blocking IO or high CPU user at the same process used by node-cron.
[2026-09-29T15:44:53.199Z] [PID: 260] [32m[NODE-CRON][32m [33m[WARN][0m missed execution at Tue Sep 29 2026 20:24:00 GMT+0530 (India Standard Time)! Possible blocking IO or high CPU user at the same process used by node-cron.
[2026-09-29T15:44:53.204Z] [PID: 260] [32m[NODE-CRON][32m [33m[WARN][0m missed execution at Tue Sep 29 2026 20:26:00 GMT+0530 (India Standard Time)! Possible blocking IO or high CPU user at the same process used by node-cron.
[2026-09-29T15:44:53.221Z] [PID: 260] [32m[NODE-CRON][32m [33m[WARN][0m missed execution at Tue Sep 29 2026 20:28:00 GMT+0530 (India Standard Time)! Possible blocking IO or high CPU user at the same process used by node-cron.
[2026-09-29T15:44:53.225Z] [PID: 260] [32m[NODE-CRON][32m [33m[WARN][0m missed execution at Tue Sep 29 2026 20:30:00 GMT+0530 (India Standard Time)! Possible blocking IO or high CPU user at the same process used by node-cron.
[2026-09-29T15:44:53.230Z] [PID: 260] [32m[NODE-CRON][32m [33m[WARN][0m missed execution at Tue Sep 29 2026 20:32:00 GMT+0530 (India Standard Time)! Possible blocking IO or high CPU user at the same process used by node-cron.
[2026-09-29T15:44:53.235Z] [PID: 260] [32m[NODE-CRON][32m [33m[WARN][0m missed execution at Tue Sep 29 2026 20:34:00 GMT+0530 (India Standard Time)! Possible blocking IO or high CPU user at the same process used by node-cron.
[2026-09-29T15:44:53.239Z] [PID: 260] [32m[NODE-CRON][32m [33m[WARN][0m missed execution at Tue Sep 29 2026 20:36:00 GMT+0530 (India Standard Time)! Possible blocking IO or high CPU user at the same process used by node-cron.
[2026-09-29T15:44:53.244Z] [PID: 260] [32m[NODE-CRON][32m [33m[WARN][0m missed execution at Tue Sep 29 2026 20:38:00 GMT+0530 (India Standard Time)! Possible blocking IO or high CPU user at the same process used by node-cron.
[2026-09-29T15:44:53.249Z] [PID: 260] [32m[NODE-CRON][32m [33m[WARN][0m missed execution at Tue Sep 29 2026 20:40:00 GMT+0530 (India Standard Time)! Possible blocking IO or high CPU user at the same process used by node-cron.
[2026-09-29T15:44:53.254Z] [PID: 260] [32m[NODE-CRON][32m [33m[WARN][0m missed execution at Tue Sep 29 2026 20:42:00 GMT+0530 (India Standard Time)! Possible blocking IO or high CPU user at the same process used by node-cron.
[2026-09-29T15:44:53.258Z] [PID: 260] [32m[NODE-CRON][32m [33m[WARN][0m missed execution at Tue Sep 29 2026 20:44:00 GMT+0530 (India Standard Time)! Possible blocking IO or high CPU user at the same process used by node-cron.
[2026-09-29T15:44:53.263Z] [PID: 260] [32m[NODE-CRON][32m [33m[WARN][0m missed execution at Tue Sep 29 2026 20:46:00 GMT+0530 (India Standard Time)! Possible blocking IO or high CPU user at the same process used by node-cron.
[2026-09-29T15:44:53.268Z] [PID: 260] [32m[NODE-CRON][32m [33m[WARN][0m missed execution at Tue Sep 29 2026 20:48:00 GMT+0530 (India Standard Time)! Possible blocking IO or high CPU user at the same process used by node-cron.
[2026-09-29T15:44:53.273Z] [PID: 260] [32m[NODE-CRON][32m [33m[WARN][0m missed execution at Tue Sep 29 2026 20:50:00 GMT+0530 (India Standard Time)! Possible blocking IO or high CPU user at the same process used by node-cron.
[2026-09-29T15:44:53.277Z] [PID: 260] [32m[NODE-CRON][32m [33m[WARN][0m missed execution at Tue Sep 29 2026 20:52:00 GMT+0530 (India Standard Time)! Possible blocking IO or high CPU user at the same process used by node-cron.
[2026-09-29T15:44:53.282Z] [PID: 260] [32m[NODE-CRON][32m [33m[WARN][0m missed execution at Tue Sep 29 2026 20:54:00 GMT+0530 (India Standard Time)! Possible blocking IO or high CPU user at the same process used by node-cron.
[2026-09-29T15:44:53.286Z] [PID: 260] [32m[NODE-CRON][32m [33m[WARN][0m missed execution at Tue Sep 29 2026 20:56:00 GMT+0530 (India Standard Time)! Possible blocking IO or high CPU user at the same process used by node-cron.
[2026-09-29T15:44:53.290Z] [PID: 260] [32m[NODE-CRON][32m [33m[WARN][0m missed execution at Tue Sep 29 2026 20:58:00 GMT+0530 (India Standard Time)! Possible blocking IO or high CPU user at the same process used by node-cron.
[2026-09-29T15:44:53.295Z] [PID: 260] [32m[NODE-CRON][32m [33m[WARN][0m missed execution at Tue Sep 29 2026 21:00:00 GMT+0530 (India Standard Time)! Possible blocking IO or high CPU user at the same process used by node-cron.
[2026-09-29T15:44:53.300Z] [PID: 260] [32m[NODE-CRON][32m [33m[WARN][0m missed execution at Tue Sep 29 2026 21:02:00 GMT+0530 (India Standard Time)! Possible blocking IO or high CPU user at the same process used by node-cron.
[2026-09-29T15:44:53.304Z] [PID: 260] [32m[NODE-CRON][32m [33m[WARN][0m missed execution at Tue Sep 29 2026 21:04:00 GMT+0530 (India Standard Time)! Possible blocking IO or high CPU user at the same process used by node-cron.
[2026-09-29T15:44:53.308Z] [PID: 260] [32m[NODE-CRON][32m [33m[WARN][0m missed execution at Tue Sep 29 2026 21:06:00 GMT+0530 (India Standard Time)! Possible blocking IO or high CPU user at the same process used by node-cron.
[2026-09-29T15:44:53.312Z] [PID: 260] [32m[NODE-CRON][32m [33m[WARN][0m missed execution at Tue Sep 29 2026 21:08:00 GMT+0530 (India Standard Time)! Possible blocking IO or high CPU user at the same process used by node-cron.
[2026-09-29T15:44:53.317Z] [PID: 260] [32m[NODE-CRON][32m [33m[WARN][0m missed execution at Tue Sep 29 2026 21:10:00 GMT+0530 (India Standard Time)! Possible blocking IO or high CPU user at the same process used by node-cron.
[2026-09-29T15:44:53.333Z] [PID: 260] [32m[NODE-CRON][32m [33m[WARN][0m missed execution at Tue Sep 29 2026 21:12:00 GMT+0530 (India Standard Time)! Possible blocking IO or high CPU user at the same process used by node-cron.
[2026-09-29T15:44:53.340Z] [PID: 260] [32m[NODE-CRON][32m [33m[WARN][0m missed execution at Tue Sep 29 2026 21:14:00 GMT+0530 (India Standard Time)! Possible blocking IO or high CPU user at the same process used by node-cron.
[2026-09-29T15:44:53.351Z] [PID: 260] [32m[NODE-CRON][32m [33m[WARN][0m missed execution at Tue Sep 29 2026 18:20:00 GMT+0530 (India Standard Time)! Possible blocking IO or high CPU user at the same process used by node-cron.
[2026-09-29T15:44:53.355Z] [PID: 260] [32m[NODE-CRON][32m [33m[WARN][0m missed execution at Tue Sep 29 2026 18:30:00 GMT+0530 (India Standard Time)! Possible blocking IO or high CPU user at the same process used by node-cron.
[2026-09-29T15:44:53.363Z] [PID: 260] [32m[NODE-CRON][32m [33m[WARN][0m missed execution at Tue Sep 29 2026 18:40:00 GMT+0530 (India Standard Time)! Possible blocking IO or high CPU user at the same process used by node-cron.
[2026-09-29T15:44:53.371Z] [PID: 260] [32m[NODE-CRON][32m [33m[WARN][0m missed execution at Tue Sep 29 2026 18:50:00 GMT+0530 (India Standard Time)! Possible blocking IO or high CPU user at the same process used by node-cron.
[2026-09-29T15:44:53.377Z] [PID: 260] [32m[NODE-CRON][32m [33m[WARN][0m missed execution at Tue Sep 29 2026 19:00:00 GMT+0530 (India Standard Time)! Possible blocking IO or high CPU user at the same process used by node-cron.
[2026-09-29T15:44:53.381Z] [PID: 260] [32m[NODE-CRON][32m [33m[WARN][0m missed execution at Tue Sep 29 2026 19:10:00 GMT+0530 (India Standard Time)! Possible blocking IO or high CPU user at the same process used by node-cron.
[2026-09-29T15:44:53.385Z] [PID: 260] [32m[NODE-CRON][32m [33m[WARN][0m missed execution at Tue Sep 29 2026 19:20:00 GMT+0530 (India Standard Time)! Possible blocking IO or high CPU user at the same process used by node-cron.
[2026-09-29T15:44:53.389Z] [PID: 260] [32m[NODE-CRON][32m [33m[WARN][0m missed execution at Tue Sep 29 2026 19:30:00 GMT+0530 (India Standard Time)! Possible blocking IO or high CPU user at the same process used by node-cron.
[2026-09-29T15:44:53.394Z] [PID: 260] [32m[NODE-CRON][32m [33m[WARN][0m missed execution at Tue Sep 29 2026 19:40:00 GMT+0530 (India Standard Time)! Possible blocking IO or high CPU user at the same process used by node-cron.
[2026-09-29T15:44:53.398Z] [PID: 260] [32m[NODE-CRON][32m [33m[WARN][0m missed execution at Tue Sep 29 2026 19:50:00 GMT+0530 (India Standard Time)! Possible blocking IO or high CPU user at the same process used by node-cron.
[2026-09-29T15:44:53.403Z] [PID: 260] [32m[NODE-CRON][32m [33m[WARN][0m missed execution at Tue Sep 29 2026 20:00:00 GMT+0530 (India Standard Time)! Possible blocking IO or high CPU user at the same process used by node-cron.
[2026-09-29T15:44:53.408Z] [PID: 260] [32m[NODE-CRON][32m [33m[WARN][0m missed execution at Tue Sep 29 2026 20:10:00 GMT+0530 (India Standard Time)! Possible blocking IO or high CPU user at the same process used by node-cron.
[2026-09-29T15:44:53.414Z] [PID: 260] [32m[NODE-CRON][32m [33m[WARN][0m missed execution at Tue Sep 29 2026 20:20:00 GMT+0530 (India Standard Time)! Possible blocking IO or high CPU user at the same process used by node-cron.
[2026-09-29T15:44:53.419Z] [PID: 260] [32m[NODE-CRON][32m [33m[WARN][0m missed execution at Tue Sep 29 2026 20:30:00 GMT+0530 (India Standard Time)! Possible blocking IO or high CPU user at the same process used by node-cron.
[2026-09-29T15:44:53.424Z] [PID: 260] [32m[NODE-CRON][32m [33m[WARN][0m missed execution at Tue Sep 29 2026 20:40:00 GMT+0530 (India Standard Time)! Possible blocking IO or high CPU user at the same process used by node-cron.
[2026-09-29T15:44:53.440Z] [PID: 260] [32m[NODE-CRON][32m [33m[WARN][0m missed execution at Tue Sep 29 2026 20:50:00 GMT+0530 (India Standard Time)! Possible blocking IO or high CPU user at the same process used by node-cron.
[2026-09-29T15:44:53.446Z] [PID: 260] [32m[NODE-CRON][32m [33m[WARN][0m missed execution at Tue Sep 29 2026 21:00:00 GMT+0530 (India Standard Time)! Possible blocking IO or high CPU user at the same process used by node-cron.
[2026-09-29T15:44:53.451Z] [PID: 260] [32m[NODE-CRON][32m [33m[WARN][0m missed execution at Tue Sep 29 2026 21:10:00 GMT+0530 (India Standard Time)! Possible blocking IO or high CPU user at the same process used by node-cron.
[2026-09-29T15:44:53.465Z] [PID: 260] [32m[NODE-CRON][32m [33m[WARN][0m missed execution at Tue Sep 29 2026 18:20:00 GMT+0530 (India Standard Time)! Possible blocking IO or high CPU user at the same process used by node-cron.
[2026-09-29T15:44:53.470Z] [PID: 260] [32m[NODE-CRON][32m [33m[WARN][0m missed execution at Tue Sep 29 2026 18:30:00 GMT+0530 (India Standard Time)! Possible blocking IO or high CPU user at the same process used by node-cron.
[2026-09-29T15:44:53.475Z] [PID: 260] [32m[NODE-CRON][32m [33m[WARN][0m missed execution at Tue Sep 29 2026 18:40:00 GMT+0530 (India Standard Time)! Possible blocking IO or high CPU user at the same process used by node-cron.
[2026-09-29T15:44:53.481Z] [PID: 260] [32m[NODE-CRON][32m [33m[WARN][0m missed execution at Tue Sep 29 2026 18:50:00 GMT+0530 (India Standard Time)! Possible blocking IO or high CPU user at the same process used by node-cron.
[2026-09-29T15:44:53.486Z] [PID: 260] [32m[NODE-CRON][32m [33m[WARN][0m missed execution at Tue Sep 29 2026 19:00:00 GMT+0530 (India Standard Time)! Possible blocking IO or high CPU user at the same process used by node-cron.
[2026-09-29T15:44:53.491Z] [PID: 260] [32m[NODE-CRON][32m [33m[WARN][0m missed execution at Tue Sep 29 2026 19:10:00 GMT+0530 (India Standard Time)! Possible blocking IO or high CPU user at the same process used by node-cron.
[2026-09-29T15:44:53.496Z] [PID: 260] [32m[NODE-CRON][32m [33m[WARN][0m missed execution at Tue Sep 29 2026 19:20:00 GMT+0530 (India Standard Time)! Possible blocking IO or high CPU user at the same process used by node-cron.
[2026-09-29T15:44:53.500Z] [PID: 260] [32m[NODE-CRON][32m [33m[WARN][0m missed execution at Tue Sep 29 2026 19:30:00 GMT+0530 (India Standard Time)! Possible blocking IO or high CPU user at the same process used by node-cron.
[2026-09-29T15:44:53.505Z] [PID: 260] [32m[NODE-CRON][32m [33m[WARN][0m missed execution at Tue Sep 29 2026 19:40:00 GMT+0530 (India Standard Time)! Possible blocking IO or high CPU user at the same process used by node-cron.
[2026-09-29T15:44:53.509Z] [PID: 260] [32m[NODE-CRON][32m [33m[WARN][0m missed execution at Tue Sep 29 2026 19:50:00 GMT+0530 (India Standard Time)! Possible blocking IO or high CPU user at the same process used by node-cron.
[2026-09-29T15:44:53.514Z] [PID: 260] [32m[NODE-CRON][32m [33m[WARN][0m missed execution at Tue Sep 29 2026 20:00:00 GMT+0530 (India Standard Time)! Possible blocking IO or high CPU user at the same process used by node-cron.
[2026-09-29T15:44:53.519Z] [PID: 260] [32m[NODE-CRON][32m [33m[WARN][0m missed execution at Tue Sep 29 2026 20:10:00 GMT+0530 (India Standard Time)! Possible blocking IO or high CPU user at the same process used by node-cron.
[2026-09-29T15:44:53.524Z] [PID: 260] [32m[NODE-CRON][32m [33m[WARN][0m missed execution at Tue Sep 29 2026 20:20:00 GMT+0530 (India Standard Time)! Possible blocking IO or high CPU user at the same process used by node-cron.
[2026-09-29T15:44:53.529Z] [PID: 260] [32m[NODE-CRON][32m [33m[WARN][0m missed execution at Tue Sep 29 2026 20:30:00 GMT+0530 (India Standard Time)! Possible blocking IO or high CPU user at the same process used by node-cron.
[2026-09-29T15:44:53.534Z] [PID: 260] [32m[NODE-CRON][32m [33m[WARN][0m missed execution at Tue Sep 29 2026 20:40:00 GMT+0530 (India Standard Time)! Possible blocking IO or high CPU user at the same process used by node-cron.
[2026-09-29T15:44:53.538Z] [PID: 260] [32m[NODE-CRON][32m [33m[WARN][0m missed execution at Tue Sep 29 2026 20:50:00 GMT+0530 (India Standard Time)! Possible blocking IO or high CPU user at the same process used by node-cron.
[2026-09-29T15:44:53.544Z] [PID: 260] [32m[NODE-CRON][32m [33m[WARN][0m missed execution at Tue Sep 29 2026 21:00:00 GMT+0530 (India Standard Time)! Possible blocking IO or high CPU user at the same process used by node-cron.
[2026-09-29T15:44:53.549Z] [PID: 260] [32m[NODE-CRON][32m [33m[WARN][0m missed execution at Tue Sep 29 2026 21:10:00 GMT+0530 (India Standard Time)! Possible blocking IO or high CPU user at the same process used by node-cron.
[2026-09-29T15:44:53.562Z] [PID: 260] [32m[NODE-CRON][32m [33m[WARN][0m missed execution at Tue Sep 29 2026 18:30:00 GMT+0530 (India Standard Time)! Possible blocking IO or high CPU user at the same process used by node-cron.
[2026-09-29T15:44:53.569Z] [PID: 260] [32m[NODE-CRON][32m [33m[WARN][0m missed execution at Tue Sep 29 2026 19:00:00 GMT+0530 (India Standard Time)! Possible blocking IO or high CPU user at the same process used by node-cron.
[2026-09-29T15:44:53.574Z] [PID: 260] [32m[NODE-CRON][32m [33m[WARN][0m missed execution at Tue Sep 29 2026 19:30:00 GMT+0530 (India Standard Time)! Possible blocking IO or high CPU user at the same process used by node-cron.
[2026-09-29T15:44:53.580Z] [PID: 260] [32m[NODE-CRON][32m [33m[WARN][0m missed execution at Tue Sep 29 2026 20:00:00 GMT+0530 (India Standard Time)! Possible blocking IO or high CPU user at the same process used by node-cron.
[2026-09-29T15:44:53.585Z] [PID: 260] [32m[NODE-CRON][32m [33m[WARN][0m missed execution at Tue Sep 29 2026 20:30:00 GMT+0530 (India Standard Time)! Possible blocking IO or high CPU user at the same process used by node-cron.
[2026-09-29T15:44:53.593Z] [PID: 260] [32m[NODE-CRON][32m [33m[WARN][0m missed execution at Tue Sep 29 2026 21:00:00 GMT+0530 (India Standard Time)! Possible blocking IO or high CPU user at the same process used by node-cron.
[2026-09-29T15:44:53.606Z] [PID: 260] [32m[NODE-CRON][32m [33m[WARN][0m missed execution at Tue Sep 29 2026 18:30:00 GMT+0530 (India Standard Time)! Possible blocking IO or high CPU user at the same process used by node-cron.
[2026-09-29T15:44:53.611Z] [PID: 260] [32m[NODE-CRON][32m [33m[WARN][0m missed execution at Tue Sep 29 2026 19:00:00 GMT+0530 (India Standard Time)! Possible blocking IO or high CPU user at the same process used by node-cron.
[2026-09-29T15:44:53.616Z] [PID: 260] [32m[NODE-CRON][32m [33m[WARN][0m missed execution at Tue Sep 29 2026 19:30:00 GMT+0530 (India Standard Time)! Possible blocking IO or high CPU user at the same process used by node-cron.
[2026-09-29T15:44:53.621Z] [PID: 260] [32m[NODE-CRON][32m [33m[WARN][0m missed execution at Tue Sep 29 2026 20:00:00 GMT+0530 (India Standard Time)! Possible blocking IO or high CPU user at the same process used by node-cron.
[2026-09-29T15:44:53.626Z] [PID: 260] [32m[NODE-CRON][32m [33m[WARN][0m missed execution at Tue Sep 29 2026 20:30:00 GMT+0530 (India Standard Time)! Possible blocking IO or high CPU user at the same process used by node-cron.
[2026-09-29T15:44:53.632Z] [PID: 260] [32m[NODE-CRON][32m [33m[WARN][0m missed execution at Tue Sep 29 2026 21:00:00 GMT+0530 (India Standard Time)! Possible blocking IO or high CPU user at the same process used by node-cron.
[2026-09-29T15:44:53.645Z] [PID: 260] [32m[NODE-CRON][32m [33m[WARN][0m missed execution at Tue Sep 29 2026 18:45:00 GMT+0530 (India Standard Time)! Possible blocking IO or high CPU user at the same process used by node-cron.
[2026-09-29T15:44:53.661Z] [PID: 260] [32m[NODE-CRON][32m [33m[WARN][0m missed execution at Tue Sep 29 2026 19:45:00 GMT+0530 (India Standard Time)! Possible blocking IO or high CPU user at the same process used by node-cron.
[2026-09-29T15:44:53.667Z] [PID: 260] [32m[NODE-CRON][32m [33m[WARN][0m missed execution at Tue Sep 29 2026 20:45:00 GMT+0530 (India Standard Time)! Possible blocking IO or high CPU user at the same process used by node-cron.
[2026-09-30T04:34:48.658Z] [PID: 260] [32m[NODE-CRON][32m [33m[WARN][0m missed execution at Tue Sep 29 2026 21:15:00 GMT+0530 (India Standard Time)! Possible blocking IO or high CPU user at the same process used by node-cron.
[2026-09-30T04:34:48.662Z] [PID: 260] [32m[NODE-CRON][32m [33m[WARN][0m missed execution at Tue Sep 29 2026 21:20:00 GMT+0530 (India Standard Time)! Possible blocking IO or high CPU user at the same process used by node-cron.
[2026-09-30T04:34:48.666Z] [PID: 260] [32m[NODE-CRON][32m [33m[WARN][0m missed execution at Tue Sep 29 2026 21:25:00 GMT+0530 (India Standard Time)! Possible blocking IO or high CPU user at the same process used by node-cron.
[2026-09-30T04:34:48.671Z] [PID: 260] [32m[NODE-CRON][32m [33m[WARN][0m missed execution at Tue Sep 29 2026 21:30:00 GMT+0530 (India Standard Time)! Possible blocking IO or high CPU user at the same process used by node-cron.
[2026-09-30T04:34:48.675Z] [PID: 260] [32m[NODE-CRON][32m [33m[WARN][0m missed execution at Tue Sep 29 2026 21:35:00 GMT+0530 (India Standard Time)! Possible blocking IO or high CPU user at the same process used by node-cron.
[2026-09-30T04:34:48.679Z] [PID: 260] [32m[NODE-CRON][32m [33m[WARN][0m missed execution at Tue Sep 29 2026 21:40:00 GMT+0530 (India Standard Time)! Possible blocking IO or high CPU user at the same process used by node-cron.
[2026-09-30T04:34:48.683Z] [PID: 260] [32m[NODE-CRON][32m [33m[WARN][0m missed execution at Tue Sep 29 2026 21:45:00 GMT+0530 (India Standard Time)! Possible blocking IO or high CPU user at the same process used by node-cron.
[2026-09-30T04:34:48.687Z] [PID: 260] [32m[NODE-CRON][32m [33m[WARN][0m missed execution at Tue Sep 29 2026 21:50:00 GMT+0530 (India Standard Time)! Possible blocking IO or high CPU user at the same process used by node-cron.
[2026-09-30T04:34:48.691Z] [PID: 260] [32m[NODE-CRON][32m [33m[WARN][0m missed execution at Tue Sep 29 2026 21:55:00 GMT+0530 (India Standard Time)! Possible blocking IO or high CPU user at the same process used by node-cron.
[2026-09-30T04:34:48.696Z] [PID: 260] [32m[NODE-CRON][32m [33m[WARN][0m missed execution at Tue Sep 29 2026 22:00:00 GMT+0530 (India Standard Time)! Possible blocking IO or high CPU user at the same process used by node-cron.
[2026-09-30T04:34:48.704Z] [PID: 260] [32m[NODE-CRON][32m [33m[WARN][0m missed execution at Tue Sep 29 2026 22:05:00 GMT+0530 (India Standard Time)! Possible blocking IO or high CPU user at the same process used by node-cron.
[2026-09-30T04:34:48.709Z] [PID: 260] [32m[NODE-CRON][32m [33m[WARN][0m missed execution at Tue Sep 29 2026 22:10:00 GMT+0530 (India Standard Time)! Possible blocking IO or high CPU user at the same process used by node-cron.
[2026-09-30T04:34:48.713Z] [PID: 260] [32m[NODE-CRON][32m [33m[WARN][0m missed execution at Tue Sep 29 2026 22:15:00 GMT+0530 (India Standard Time)! Possible blocking IO or high CPU user at the same process used by node-cron.
[2026-09-30T04:34:48.716Z] [PID: 260] [32m[NODE-CRON][32m [33m[WARN][0m missed execution at Tue Sep 29 2026 22:20:00 GMT+0530 (India Standard Time)! Possible blocking IO or high CPU user at the same process used by node-cron.
[2026-09-30T04:34:48.721Z] [PID: 260] [32m[NODE-CRON][32m [33m[WARN][0m missed execution at Tue Sep 29 2026 22:25:00 GMT+0530 (India Standard Time)! Possible blocking IO or high CPU user at the same process used by node-cron.
[2026-09-30T04:34:48.726Z] [PID: 260] [32m[NODE-CRON][32m [33m[WARN][0m missed execution at Tue Sep 29 2026 22:30:00 GMT+0530 (India Standard Time)! Possible blocking IO or high CPU user at the same process used by node-cron.
[2026-09-30T04:34:48.730Z] [PID: 260] [32m[NODE-CRON][32m [33m[WARN][0m missed execution at Tue Sep 29 2026 22:35:00 GMT+0530 (India Standard Time)! Possible blocking IO or high CPU user at the same process used by node-cron.
[2026-09-30T04:34:48.735Z] [PID: 260] [32m[NODE-CRON][32m [33m[WARN][0m missed execution at Tue Sep 29 2026 22:40:00 GMT+0530 (India Standard Time)! Possible blocking IO or high CPU user at the same process used by node-cron.
[2026-09-30T04:34:48.739Z] [PID: 260] [32m[NODE-CRON][32m [33m[WARN][0m missed execution at Tue Sep 29 2026 22:45:00 GMT+0530 (India Standard Time)! Possible blocking IO or high CPU user at the same process used by node-cron.
[2026-09-30T04:34:48.745Z] [PID: 260] [32m[NODE-CRON][32m [33m[WARN][0m missed execution at Tue Sep 29 2026 22:50:00 GMT+0530 (India Standard Time)! Possible blocking IO or high CPU user at the same process used by node-cron.
[2026-09-30T04:34:48.751Z] [PID: 260] [32m[NODE-CRON][32m [33m[WARN][0m missed execution at Tue Sep 29 2026 22:55:00 GMT+0530 (India Standard Time)! Possible blocking IO or high CPU user at the same process used by node-cron.
[2026-09-30T04:34:48.756Z] [PID: 260] [32m[NODE-CRON][32m [33m[WARN][0m missed execution at Tue Sep 29 2026 23:00:00 GMT+0530 (India Standard Time)! Possible blocking IO or high CPU user at the same process used by node-cron.
[2026-09-30T04:34:48.761Z] [PID: 260] [32m[NODE-CRON][32m [33m[WARN][0m missed execution at Tue Sep 29 2026 23:05:00 GMT+0530 (India Standard Time)! Possible blocking IO or high CPU user at the same process used by node-cron.
[2026-09-30T04:34:48.765Z] [PID: 260] [32m[NODE-CRON][32m [33m[WARN][0m missed execution at Tue Sep 29 2026 23:10:00 GMT+0530 (India Standard Time)! Possible blocking IO or high CPU user at the same process used by node-cron.
[2026-09-30T04:34:48.771Z] [PID: 260] [32m[NODE-CRON][32m [33m[WARN][0m missed execution at Tue Sep 29 2026 23:15:00 GMT+0530 (India Standard Time)! Possible blocking IO or high CPU user at the same process used by node-cron.
[2026-09-30T04:34:48.776Z] [PID: 260] [32m[NODE-CRON][32m [33m[WARN][0m missed execution at Tue Sep 29 2026 23:20:00 GMT+0530 (India Standard Time)! Possible blocking IO or high CPU user at the same process used by node-cron.
[2026-09-30T04:34:48.781Z] [PID: 260] [32m[NODE-CRON][32m [33m[WARN][0m missed execution at Tue Sep 29 2026 23:25:00 GMT+0530 (India Standard Time)! Possible blocking IO or high CPU user at the same process used by node-cron.
[2026-09-30T04:34:48.786Z] [PID: 260] [32m[NODE-CRON][32m [33m[WARN][0m missed execution at Tue Sep 29 2026 23:30:00 GMT+0530 (India Standard Time)! Possible blocking IO or high CPU user at the same process used by node-cron.
[2026-09-30T04:34:48.791Z] [PID: 260] [32m[NODE-CRON][32m [33m[WARN][0m missed execution at Tue Sep 29 2026 23:35:00 GMT+0530 (India Standard Time)! Possible blocking IO or high CPU user at the same process used by node-cron.
[2026-09-30T04:34:48.796Z] [PID: 260] [32m[NODE-CRON][32m [33m[WARN][0m missed execution at Tue Sep 29 2026 23:40:00 GMT+0530 (India Standard Time)! Possible blocking IO or high CPU user at the same process used by node-cron.
[2026-09-30T04:34:48.801Z] [PID: 260] [32m[NODE-CRON][32m [33m[WARN][0m missed execution at Tue Sep 29 2026 23:45:00 GMT+0530 (India Standard Time)! Possible blocking IO or high CPU user at the same process used by node-cron.
[2026-09-30T04:34:48.805Z] [PID: 260] [32m[NODE-CRON][32m [33m[WARN][0m missed execution at Tue Sep 29 2026 23:50:00 GMT+0530 (India Standard Time)! Possible blocking IO or high CPU user at the same process used by node-cron.
[2026-09-30T04:34:48.810Z] [PID: 260] [32m[NODE-CRON][32m [33m[WARN][0m missed execution at Tue Sep 29 2026 23:55:00 GMT+0530 (India Standard Time)! Possible blocking IO or high CPU user at the same process used by node-cron.
[2026-09-30T04:34:48.817Z] [PID: 260] [32m[NODE-CRON][32m [33m[WARN][0m missed execution at Wed Sep 30 2026 00:00:00 GMT+0530 (India Standard Time)! Possible blocking IO or high CPU user at the same process used by node-cron.
[2026-09-30T04:34:48.821Z] [PID: 260] [32m[NODE-CRON][32m [33m[WARN][0m missed execution at Wed Sep 30 2026 00:05:00 GMT+0530 (India Standard Time)! Possible blocking IO or high CPU user at the same process used by node-cron.
[2026-09-30T04:34:48.827Z] [PID: 260] [32m[NODE-CRON][32m [33m[WARN][0m missed execution at Wed Sep 30 2026 00:10:00 GMT+0530 (India Standard Time)! Possible blocking IO or high CPU user at the same process used by node-cron.
[2026-09-30T04:34:48.834Z] [PID: 260] [32m[NODE-CRON][32m [33m[WARN][0m missed execution at Wed Sep 30 2026 00:15:00 GMT+0530 (India Standard Time)! Possible blocking IO or high CPU user at the same process used by node-cron.
[2026-09-30T04:34:48.842Z] [PID: 260] [32m[NODE-CRON][32m [33m[WARN][0m missed execution at Wed Sep 30 2026 00:20:00 GMT+0530 (India Standard Time)! Possible blocking IO or high CPU user at the same process used by node-cron.
[2026-09-30T04:34:48.848Z] [PID: 260] [32m[NODE-CRON][32m [33m[WARN][0m missed execution at Wed Sep 30 2026 00:25:00 GMT+0530 (India Standard Time)! Possible blocking IO or high CPU user at the same process used by node-cron.
[2026-09-30T04:34:48.853Z] [PID: 260] [32m[NODE-CRON][32m [33m[WARN][0m missed execution at Wed Sep 30 2026 00:30:00 GMT+0530 (India Standard Time)! Possible blocking IO or high CPU user at the same process used by node-cron.
[2026-09-30T04:34:48.858Z] [PID: 260] [32m[NODE-CRON][32m [33m[WARN][0m missed execution at Wed Sep 30 2026 00:35:00 GMT+0530 (India Standard Time)! Possible blocking IO or high CPU user at the same process used by node-cron.
[2026-09-30T04:34:48.863Z] [PID: 260] [32m[NODE-CRON][32m [33m[WARN][0m missed execution at Wed Sep 30 2026 00:40:00 GMT+0530 (India Standard Time)! Possible blocking IO or high CPU user at the same process used by node-cron.
[2026-09-30T04:34:48.868Z] [PID: 260] [32m[NODE-CRON][32m [33m[WARN][0m missed execution at Wed Sep 30 2026 00:45:00 GMT+0530 (India Standard Time)! Possible blocking IO or high CPU user at the same process used by node-cron.
[2026-09-30T04:34:48.873Z] [PID: 260] [32m[NODE-CRON][32m [33m[WARN][0m missed execution at Wed Sep 30 2026 00:50:00 GMT+0530 (India Standard Time)! Possible blocking IO or high CPU user at the same process used by node-cron.
[2026-09-30T04:34:48.877Z] [PID: 260] [32m[NODE-CRON][32m [33m[WARN][0m missed execution at Wed Sep 30 2026 00:55:00 GMT+0530 (India Standard Time)! Possible blocking IO or high CPU user at the same process used by node-cron.
[2026-09-30T04:34:48.882Z] [PID: 260] [32m[NODE-CRON][32m [33m[WARN][0m missed execution at Wed Sep 30 2026 01:00:00 GMT+0530 (India Standard Time)! Possible blocking IO or high CPU user at the same process used by node-cron.
[2026-09-30T04:34:48.886Z] [PID: 260] [32m[NODE-CRON][32m [33m[WARN][0m missed execution at Wed Sep 30 2026 01:05:00 GMT+0530 (India Standard Time)! Possible blocking IO or high CPU user at the same process used by node-cron.
[2026-09-30T04:34:48.891Z] [PID: 260] [32m[NODE-CRON][32m [33m[WARN][0m missed execution at Wed Sep 30 2026 01:10:00 GMT+0530 (India Standard Time)! Possible blocking IO or high CPU user at the same process used by node-cron.
[2026-09-30T04:34:48.896Z] [PID: 260] [32m[NODE-CRON][32m [33m[WARN][0m missed execution at Wed Sep 30 2026 01:15:00 GMT+0530 (India Standard Time)! Possible blocking IO or high CPU user at the same process used by node-cron.
[2026-09-30T04:34:48.901Z] [PID: 260] [32m[NODE-CRON][32m [33m[WARN][0m missed execution at Wed Sep 30 2026 01:20:00 GMT+0530 (India Standard Time)! Possible blocking IO or high CPU user at the same process used by node-cron.
[2026-09-30T04:34:48.905Z] [PID: 260] [32m[NODE-CRON][32m [33m[WARN][0m missed execution at Wed Sep 30 2026 01:25:00 GMT+0530 (India Standard Time)! Possible blocking IO or high CPU user at the same process used by node-cron.
[2026-09-30T04:34:48.911Z] [PID: 260] [32m[NODE-CRON][32m [33m[WARN][0m missed execution at Wed Sep 30 2026 01:30:00 GMT+0530 (India Standard Time)! Possible blocking IO or high CPU user at the same process used by node-cron.
[2026-09-30T04:34:48.917Z] [PID: 260] [32m[NODE-CRON][32m [33m[WARN][0m missed execution at Wed Sep 30 2026 01:35:00 GMT+0530 (India Standard Time)! Possible blocking IO or high CPU user at the same process used by node-cron.
[2026-09-30T04:34:48.922Z] [PID: 260] [32m[NODE-CRON][32m [33m[WARN][0m missed execution at Wed Sep 30 2026 01:40:00 GMT+0530 (India Standard Time)! Possible blocking IO or high CPU user at the same process used by node-cron.
[2026-09-30T04:34:48.928Z] [PID: 260] [32m[NODE-CRON][32m [33m[WARN][0m missed execution at Wed Sep 30 2026 01:45:00 GMT+0530 (India Standard Time)! Possible blocking IO or high CPU user at the same process used by node-cron.
[2026-09-30T04:34:48.935Z] [PID: 260] [32m[NODE-CRON][32m [33m[WARN][0m missed execution at Wed Sep 30 2026 01:50:00 GMT+0530 (India Standard Time)! Possible blocking IO or high CPU user at the same process used by node-cron.
[2026-09-30T04:34:48.952Z] [PID: 260] [32m[NODE-CRON][32m [33m[WARN][0m missed execution at Wed Sep 30 2026 01:55:00 GMT+0530 (India Standard Time)! Possible blocking IO or high CPU user at the same process used by node-cron.
[2026-09-30T04:34:48.958Z] [PID: 260] [32m[NODE-CRON][32m [33m[WARN][0m missed execution at Wed Sep 30 2026 02:00:00 GMT+0530 (India Standard Time)! Possible blocking IO or high CPU user at the same process used by node-cron.
[2026-09-30T04:34:48.963Z] [PID: 260] [32m[NODE-CRON][32m [33m[WARN][0m missed execution at Wed Sep 30 2026 02:05:00 GMT+0530 (India Standard Time)! Possible blocking IO or high CPU user at the same process used by node-cron.
[2026-09-30T04:34:48.967Z] [PID: 260] [32m[NODE-CRON][32m [33m[WARN][0m missed execution at Wed Sep 30 2026 02:10:00 GMT+0530 (India Standard Time)! Possible blocking IO or high CPU user at the same process used by node-cron.
[2026-09-30T04:34:48.972Z] [PID: 260] [32m[NODE-CRON][32m [33m[WARN][0m missed execution at Wed Sep 30 2026 02:15:00 GMT+0530 (India Standard Time)! Possible blocking IO or high CPU user at the same process used by node-cron.
[2026-09-30T04:34:48.977Z] [PID: 260] [32m[NODE-CRON][32m [33m[WARN][0m missed execution at Wed Sep 30 2026 02:20:00 GMT+0530 (India Standard Time)! Possible blocking IO or high CPU user at the same process used by node-cron.
[2026-09-30T04:34:48.981Z] [PID: 260] [32m[NODE-CRON][32m [33m[WARN][0m missed execution at Wed Sep 30 2026 02:25:00 GMT+0530 (India Standard Time)! Possible blocking IO or high CPU user at the same process used by node-cron.
[2026-09-30T04:34:48.986Z] [PID: 260] [32m[NODE-CRON][32m [33m[WARN][0m missed execution at Wed Sep 30 2026 02:30:00 GMT+0530 (India Standard Time)! Possible blocking IO or high CPU user at the same process used by node-cron.
[2026-09-30T04:34:48.991Z] [PID: 260] [32m[NODE-CRON][32m [33m[WARN][0m missed execution at Wed Sep 30 2026 02:35:00 GMT+0530 (India Standard Time)! Possible blocking IO or high CPU user at the same process used by node-cron.
[2026-09-30T04:34:48.996Z] [PID: 260] [32m[NODE-CRON][32m [33m[WARN][0m missed execution at Wed Sep 30 2026 02:40:00 GMT+0530 (India Standard Time)! Possible blocking IO or high CPU user at the same process used by node-cron.
[2026-09-30T04:34:49.000Z] [PID: 260] [32m[NODE-CRON][32m [33m[WARN][0m missed execution at Wed Sep 30 2026 02:45:00 GMT+0530 (India Standard Time)! Possible blocking IO or high CPU user at the same process used by node-cron.
[2026-09-30T04:34:49.006Z] [PID: 260] [32m[NODE-CRON][32m [33m[WARN][0m missed execution at Wed Sep 30 2026 02:50:00 GMT+0530 (India Standard Time)! Possible blocking IO or high CPU user at the same process used by node-cron.
[2026-09-30T04:34:49.010Z] [PID: 260] [32m[NODE-CRON][32m [33m[WARN][0m missed execution at Wed Sep 30 2026 02:55:00 GMT+0530 (India Standard Time)! Possible blocking IO or high CPU user at the same process used by node-cron.
[2026-09-30T04:34:49.015Z] [PID: 260] [32m[NODE-CRON][32m [33m[WARN][0m missed execution at Wed Sep 30 2026 03:00:00 GMT+0530 (India Standard Time)! Possible blocking IO or high CPU user at the same process used by node-cron.
[2026-09-30T04:34:49.021Z] [PID: 260] [32m[NODE-CRON][32m [33m[WARN][0m missed execution at Wed Sep 30 2026 03:05:00 GMT+0530 (India Standard Time)! Possible blocking IO or high CPU user at the same process used by node-cron.
[2026-09-30T04:34:49.025Z] [PID: 260] [32m[NODE-CRON][32m [33m[WARN][0m missed execution at Wed Sep 30 2026 03:10:00 GMT+0530 (India Standard Time)! Possible blocking IO or high CPU user at the same process used by node-cron.
[2026-09-30T04:34:49.030Z] [PID: 260] [32m[NODE-CRON][32m [33m[WARN][0m missed execution at Wed Sep 30 2026 03:15:00 GMT+0530 (India Standard Time)! Possible blocking IO or high CPU user at the same process used by node-cron.
[2026-09-30T04:34:49.035Z] [PID: 260] [32m[NODE-CRON][32m [33m[WARN][0m missed execution at Wed Sep 30 2026 03:20:00 GMT+0530 (India Standard Time)! Possible blocking IO or high CPU user at the same process used by node-cron.
[2026-09-30T04:34:49.039Z] [PID: 260] [32m[NODE-CRON][32m [33m[WARN][0m missed execution at Wed Sep 30 2026 03:25:00 GMT+0530 (India Standard Time)! Possible blocking IO or high CPU user at the same process used by node-cron.
[2026-09-30T04:34:49.043Z] [PID: 260] [32m[NODE-CRON][32m [33m[WARN][0m missed execution at Wed Sep 30 2026 03:30:00 GMT+0530 (India Standard Time)! Possible blocking IO or high CPU user at the same process used by node-cron.
[2026-09-30T04:34:49.048Z] [PID: 260] [32m[NODE-CRON][32m [33m[WARN][0m missed execution at Wed Sep 30 2026 03:35:00 GMT+0530 (India Standard Time)! Possible blocking IO or high CPU user at the same process used by node-cron.
[2026-09-30T04:34:49.058Z] [PID: 260] [32m[NODE-CRON][32m [33m[WARN][0m missed execution at Wed Sep 30 2026 03:40:00 GMT+0530 (India Standard Time)! Possible blocking IO or high CPU user at the same process used by node-cron.
[2026-09-30T04:34:49.062Z] [PID: 260] [32m[NODE-CRON][32m [33m[WARN][0m missed execution at Wed Sep 30 2026 03:45:00 GMT+0530 (India Standard Time)! Possible blocking IO or high CPU user at the same process used by node-cron.
[2026-09-30T04:34:49.066Z] [PID: 260] [32m[NODE-CRON][32m [33m[WARN][0m missed execution at Wed Sep 30 2026 03:50:00 GMT+0530 (India Standard Time)! Possible blocking IO or high CPU user at the same process used by node-cron.
[2026-09-30T04:34:49.069Z] [PID: 260] [32m[NODE-CRON][32m [33m[WARN][0m missed execution at Wed Sep 30 2026 03:55:00 GMT+0530 (India Standard Time)! Possible blocking IO or high CPU user at the same process used by node-cron.
[2026-09-30T04:34:49.074Z] [PID: 260] [32m[NODE-CRON][32m [33m[WARN][0m missed execution at Wed Sep 30 2026 04:00:00 GMT+0530 (India Standard Time)! Possible blocking IO or high CPU user at the same process used by node-cron.
[2026-09-30T04:34:49.078Z] [PID: 260] [32m[NODE-CRON][32m [33m[WARN][0m missed execution at Wed Sep 30 2026 04:05:00 GMT+0530 (India Standard Time)! Possible blocking IO or high CPU user at the same process used by node-cron.
[2026-09-30T04:34:49.082Z] [PID: 260] [32m[NODE-CRON][32m [33m[WARN][0m missed execution at Wed Sep 30 2026 04:10:00 GMT+0530 (India Standard Time)! Possible blocking IO or high CPU user at the same process used by node-cron.
[2026-09-30T04:34:49.087Z] [PID: 260] [32m[NODE-CRON][32m [33m[WARN][0m missed execution at Wed Sep 30 2026 04:15:00 GMT+0530 (India Standard Time)! Possible blocking IO or high CPU user at the same process used by node-cron.
[2026-09-30T04:34:49.092Z] [PID: 260] [32m[NODE-CRON][32m [33m[WARN][0m missed execution at Wed Sep 30 2026 04:20:00 GMT+0530 (India Standard Time)! Possible blocking IO or high CPU user at the same process used by node-cron.
[2026-09-30T04:34:49.096Z] [PID: 260] [32m[NODE-CRON][32m [33m[WARN][0m missed execution at Wed Sep 30 2026 04:25:00 GMT+0530 (India Standard Time)! Possible blocking IO or high CPU user at the same process used by node-cron.
[2026-09-30T04:34:49.100Z] [PID: 260] [32m[NODE-CRON][32m [33m[WARN][0m missed execution at Wed Sep 30 2026 04:30:00 GMT+0530 (India Standard Time)! Possible blocking IO or high CPU user at the same process used by node-cron.
[2026-09-30T04:34:49.104Z] [PID: 260] [32m[NODE-CRON][32m [33m[WARN][0m missed execution at Wed Sep 30 2026 04:35:00 GMT+0530 (India Standard Time)! Possible blocking IO or high CPU user at the same process used by node-cron.
[2026-09-30T04:34:49.108Z] [PID: 260] [32m[NODE-CRON][32m [33m[WARN][0m missed execution at Wed Sep 30 2026 04:40:00 GMT+0530 (India Standard Time)! Possible blocking IO or high CPU user at the same process used by node-cron.
[2026-09-30T04:34:49.113Z] [PID: 260] [32m[NODE-CRON][32m [33m[WARN][0m missed execution at Wed Sep 30 2026 04:45:00 GMT+0530 (India Standard Time)! Possible blocking IO or high CPU user at the same process used by node-cron.
[2026-09-30T04:34:49.117Z] [PID: 260] [32m[NODE-CRON][32m [33m[WARN][0m missed execution at Wed Sep 30 2026 04:50:00 GMT+0530 (India Standard Time)! Possible blocking IO or high CPU user at the same process used by node-cron.
[2026-09-30T04:34:49.121Z] [PID: 260] [32m[NODE-CRON][32m [33m[WARN][0m missed execution at Wed Sep 30 2026 04:55:00 GMT+0530 (India Standard Time)! Possible blocking IO or high CPU user at the same process used by node-cron.
[2026-09-30T04:34:49.126Z] [PID: 260] [32m[NODE-CRON][32m [33m[WARN][0m missed execution at Wed Sep 30 2026 05:00:00 GMT+0530 (India Standard Time)! Possible blocking IO or high CPU user at the same process used by node-cron.
[2026-09-30T04:34:49.130Z] [PID: 260] [32m[NODE-CRON][32m [33m[WARN][0m missed execution at Wed Sep 30 2026 05:05:00 GMT+0530 (India Standard Time)! Possible blocking IO or high CPU user at the same process used by node-cron.
[2026-09-30T04:34:49.134Z] [PID: 260] [32m[NODE-CRON][32m [33m[WARN][0m missed execution at Wed Sep 30 2026 05:10:00 GMT+0530 (India Standard Time)! Possible blocking IO or high CPU user at the same process used by node-cron.
[2026-09-30T04:34:49.139Z] [PID: 260] [32m[NODE-CRON][32m [33m[WARN][0m missed execution at Wed Sep 30 2026 05:15:00 GMT+0530 (India Standard Time)! Possible blocking IO or high CPU user at the same process used by node-cron.
[2026-09-30T04:34:49.148Z] [PID: 260] [32m[NODE-CRON][32m [33m[WARN][0m missed execution at Wed Sep 30 2026 05:20:00 GMT+0530 (India Standard Time)! Possible blocking IO or high CPU user at the same process used by node-cron.
[2026-09-30T04:34:49.151Z] [PID: 260] [32m[NODE-CRON][32m [33m[WARN][0m missed execution at Wed Sep 30 2026 05:25:00 GMT+0530 (India Standard Time)! Possible blocking IO or high CPU user at the same process used by node-cron.
[2026-09-30T04:34:49.155Z] [PID: 260] [32m[NODE-CRON][32m [33m[WARN][0m missed execution at Wed Sep 30 2026 05:30:00 GMT+0530 (India Standard Time)! Possible blocking IO or high CPU user at the same process used by node-cron.
[2026-09-30T04:34:49.159Z] [PID: 260] [32m[NODE-CRON][32m [33m[WARN][0m missed execution at Wed Sep 30 2026 05:35:00 GMT+0530 (India Standard Time)! Possible blocking IO or high CPU user at the same process used by node-cron.
[2026-09-30T04:34:49.163Z] [PID: 260] [32m[NODE-CRON][32m [33m[WARN][0m missed execution at Wed Sep 30 2026 05:40:00 GMT+0530 (India Standard Time)! Possible blocking IO or high CPU user at the same process used by node-cron.
[2026-09-30T04:34:49.168Z] [PID: 260] [32m[NODE-CRON][32m [33m[WARN][0m missed execution at Wed Sep 30 2026 05:45:00 GMT+0530 (India Standard Time)! Possible blocking IO or high CPU user at the same process used by node-cron.
[2026-09-30T04:34:49.172Z] [PID: 260] [32m[NODE-CRON][32m [33m[WARN][0m missed execution at Wed Sep 30 2026 05:50:00 GMT+0530 (India Standard Time)! Possible blocking IO or high CPU user at the same process used by node-cron.
[2026-09-30T04:34:49.178Z] [PID: 260] [32m[NODE-CRON][32m [33m[WARN][0m missed execution at Wed Sep 30 2026 05:55:00 GMT+0530 (India Standard Time)! Possible blocking IO or high CPU user at the same process used by node-cron.
[2026-09-30T04:34:49.184Z] [PID: 260] [32m[NODE-CRON][32m [33m[WARN][0m missed execution at Wed Sep 30 2026 06:00:00 GMT+0530 (India Standard Time)! Possible blocking IO or high CPU user at the same process used by node-cron.
[2026-09-30T04:34:49.189Z] [PID: 260] [32m[NODE-CRON][32m [33m[WARN][0m missed execution at Wed Sep 30 2026 06:05:00 GMT+0530 (India Standard Time)! Possible blocking IO or high CPU user at the same process used by node-cron.
[2026-09-30T04:34:49.193Z] [PID: 260] [32m[NODE-CRON][32m [33m[WARN][0m missed execution at Wed Sep 30 2026 06:10:00 GMT+0530 (India Standard Time)! Possible blocking IO or high CPU user at the same process used by node-cron.
[2026-09-30T04:34:49.197Z] [PID: 260] [32m[NODE-CRON][32m [33m[WARN][0m missed execution at Wed Sep 30 2026 06:15:00 GMT+0530 (India Standard Time)! Possible blocking IO or high CPU user at the same process used by node-cron.
[2026-09-30T04:34:49.205Z] [PID: 260] [32m[NODE-CRON][32m [33m[WARN][0m missed execution at Wed Sep 30 2026 06:20:00 GMT+0530 (India Standard Time)! Possible blocking IO or high CPU user at the same process used by node-cron.
[2026-09-30T04:34:49.211Z] [PID: 260] [32m[NODE-CRON][32m [33m[WARN][0m missed execution at Wed Sep 30 2026 06:25:00 GMT+0530 (India Standard Time)! Possible blocking IO or high CPU user at the same process used by node-cron.
[2026-09-30T04:34:49.219Z] [PID: 260] [32m[NODE-CRON][32m [33m[WARN][0m missed execution at Wed Sep 30 2026 06:30:00 GMT+0530 (India Standard Time)! Possible blocking IO or high CPU user at the same process used by node-cron.
[2026-09-30T04:34:49.223Z] [PID: 260] [32m[NODE-CRON][32m [33m[WARN][0m missed execution at Wed Sep 30 2026 06:35:00 GMT+0530 (India Standard Time)! Possible blocking IO or high CPU user at the same process used by node-cron.
[2026-09-30T04:34:49.227Z] [PID: 260] [32m[NODE-CRON][32m [33m[WARN][0m missed execution at Wed Sep 30 2026 06:40:00 GMT+0530 (India Standard Time)! Possible blocking IO or high CPU user at the same process used by node-cron.
[2026-09-30T04:34:49.232Z] [PID: 260] [32m[NODE-CRON][32m [33m[WARN][0m missed execution at Wed Sep 30 2026 06:45:00 GMT+0530 (India Standard Time)! Possible blocking IO or high CPU user at the same process used by node-cron.
[2026-09-30T04:34:49.236Z] [PID: 260] [32m[NODE-CRON][32m [33m[WARN][0m missed execution at Wed Sep 30 2026 06:50:00 GMT+0530 (India Standard Time)! Possible blocking IO or high CPU user at the same process used by node-cron.
[2026-09-30T04:34:49.240Z] [PID: 260] [32m[NODE-CRON][32m [33m[WARN][0m missed execution at Wed Sep 30 2026 06:55:00 GMT+0530 (India Standard Time)! Possible blocking IO or high CPU user at the same process used by node-cron.
[2026-09-30T04:34:49.245Z] [PID: 260] [32m[NODE-CRON][32m [33m[WARN][0m missed execution at Wed Sep 30 2026 07:00:00 GMT+0530 (India Standard Time)! Possible blocking IO or high CPU user at the same process used by node-cron.
[2026-09-30T04:34:49.257Z] [PID: 260] [32m[NODE-CRON][32m [33m[WARN][0m missed execution at Wed Sep 30 2026 07:05:00 GMT+0530 (India Standard Time)! Possible blocking IO or high CPU user at the same process used by node-cron.
[2026-09-30T04:34:49.261Z] [PID: 260] [32m[NODE-CRON][32m [33m[WARN][0m missed execution at Wed Sep 30 2026 07:10:00 GMT+0530 (India Standard Time)! Possible blocking IO or high CPU user at the same process used by node-cron.
[2026-09-30T04:34:49.265Z] [PID: 260] [32m[NODE-CRON][32m [33m[WARN][0m missed execution at Wed Sep 30 2026 07:15:00 GMT+0530 (India Standard Time)! Possible blocking IO or high CPU user at the same process used by node-cron.
[2026-09-30T04:34:49.268Z] [PID: 260] [32m[NODE-CRON][32m [33m[WARN][0m missed execution at Wed Sep 30 2026 07:20:00 GMT+0530 (India Standard Time)! Possible blocking IO or high CPU user at the same process used by node-cron.
[2026-09-30T04:34:49.272Z] [PID: 260] [32m[NODE-CRON][32m [33m[WARN][0m missed execution at Wed Sep 30 2026 07:25:00 GMT+0530 (India Standard Time)! Possible blocking IO or high CPU user at the same process used by node-cron.
[2026-09-30T04:34:49.276Z] [PID: 260] [32m[NODE-CRON][32m [33m[WARN][0m missed execution at Wed Sep 30 2026 07:30:00 GMT+0530 (India Standard Time)! Possible blocking IO or high CPU user at the same process used by node-cron.
[2026-09-30T04:34:49.280Z] [PID: 260] [32m[NODE-CRON][32m [33m[WARN][0m missed execution at Wed Sep 30 2026 07:35:00 GMT+0530 (India Standard Time)! Possible blocking IO or high CPU user at the same process used by node-cron.
[2026-09-30T04:34:49.284Z] [PID: 260] [32m[NODE-CRON][32m [33m[WARN][0m missed execution at Wed Sep 30 2026 07:40:00 GMT+0530 (India Standard Time)! Possible blocking IO or high CPU user at the same process used by node-cron.
[2026-09-30T04:34:49.288Z] [PID: 260] [32m[NODE-CRON][32m [33m[WARN][0m missed execution at Wed Sep 30 2026 07:45:00 GMT+0530 (India Standard Time)! Possible blocking IO or high CPU user at the same process used by node-cron.
[2026-09-30T04:34:49.292Z] [PID: 260] [32m[NODE-CRON][32m [33m[WARN][0m missed execution at Wed Sep 30 2026 07:50:00 GMT+0530 (India Standard Time)! Possible blocking IO or high CPU user at the same process used by node-cron.
[2026-09-30T04:34:49.295Z] [PID: 260] [32m[NODE-CRON][32m [33m[WARN][0m missed execution at Wed Sep 30 2026 07:55:00 GMT+0530 (India Standard Time)! Possible blocking IO or high CPU user at the same process used by node-cron.
[2026-09-30T04:34:49.300Z] [PID: 260] [32m[NODE-CRON][32m [33m[WARN][0m missed execution at Wed Sep 30 2026 08:00:00 GMT+0530 (India Standard Time)! Possible blocking IO or high CPU user at the same process used by node-cron.
[2026-09-30T04:34:49.304Z] [PID: 260] [32m[NODE-CRON][32m [33m[WARN][0m missed execution at Wed Sep 30 2026 08:05:00 GMT+0530 (India Standard Time)! Possible blocking IO or high CPU user at the same process used by node-cron.
[2026-09-30T04:34:49.311Z] [PID: 260] [32m[NODE-CRON][32m [33m[WARN][0m missed execution at Wed Sep 30 2026 08:10:00 GMT+0530 (India Standard Time)! Possible blocking IO or high CPU user at the same process used by node-cron.
[2026-09-30T04:34:49.316Z] [PID: 260] [32m[NODE-CRON][32m [33m[WARN][0m missed execution at Wed Sep 30 2026 08:15:00 GMT+0530 (India Standard Time)! Possible blocking IO or high CPU user at the same process used by node-cron.
[2026-09-30T04:34:49.321Z] [PID: 260] [32m[NODE-CRON][32m [33m[WARN][0m missed execution at Wed Sep 30 2026 08:20:00 GMT+0530 (India Standard Time)! Possible blocking IO or high CPU user at the same process used by node-cron.
[2026-09-30T04:34:49.328Z] [PID: 260] [32m[NODE-CRON][32m [33m[WARN][0m missed execution at Wed Sep 30 2026 08:25:00 GMT+0530 (India Standard Time)! Possible blocking IO or high CPU user at the same process used by node-cron.
[2026-09-30T04:34:49.333Z] [PID: 260] [32m[NODE-CRON][32m [33m[WARN][0m missed execution at Wed Sep 30 2026 08:30:00 GMT+0530 (India Standard Time)! Possible blocking IO or high CPU user at the same process used by node-cron.
[2026-09-30T04:34:49.337Z] [PID: 260] [32m[NODE-CRON][32m [33m[WARN][0m missed execution at Wed Sep 30 2026 08:35:00 GMT+0530 (India Standard Time)! Possible blocking IO or high CPU user at the same process used by node-cron.
[2026-09-30T04:34:49.345Z] [PID: 260] [32m[NODE-CRON][32m [33m[WARN][0m missed execution at Wed Sep 30 2026 08:40:00 GMT+0530 (India Standard Time)! Possible blocking IO or high CPU user at the same process used by node-cron.
[2026-09-30T04:34:49.351Z] [PID: 260] [32m[NODE-CRON][32m [33m[WARN][0m missed execution at Wed Sep 30 2026 08:45:00 GMT+0530 (India Standard Time)! Possible blocking IO or high CPU user at the same process used by node-cron.
[2026-09-30T04:34:49.364Z] [PID: 260] [32m[NODE-CRON][32m [33m[WARN][0m missed execution at Wed Sep 30 2026 08:50:00 GMT+0530 (India Standard Time)! Possible blocking IO or high CPU user at the same process used by node-cron.
[2026-09-30T04:34:49.370Z] [PID: 260] [32m[NODE-CRON][32m [33m[WARN][0m missed execution at Wed Sep 30 2026 08:55:00 GMT+0530 (India Standard Time)! Possible blocking IO or high CPU user at the same process used by node-cron.
[2026-09-30T04:34:49.376Z] [PID: 260] [32m[NODE-CRON][32m [33m[WARN][0m missed execution at Wed Sep 30 2026 09:00:00 GMT+0530 (India Standard Time)! Possible blocking IO or high CPU user at the same process used by node-cron.
[2026-09-30T04:34:49.382Z] [PID: 260] [32m[NODE-CRON][32m [33m[WARN][0m missed execution at Wed Sep 30 2026 09:05:00 GMT+0530 (India Standard Time)! Possible blocking IO or high CPU user at the same process used by node-cron.
[2026-09-30T04:34:49.388Z] [PID: 260] [32m[NODE-CRON][32m [33m[WARN][0m missed execution at Wed Sep 30 2026 09:10:00 GMT+0530 (India Standard Time)! Possible blocking IO or high CPU user at the same process used by node-cron.
[2026-09-30T04:34:49.393Z] [PID: 260] [32m[NODE-CRON][32m [33m[WARN][0m missed execution at Wed Sep 30 2026 09:15:00 GMT+0530 (India Standard Time)! Possible blocking IO or high CPU user at the same process used by node-cron.
[2026-09-30T04:34:49.399Z] [PID: 260] [32m[NODE-CRON][32m [33m[WARN][0m missed execution at Wed Sep 30 2026 09:20:00 GMT+0530 (India Standard Time)! Possible blocking IO or high CPU user at the same process used by node-cron.
[2026-09-30T04:34:49.405Z] [PID: 260] [32m[NODE-CRON][32m [33m[WARN][0m missed execution at Wed Sep 30 2026 09:25:00 GMT+0530 (India Standard Time)! Possible blocking IO or high CPU user at the same process used by node-cron.
[2026-09-30T04:34:49.410Z] [PID: 260] [32m[NODE-CRON][32m [33m[WARN][0m missed execution at Wed Sep 30 2026 09:30:00 GMT+0530 (India Standard Time)! Possible blocking IO or high CPU user at the same process used by node-cron.
[2026-09-30T04:34:49.415Z] [PID: 260] [32m[NODE-CRON][32m [33m[WARN][0m missed execution at Wed Sep 30 2026 09:35:00 GMT+0530 (India Standard Time)! Possible blocking IO or high CPU user at the same process used by node-cron.
[2026-09-30T04:34:49.420Z] [PID: 260] [32m[NODE-CRON][32m [33m[WARN][0m missed execution at Wed Sep 30 2026 09:40:00 GMT+0530 (India Standard Time)! Possible blocking IO or high CPU user at the same process used by node-cron.
[2026-09-30T04:34:49.426Z] [PID: 260] [32m[NODE-CRON][32m [33m[WARN][0m missed execution at Wed Sep 30 2026 09:45:00 GMT+0530 (India Standard Time)! Possible blocking IO or high CPU user at the same process used by node-cron.
[2026-09-30T04:34:49.431Z] [PID: 260] [32m[NODE-CRON][32m [33m[WARN][0m missed execution at Wed Sep 30 2026 09:50:00 GMT+0530 (India Standard Time)! Possible blocking IO or high CPU user at the same process used by node-cron.
[2026-09-30T04:34:49.436Z] [PID: 260] [32m[NODE-CRON][32m [33m[WARN][0m missed execution at Wed Sep 30 2026 09:55:00 GMT+0530 (India Standard Time)! Possible blocking IO or high CPU user at the same process used by node-cron.
[2026-09-30T04:34:49.442Z] [PID: 260] [32m[NODE-CRON][32m [33m[WARN][0m missed execution at Wed Sep 30 2026 10:00:00 GMT+0530 (India Standard Time)! Possible blocking IO or high CPU user at the same process used by node-cron.
[2026-09-30T04:34:49.456Z] [PID: 260] [32m[NODE-CRON][32m [33m[WARN][0m missed execution at Tue Sep 29 2026 21:15:00 GMT+0530 (India Standard Time)! Possible blocking IO or high CPU user at the same process used by node-cron.
[2026-09-30T04:34:49.461Z] [PID: 260] [32m[NODE-CRON][32m [33m[WARN][0m missed execution at Tue Sep 29 2026 21:30:00 GMT+0530 (India Standard Time)! Possible blocking IO or high CPU user at the same process used by node-cron.
[2026-09-30T04:34:49.465Z] [PID: 260] [32m[NODE-CRON][32m [33m[WARN][0m missed execution at Tue Sep 29 2026 21:45:00 GMT+0530 (India Standard Time)! Possible blocking IO or high CPU user at the same process used by node-cron.
[2026-09-30T04:34:49.471Z] [PID: 260] [32m[NODE-CRON][32m [33m[WARN][0m missed execution at Tue Sep 29 2026 22:00:00 GMT+0530 (India Standard Time)! Possible blocking IO or high CPU user at the same process used by node-cron.
[2026-09-30T04:34:49.482Z] [PID: 260] [32m[NODE-CRON][32m [33m[WARN][0m missed execution at Tue Sep 29 2026 22:15:00 GMT+0530 (India Standard Time)! Possible blocking IO or high CPU user at the same process used by node-cron.
[2026-09-30T04:34:49.487Z] [PID: 260] [32m[NODE-CRON][32m [33m[WARN][0m missed execution at Tue Sep 29 2026 22:30:00 GMT+0530 (India Standard Time)! Possible blocking IO or high CPU user at the same process used by node-cron.
[2026-09-30T04:34:49.492Z] [PID: 260] [32m[NODE-CRON][32m [33m[WARN][0m missed execution at Tue Sep 29 2026 22:45:00 GMT+0530 (India Standard Time)! Possible blocking IO or high CPU user at the same process used by node-cron.
[2026-09-30T04:34:49.499Z] [PID: 260] [32m[NODE-CRON][32m [33m[WARN][0m missed execution at Tue Sep 29 2026 23:00:00 GMT+0530 (India Standard Time)! Possible blocking IO or high CPU user at the same process used by node-cron.
[2026-09-30T04:34:49.505Z] [PID: 260] [32m[NODE-CRON][32m [33m[WARN][0m missed execution at Tue Sep 29 2026 23:15:00 GMT+0530 (India Standard Time)! Possible blocking IO or high CPU user at the same process used by node-cron.
[2026-09-30T04:34:49.511Z] [PID: 260] [32m[NODE-CRON][32m [33m[WARN][0m missed execution at Tue Sep 29 2026 23:30:00 GMT+0530 (India Standard Time)! Possible blocking IO or high CPU user at the same process used by node-cron.
[2026-09-30T04:34:49.516Z] [PID: 260] [32m[NODE-CRON][32m [33m[WARN][0m missed execution at Tue Sep 29 2026 23:45:00 GMT+0530 (India Standard Time)! Possible blocking IO or high CPU user at the same process used by node-cron.
[2026-09-30T04:34:49.523Z] [PID: 260] [32m[NODE-CRON][32m [33m[WARN][0m missed execution at Wed Sep 30 2026 00:00:00 GMT+0530 (India Standard Time)! Possible blocking IO or high CPU user at the same process used by node-cron.
[2026-09-30T04:34:49.527Z] [PID: 260] [32m[NODE-CRON][32m [33m[WARN][0m missed execution at Wed Sep 30 2026 00:15:00 GMT+0530 (India Standard Time)! Possible blocking IO or high CPU user at the same process used by node-cron.
[2026-09-30T04:34:49.532Z] [PID: 260] [32m[NODE-CRON][32m [33m[WARN][0m missed execution at Wed Sep 30 2026 00:30:00 GMT+0530 (India Standard Time)! Possible blocking IO or high CPU user at the same process used by node-cron.
[2026-09-30T04:34:49.536Z] [PID: 260] [32m[NODE-CRON][32m [33m[WARN][0m missed execution at Wed Sep 30 2026 00:45:00 GMT+0530 (India Standard Time)! Possible blocking IO or high CPU user at the same process used by node-cron.
[2026-09-30T04:34:49.542Z] [PID: 260] [32m[NODE-CRON][32m [33m[WARN][0m missed execution at Wed Sep 30 2026 01:00:00 GMT+0530 (India Standard Time)! Possible blocking IO or high CPU user at the same process used by node-cron.
[2026-09-30T04:34:49.546Z] [PID: 260] [32m[NODE-CRON][32m [33m[WARN][0m missed execution at Wed Sep 30 2026 01:15:00 GMT+0530 (India Standard Time)! Possible blocking IO or high CPU user at the same process used by node-cron.
[2026-09-30T04:34:49.551Z] [PID: 260] [32m[NODE-CRON][32m [33m[WARN][0m missed execution at Wed Sep 30 2026 01:30:00 GMT+0530 (India Standard Time)! Possible blocking IO or high CPU user at the same process used by node-cron.
[2026-09-30T04:34:49.555Z] [PID: 260] [32m[NODE-CRON][32m [33m[WARN][0m missed execution at Wed Sep 30 2026 01:45:00 GMT+0530 (India Standard Time)! Possible blocking IO or high CPU user at the same process used by node-cron.
[2026-09-30T04:34:49.560Z] [PID: 260] [32m[NODE-CRON][32m [33m[WARN][0m missed execution at Wed Sep 30 2026 02:00:00 GMT+0530 (India Standard Time)! Possible blocking IO or high CPU user at the same process used by node-cron.
[2026-09-30T04:34:49.565Z] [PID: 260] [32m[NODE-CRON][32m [33m[WARN][0m missed execution at Wed Sep 30 2026 02:15:00 GMT+0530 (India Standard Time)! Possible blocking IO or high CPU user at the same process used by node-cron.
[2026-09-30T04:34:49.570Z] [PID: 260] [32m[NODE-CRON][32m [33m[WARN][0m missed execution at Wed Sep 30 2026 02:30:00 GMT+0530 (India Standard Time)! Possible blocking IO or high CPU user at the same process used by node-cron.
[2026-09-30T04:34:49.575Z] [PID: 260] [32m[NODE-CRON][32m [33m[WARN][0m missed execution at Wed Sep 30 2026 02:45:00 GMT+0530 (India Standard Time)! Possible blocking IO or high CPU user at the same process used by node-cron.
[2026-09-30T04:34:49.580Z] [PID: 260] [32m[NODE-CRON][32m [33m[WARN][0m missed execution at Wed Sep 30 2026 03:00:00 GMT+0530 (India Standard Time)! Possible blocking IO or high CPU user at the same process used by node-cron.
[2026-09-30T04:34:49.591Z] [PID: 260] [32m[NODE-CRON][32m [33m[WARN][0m missed execution at Wed Sep 30 2026 03:15:00 GMT+0530 (India Standard Time)! Possible blocking IO or high CPU user at the same process used by node-cron.
[2026-09-30T04:34:49.596Z] [PID: 260] [32m[NODE-CRON][32m [33m[WARN][0m missed execution at Wed Sep 30 2026 03:30:00 GMT+0530 (India Standard Time)! Possible blocking IO or high CPU user at the same process used by node-cron.
[2026-09-30T04:34:49.600Z] [PID: 260] [32m[NODE-CRON][32m [33m[WARN][0m missed execution at Wed Sep 30 2026 03:45:00 GMT+0530 (India Standard Time)! Possible blocking IO or high CPU user at the same process used by node-cron.
[2026-09-30T04:34:49.605Z] [PID: 260] [32m[NODE-CRON][32m [33m[WARN][0m missed execution at Wed Sep 30 2026 04:00:00 GMT+0530 (India Standard Time)! Possible blocking IO or high CPU user at the same process used by node-cron.
[2026-09-30T04:34:49.609Z] [PID: 260] [32m[NODE-CRON][32m [33m[WARN][0m missed execution at Wed Sep 30 2026 04:15:00 GMT+0530 (India Standard Time)! Possible blocking IO or high CPU user at the same process used by node-cron.
[2026-09-30T04:34:49.613Z] [PID: 260] [32m[NODE-CRON][32m [33m[WARN][0m missed execution at Wed Sep 30 2026 04:30:00 GMT+0530 (India Standard Time)! Possible blocking IO or high CPU user at the same process used by node-cron.
[2026-09-30T04:34:49.617Z] [PID: 260] [32m[NODE-CRON][32m [33m[WARN][0m missed execution at Wed Sep 30 2026 04:45:00 GMT+0530 (India Standard Time)! Possible blocking IO or high CPU user at the same process used by node-cron.
[2026-09-30T04:34:49.621Z] [PID: 260] [32m[NODE-CRON][32m [33m[WARN][0m missed execution at Wed Sep 30 2026 05:00:00 GMT+0530 (India Standard Time)! Possible blocking IO or high CPU user at the same process used by node-cron.
[2026-09-30T04:34:49.626Z] [PID: 260] [32m[NODE-CRON][32m [33m[WARN][0m missed execution at Wed Sep 30 2026 05:15:00 GMT+0530 (India Standard Time)! Possible blocking IO or high CPU user at the same process used by node-cron.
[2026-09-30T04:34:49.630Z] [PID: 260] [32m[NODE-CRON][32m [33m[WARN][0m missed execution at Wed Sep 30 2026 05:30:00 GMT+0530 (India Standard Time)! Possible blocking IO or high CPU user at the same process used by node-cron.
[2026-09-30T04:34:49.634Z] [PID: 260] [32m[NODE-CRON][32m [33m[WARN][0m missed execution at Wed Sep 30 2026 05:45:00 GMT+0530 (India Standard Time)! Possible blocking IO or high CPU user at the same process used by node-cron.
[2026-09-30T04:34:49.639Z] [PID: 260] [32m[NODE-CRON][32m [33m[WARN][0m missed execution at Wed Sep 30 2026 06:00:00 GMT+0530 (India Standard Time)! Possible blocking IO or high CPU user at the same process used by node-cron.
[2026-09-30T04:34:49.644Z] [PID: 260] [32m[NODE-CRON][32m [33m[WARN][0m missed execution at Wed Sep 30 2026 06:15:00 GMT+0530 (India Standard Time)! Possible blocking IO or high CPU user at the same process used by node-cron.
[2026-09-30T04:34:49.648Z] [PID: 260] [32m[NODE-CRON][32m [33m[WARN][0m missed execution at Wed Sep 30 2026 06:30:00 GMT+0530 (India Standard Time)! Possible blocking IO or high CPU user at the same process used by node-cron.
[2026-09-30T04:34:49.651Z] [PID: 260] [32m[NODE-CRON][32m [33m[WARN][0m missed execution at Wed Sep 30 2026 06:45:00 GMT+0530 (India Standard Time)! Possible blocking IO or high CPU user at the same process used by node-cron.
[2026-09-30T04:34:49.657Z] [PID: 260] [32m[NODE-CRON][32m [33m[WARN][0m missed execution at Wed Sep 30 2026 07:00:00 GMT+0530 (India Standard Time)! Possible blocking IO or high CPU user at the same process used by node-cron.
[2026-09-30T04:34:49.660Z] [PID: 260] [32m[NODE-CRON][32m [33m[WARN][0m missed execution at Wed Sep 30 2026 07:15:00 GMT+0530 (India Standard Time)! Possible blocking IO or high CPU user at the same process used by node-cron.
[2026-09-30T04:34:49.664Z] [PID: 260] [32m[NODE-CRON][32m [33m[WARN][0m missed execution at Wed Sep 30 2026 07:30:00 GMT+0530 (India Standard Time)! Possible blocking IO or high CPU user at the same process used by node-cron.
[2026-09-30T04:34:49.668Z] [PID: 260] [32m[NODE-CRON][32m [33m[WARN][0m missed execution at Wed Sep 30 2026 07:45:00 GMT+0530 (India Standard Time)! Possible blocking IO or high CPU user at the same process used by node-cron.
[2026-09-30T04:34:49.673Z] [PID: 260] [32m[NODE-CRON][32m [33m[WARN][0m missed execution at Wed Sep 30 2026 08:00:00 GMT+0530 (India Standard Time)! Possible blocking IO or high CPU user at the same process used by node-cron.
[2026-09-30T04:34:49.676Z] [PID: 260] [32m[NODE-CRON][32m [33m[WARN][0m missed execution at Wed Sep 30 2026 08:15:00 GMT+0530 (India Standard Time)! Possible blocking IO or high CPU user at the same process used by node-cron.
[2026-09-30T04:34:49.685Z] [PID: 260] [32m[NODE-CRON][32m [33m[WARN][0m missed execution at Wed Sep 30 2026 08:30:00 GMT+0530 (India Standard Time)! Possible blocking IO or high CPU user at the same process used by node-cron.
[2026-09-30T04:34:49.690Z] [PID: 260] [32m[NODE-CRON][32m [33m[WARN][0m missed execution at Wed Sep 30 2026 08:45:00 GMT+0530 (India Standard Time)! Possible blocking IO or high CPU user at the same process used by node-cron.
[2026-09-30T04:34:49.695Z] [PID: 260] [32m[NODE-CRON][32m [33m[WARN][0m missed execution at Wed Sep 30 2026 09:00:00 GMT+0530 (India Standard Time)! Possible blocking IO or high CPU user at the same process used by node-cron.
[2026-09-30T04:34:49.699Z] [PID: 260] [32m[NODE-CRON][32m [33m[WARN][0m missed execution at Wed Sep 30 2026 09:15:00 GMT+0530 (India Standard Time)! Possible blocking IO or high CPU user at the same process used by node-cron.
[2026-09-30T04:34:49.703Z] [PID: 260] [32m[NODE-CRON][32m [33m[WARN][0m missed execution at Wed Sep 30 2026 09:30:00 GMT+0530 (India Standard Time)! Possible blocking IO or high CPU user at the same process used by node-cron.
[2026-09-30T04:34:49.708Z] [PID: 260] [32m[NODE-CRON][32m [33m[WARN][0m missed execution at Wed Sep 30 2026 09:45:00 GMT+0530 (India Standard Time)! Possible blocking IO or high CPU user at the same process used by node-cron.
[2026-09-30T04:34:49.712Z] [PID: 260] [32m[NODE-CRON][32m [33m[WARN][0m missed execution at Wed Sep 30 2026 10:00:00 GMT+0530 (India Standard Time)! Possible blocking IO or high CPU user at the same process used by node-cron.
[2026-09-30T04:34:49.723Z] [PID: 260] [32m[NODE-CRON][32m [33m[WARN][0m missed execution at Tue Sep 29 2026 21:15:00 GMT+0530 (India Standard Time)! Possible blocking IO or high CPU user at the same process used by node-cron.
[2026-09-30T04:34:49.727Z] [PID: 260] [32m[NODE-CRON][32m [33m[WARN][0m missed execution at Tue Sep 29 2026 21:16:00 GMT+0530 (India Standard Time)! Possible blocking IO or high CPU user at the same process used by node-cron.
[2026-09-30T04:34:49.732Z] [PID: 260] [32m[NODE-CRON][32m [33m[WARN][0m missed execution at Tue Sep 29 2026 21:17:00 GMT+0530 (India Standard Time)! Possible blocking IO or high CPU user at the same process used by node-cron.
[2026-09-30T04:34:49.736Z] [PID: 260] [32m[NODE-CRON][32m [33m[WARN][0m missed execution at Tue Sep 29 2026 21:18:00 GMT+0530 (India Standard Time)! Possible blocking IO or high CPU user at the same process used by node-cron.
[2026-09-30T04:34:49.740Z] [PID: 260] [32m[NODE-CRON][32m [33m[WARN][0m missed execution at Tue Sep 29 2026 21:19:00 GMT+0530 (India Standard Time)! Possible blocking IO or high CPU user at the same process used by node-cron.
[2026-09-30T04:34:49.744Z] [PID: 260] [32m[NODE-CRON][32m [33m[WARN][0m missed execution at Tue Sep 29 2026 21:20:00 GMT+0530 (India Standard Time)! Possible blocking IO or high CPU user at the same process used by node-cron.
[2026-09-30T04:34:49.748Z] [PID: 260] [32m[NODE-CRON][32m [33m[WARN][0m missed execution at Tue Sep 29 2026 21:21:00 GMT+0530 (India Standard Time)! Possible blocking IO or high CPU user at the same process used by node-cron.
[2026-09-30T04:34:49.753Z] [PID: 260] [32m[NODE-CRON][32m [33m[WARN][0m missed execution at Tue Sep 29 2026 21:22:00 GMT+0530 (India Standard Time)! Possible blocking IO or high CPU user at the same process used by node-cron.
[2026-09-30T04:34:49.756Z] [PID: 260] [32m[NODE-CRON][32m [33m[WARN][0m missed execution at Tue Sep 29 2026 21:23:00 GMT+0530 (India Standard Time)! Possible blocking IO or high CPU user at the same process used by node-cron.
[2026-09-30T04:34:49.761Z] [PID: 260] [32m[NODE-CRON][32m [33m[WARN][0m missed execution at Tue Sep 29 2026 21:24:00 GMT+0530 (India Standard Time)! Possible blocking IO or high CPU user at the same process used by node-cron.
[2026-09-30T04:34:49.769Z] [PID: 260] [32m[NODE-CRON][32m [33m[WARN][0m missed execution at Tue Sep 29 2026 21:25:00 GMT+0530 (India Standard Time)! Possible blocking IO or high CPU user at the same process used by node-cron.
[2026-09-30T04:34:49.773Z] [PID: 260] [32m[NODE-CRON][32m [33m[WARN][0m missed execution at Tue Sep 29 2026 21:26:00 GMT+0530 (India Standard Time)! Possible blocking IO or high CPU user at the same process used by node-cron.
[2026-09-30T04:34:49.780Z] [PID: 260] [32m[NODE-CRON][32m [33m[WARN][0m missed execution at Tue Sep 29 2026 21:27:00 GMT+0530 (India Standard Time)! Possible blocking IO or high CPU user at the same process used by node-cron.
[2026-09-30T04:34:49.784Z] [PID: 260] [32m[NODE-CRON][32m [33m[WARN][0m missed execution at Tue Sep 29 2026 21:28:00 GMT+0530 (India Standard Time)! Possible blocking IO or high CPU user at the same process used by node-cron.
[2026-09-30T04:34:49.788Z] [PID: 260] [32m[NODE-CRON][32m [33m[WARN][0m missed execution at Tue Sep 29 2026 21:29:00 GMT+0530 (India Standard Time)! Possible blocking IO or high CPU user at the same process used by node-cron.
[2026-09-30T04:34:49.793Z] [PID: 260] [32m[NODE-CRON][32m [33m[WARN][0m missed execution at Tue Sep 29 2026 21:30:00 GMT+0530 (India Standard Time)! Possible blocking IO or high CPU user at the same process used by node-cron.
[2026-09-30T04:34:49.798Z] [PID: 260] [32m[NODE-CRON][32m [33m[WARN][0m missed execution at Tue Sep 29 2026 21:31:00 GMT+0530 (India Standard Time)! Possible blocking IO or high CPU user at the same process used by node-cron.
[2026-09-30T04:34:49.802Z] [PID: 260] [32m[NODE-CRON][32m [33m[WARN][0m missed execution at Tue Sep 29 2026 21:32:00 GMT+0530 (India Standard Time)! Possible blocking IO or high CPU user at the same process used by node-cron.
[2026-09-30T04:34:49.807Z] [PID: 260] [32m[NODE-CRON][32m [33m[WARN][0m missed execution at Tue Sep 29 2026 21:33:00 GMT+0530 (India Standard Time)! Possible blocking IO or high CPU user at the same process used by node-cron.
[2026-09-30T04:34:49.811Z] [PID: 260] [32m[NODE-CRON][32m [33m[WARN][0m missed execution at Tue Sep 29 2026 21:34:00 GMT+0530 (India Standard Time)! Possible blocking IO or high CPU user at the same process used by node-cron.
[2026-09-30T04:34:49.816Z] [PID: 260] [32m[NODE-CRON][32m [33m[WARN][0m missed execution at Tue Sep 29 2026 21:35:00 GMT+0530 (India Standard Time)! Possible blocking IO or high CPU user at the same process used by node-cron.
[2026-09-30T04:34:49.821Z] [PID: 260] [32m[NODE-CRON][32m [33m[WARN][0m missed execution at Tue Sep 29 2026 21:36:00 GMT+0530 (India Standard Time)! Possible blocking IO or high CPU user at the same process used by node-cron.
[2026-09-30T04:34:49.826Z] [PID: 260] [32m[NODE-CRON][32m [33m[WARN][0m missed execution at Tue Sep 29 2026 21:37:00 GMT+0530 (India Standard Time)! Possible blocking IO or high CPU user at the same process used by node-cron.
[2026-09-30T04:34:49.830Z] [PID: 260] [32m[NODE-CRON][32m [33m[WARN][0m missed execution at Tue Sep 29 2026 21:38:00 GMT+0530 (India Standard Time)! Possible blocking IO or high CPU user at the same process used by node-cron.
[2026-09-30T04:34:49.834Z] [PID: 260] [32m[NODE-CRON][32m [33m[WARN][0m missed execution at Tue Sep 29 2026 21:39:00 GMT+0530 (India Standard Time)! Possible blocking IO or high CPU user at the same process used by node-cron.
[2026-09-30T04:34:49.838Z] [PID: 260] [32m[NODE-CRON][32m [33m[WARN][0m missed execution at Tue Sep 29 2026 21:40:00 GMT+0530 (India Standard Time)! Possible blocking IO or high CPU user at the same process used by node-cron.
[2026-09-30T04:34:49.843Z] [PID: 260] [32m[NODE-CRON][32m [33m[WARN][0m missed execution at Tue Sep 29 2026 21:41:00 GMT+0530 (India Standard Time)! Possible blocking IO or high CPU user at the same process used by node-cron.
[2026-09-30T04:34:49.850Z] [PID: 260] [32m[NODE-CRON][32m [33m[WARN][0m missed execution at Tue Sep 29 2026 21:42:00 GMT+0530 (India Standard Time)! Possible blocking IO or high CPU user at the same process used by node-cron.
[2026-09-30T04:34:49.855Z] [PID: 260] [32m[NODE-CRON][32m [33m[WARN][0m missed execution at Tue Sep 29 2026 21:43:00 GMT+0530 (India Standard Time)! Possible blocking IO or high CPU user at the same process used by node-cron.
[2026-09-30T04:34:49.865Z] [PID: 260] [32m[NODE-CRON][32m [33m[WARN][0m missed execution at Tue Sep 29 2026 21:44:00 GMT+0530 (India Standard Time)! Possible blocking IO or high CPU user at the same process used by node-cron.
[2026-09-30T04:34:49.870Z] [PID: 260] [32m[NODE-CRON][32m [33m[WARN][0m missed execution at Tue Sep 29 2026 21:45:00 GMT+0530 (India Standard Time)! Possible blocking IO or high CPU user at the same process used by node-cron.
[2026-09-30T04:34:49.874Z] [PID: 260] [32m[NODE-CRON][32m [33m[WARN][0m missed execution at Tue Sep 29 2026 21:46:00 GMT+0530 (India Standard Time)! Possible blocking IO or high CPU user at the same process used by node-cron.
[2026-09-30T04:34:49.879Z] [PID: 260] [32m[NODE-CRON][32m [33m[WARN][0m missed execution at Tue Sep 29 2026 21:47:00 GMT+0530 (India Standard Time)! Possible blocking IO or high CPU user at the same process used by node-cron.
[2026-09-30T04:34:49.883Z] [PID: 260] [32m[NODE-CRON][32m [33m[WARN][0m missed execution at Tue Sep 29 2026 21:48:00 GMT+0530 (India Standard Time)! Possible blocking IO or high CPU user at the same process used by node-cron.
[2026-09-30T04:34:49.887Z] [PID: 260] [32m[NODE-CRON][32m [33m[WARN][0m missed execution at Tue Sep 29 2026 21:49:00 GMT+0530 (India Standard Time)! Possible blocking IO or high CPU user at the same process used by node-cron.
[2026-09-30T04:34:49.895Z] [PID: 260] [32m[NODE-CRON][32m [33m[WARN][0m missed execution at Tue Sep 29 2026 21:50:00 GMT+0530 (India Standard Time)! Possible blocking IO or high CPU user at the same process used by node-cron.
[2026-09-30T04:34:49.900Z] [PID: 260] [32m[NODE-CRON][32m [33m[WARN][0m missed execution at Tue Sep 29 2026 21:51:00 GMT+0530 (India Standard Time)! Possible blocking IO or high CPU user at the same process used by node-cron.
[2026-09-30T04:34:49.905Z] [PID: 260] [32m[NODE-CRON][32m [33m[WARN][0m missed execution at Tue Sep 29 2026 21:52:00 GMT+0530 (India Standard Time)! Possible blocking IO or high CPU user at the same process used by node-cron.
[2026-09-30T04:34:49.912Z] [PID: 260] [32m[NODE-CRON][32m [33m[WARN][0m missed execution at Tue Sep 29 2026 21:53:00 GMT+0530 (India Standard Time)! Possible blocking IO or high CPU user at the same process used by node-cron.
[2026-09-30T04:34:49.917Z] [PID: 260] [32m[NODE-CRON][32m [33m[WARN][0m missed execution at Tue Sep 29 2026 21:54:00 GMT+0530 (India Standard Time)! Possible blocking IO or high CPU user at the same process used by node-cron.
[2026-09-30T04:34:49.925Z] [PID: 260] [32m[NODE-CRON][32m [33m[WARN][0m missed execution at Tue Sep 29 2026 21:55:00 GMT+0530 (India Standard Time)! Possible blocking IO or high CPU user at the same process used by node-cron.
[2026-09-30T04:34:49.930Z] [PID: 260] [32m[NODE-CRON][32m [33m[WARN][0m missed execution at Tue Sep 29 2026 21:56:00 GMT+0530 (India Standard Time)! Possible blocking IO or high CPU user at the same process used by node-cron.
[2026-09-30T04:34:49.934Z] [PID: 260] [32m[NODE-CRON][32m [33m[WARN][0m missed execution at Tue Sep 29 2026 21:57:00 GMT+0530 (India Standard Time)! Possible blocking IO or high CPU user at the same process used by node-cron.
[2026-09-30T04:34:49.940Z] [PID: 260] [32m[NODE-CRON][32m [33m[WARN][0m missed execution at Tue Sep 29 2026 21:58:00 GMT+0530 (India Standard Time)! Possible blocking IO or high CPU user at the same process used by node-cron.
[2026-09-30T04:34:49.945Z] [PID: 260] [32m[NODE-CRON][32m [33m[WARN][0m missed execution at Tue Sep 29 2026 21:59:00 GMT+0530 (India Standard Time)! Possible blocking IO or high CPU user at the same process used by node-cron.
[2026-09-30T04:34:49.954Z] [PID: 260] [32m[NODE-CRON][32m [33m[WARN][0m missed execution at Tue Sep 29 2026 22:00:00 GMT+0530 (India Standard Time)! Possible blocking IO or high CPU user at the same process used by node-cron.
[2026-09-30T04:34:49.959Z] [PID: 260] [32m[NODE-CRON][32m [33m[WARN][0m missed execution at Tue Sep 29 2026 22:01:00 GMT+0530 (India Standard Time)! Possible blocking IO or high CPU user at the same process used by node-cron.
[2026-09-30T04:34:49.964Z] [PID: 260] [32m[NODE-CRON][32m [33m[WARN][0m missed execution at Tue Sep 29 2026 22:02:00 GMT+0530 (India Standard Time)! Possible blocking IO or high CPU user at the same process used by node-cron.
[2026-09-30T04:34:49.972Z] [PID: 260] [32m[NODE-CRON][32m [33m[WARN][0m missed execution at Tue Sep 29 2026 22:03:00 GMT+0530 (India Standard Time)! Possible blocking IO or high CPU user at the same process used by node-cron.
[2026-09-30T04:34:49.983Z] [PID: 260] [32m[NODE-CRON][32m [33m[WARN][0m missed execution at Tue Sep 29 2026 22:04:00 GMT+0530 (India Standard Time)! Possible blocking IO or high CPU user at the same process used by node-cron.
[2026-09-30T04:34:49.988Z] [PID: 260] [32m[NODE-CRON][32m [33m[WARN][0m missed execution at Tue Sep 29 2026 22:05:00 GMT+0530 (India Standard Time)! Possible blocking IO or high CPU user at the same process used by node-cron.
[2026-09-30T04:34:49.995Z] [PID: 260] [32m[NODE-CRON][32m [33m[WARN][0m missed execution at Tue Sep 29 2026 22:06:00 GMT+0530 (India Standard Time)! Possible blocking IO or high CPU user at the same process used by node-cron.
[2026-09-30T04:34:50.000Z] [PID: 260] [32m[NODE-CRON][32m [33m[WARN][0m missed execution at Tue Sep 29 2026 22:07:00 GMT+0530 (India Standard Time)! Possible blocking IO or high CPU user at the same process used by node-cron.
[2026-09-30T04:34:50.004Z] [PID: 260] [32m[NODE-CRON][32m [33m[WARN][0m missed execution at Tue Sep 29 2026 22:08:00 GMT+0530 (India Standard Time)! Possible blocking IO or high CPU user at the same process used by node-cron.
[2026-09-30T04:34:50.009Z] [PID: 260] [32m[NODE-CRON][32m [33m[WARN][0m missed execution at Tue Sep 29 2026 22:09:00 GMT+0530 (India Standard Time)! Possible blocking IO or high CPU user at the same process used by node-cron.
[2026-09-30T04:34:50.013Z] [PID: 260] [32m[NODE-CRON][32m [33m[WARN][0m missed execution at Tue Sep 29 2026 22:10:00 GMT+0530 (India Standard Time)! Possible blocking IO or high CPU user at the same process used by node-cron.
[2026-09-30T04:34:50.017Z] [PID: 260] [32m[NODE-CRON][32m [33m[WARN][0m missed execution at Tue Sep 29 2026 22:11:00 GMT+0530 (India Standard Time)! Possible blocking IO or high CPU user at the same process used by node-cron.
[2026-09-30T04:34:50.021Z] [PID: 260] [32m[NODE-CRON][32m [33m[WARN][0m missed execution at Tue Sep 29 2026 22:12:00 GMT+0530 (India Standard Time)! Possible blocking IO or high CPU user at the same process used by node-cron.
[2026-09-30T04:34:50.026Z] [PID: 260] [32m[NODE-CRON][32m [33m[WARN][0m missed execution at Tue Sep 29 2026 22:13:00 GMT+0530 (India Standard Time)! Possible blocking IO or high CPU user at the same process used by node-cron.
[2026-09-30T04:34:50.031Z] [PID: 260] [32m[NODE-CRON][32m [33m[WARN][0m missed execution at Tue Sep 29 2026 22:14:00 GMT+0530 (India Standard Time)! Possible blocking IO or high CPU user at the same process used by node-cron.
[2026-09-30T04:34:50.035Z] [PID: 260] [32m[NODE-CRON][32m [33m[WARN][0m missed execution at Tue Sep 29 2026 22:15:00 GMT+0530 (India Standard Time)! Possible blocking IO or high CPU user at the same process used by node-cron.
[2026-09-30T04:34:50.039Z] [PID: 260] [32m[NODE-CRON][32m [33m[WARN][0m missed execution at Tue Sep 29 2026 22:16:00 GMT+0530 (India Standard Time)! Possible blocking IO or high CPU user at the same process used by node-cron.
[2026-09-30T04:34:50.044Z] [PID: 260] [32m[NODE-CRON][32m [33m[WARN][0m missed execution at Tue Sep 29 2026 22:17:00 GMT+0530 (India Standard Time)! Possible blocking IO or high CPU user at the same process used by node-cron.
[2026-09-30T04:34:50.049Z] [PID: 260] [32m[NODE-CRON][32m [33m[WARN][0m missed execution at Tue Sep 29 2026 22:18:00 GMT+0530 (India Standard Time)! Possible blocking IO or high CPU user at the same process used by node-cron.
[2026-09-30T04:34:50.054Z] [PID: 260] [32m[NODE-CRON][32m [33m[WARN][0m missed execution at Tue Sep 29 2026 22:19:00 GMT+0530 (India Standard Time)! Possible blocking IO or high CPU user at the same process used by node-cron.
[2026-09-30T04:34:50.059Z] [PID: 260] [32m[NODE-CRON][32m [33m[WARN][0m missed execution at Tue Sep 29 2026 22:20:00 GMT+0530 (India Standard Time)! Possible blocking IO or high CPU user at the same process used by node-cron.
[2026-09-30T04:34:50.063Z] [PID: 260] [32m[NODE-CRON][32m [33m[WARN][0m missed execution at Tue Sep 29 2026 22:21:00 GMT+0530 (India Standard Time)! Possible blocking IO or high CPU user at the same process used by node-cron.
[2026-09-30T04:34:50.067Z] [PID: 260] [32m[NODE-CRON][32m [33m[WARN][0m missed execution at Tue Sep 29 2026 22:22:00 GMT+0530 (India Standard Time)! Possible blocking IO or high CPU user at the same process used by node-cron.
[2026-09-30T04:34:50.075Z] [PID: 260] [32m[NODE-CRON][32m [33m[WARN][0m missed execution at Tue Sep 29 2026 22:23:00 GMT+0530 (India Standard Time)! Possible blocking IO or high CPU user at the same process used by node-cron.
[2026-09-30T04:34:50.080Z] [PID: 260] [32m[NODE-CRON][32m [33m[WARN][0m missed execution at Tue Sep 29 2026 22:24:00 GMT+0530 (India Standard Time)! Possible blocking IO or high CPU user at the same process used by node-cron.
[2026-09-30T04:34:50.084Z] [PID: 260] [32m[NODE-CRON][32m [33m[WARN][0m missed execution at Tue Sep 29 2026 22:25:00 GMT+0530 (India Standard Time)! Possible blocking IO or high CPU user at the same process used by node-cron.
[2026-09-30T04:34:50.088Z] [PID: 260] [32m[NODE-CRON][32m [33m[WARN][0m missed execution at Tue Sep 29 2026 22:26:00 GMT+0530 (India Standard Time)! Possible blocking IO or high CPU user at the same process used by node-cron.
[2026-09-30T04:34:50.092Z] [PID: 260] [32m[NODE-CRON][32m [33m[WARN][0m missed execution at Tue Sep 29 2026 22:27:00 GMT+0530 (India Standard Time)! Possible blocking IO or high CPU user at the same process used by node-cron.
[2026-09-30T04:34:50.096Z] [PID: 260] [32m[NODE-CRON][32m [33m[WARN][0m missed execution at Tue Sep 29 2026 22:28:00 GMT+0530 (India Standard Time)! Possible blocking IO or high CPU user at the same process used by node-cron.
[2026-09-30T04:34:50.099Z] [PID: 260] [32m[NODE-CRON][32m [33m[WARN][0m missed execution at Tue Sep 29 2026 22:29:00 GMT+0530 (India Standard Time)! Possible blocking IO or high CPU user at the same process used by node-cron.
[2026-09-30T04:34:50.102Z] [PID: 260] [32m[NODE-CRON][32m [33m[WARN][0m missed execution at Tue Sep 29 2026 22:30:00 GMT+0530 (India Standard Time)! Possible blocking IO or high CPU user at the same process used by node-cron.
[2026-09-30T04:34:50.106Z] [PID: 260] [32m[NODE-CRON][32m [33m[WARN][0m missed execution at Tue Sep 29 2026 22:31:00 GMT+0530 (India Standard Time)! Possible blocking IO or high CPU user at the same process used by node-cron.
[2026-09-30T04:34:50.111Z] [PID: 260] [32m[NODE-CRON][32m [33m[WARN][0m missed execution at Tue Sep 29 2026 22:32:00 GMT+0530 (India Standard Time)! Possible blocking IO or high CPU user at the same process used by node-cron.
[2026-09-30T04:34:50.116Z] [PID: 260] [32m[NODE-CRON][32m [33m[WARN][0m missed execution at Tue Sep 29 2026 22:33:00 GMT+0530 (India Standard Time)! Possible blocking IO or high CPU user at the same process used by node-cron.
[2026-09-30T04:34:50.121Z] [PID: 260] [32m[NODE-CRON][32m [33m[WARN][0m missed execution at Tue Sep 29 2026 22:34:00 GMT+0530 (India Standard Time)! Possible blocking IO or high CPU user at the same process used by node-cron.
[2026-09-30T04:34:50.126Z] [PID: 260] [32m[NODE-CRON][32m [33m[WARN][0m missed execution at Tue Sep 29 2026 22:35:00 GMT+0530 (India Standard Time)! Possible blocking IO or high CPU user at the same process used by node-cron.
[2026-09-30T04:34:50.129Z] [PID: 260] [32m[NODE-CRON][32m [33m[WARN][0m missed execution at Tue Sep 29 2026 22:36:00 GMT+0530 (India Standard Time)! Possible blocking IO or high CPU user at the same process used by node-cron.
[2026-09-30T04:34:50.133Z] [PID: 260] [32m[NODE-CRON][32m [33m[WARN][0m missed execution at Tue Sep 29 2026 22:37:00 GMT+0530 (India Standard Time)! Possible blocking IO or high CPU user at the same process used by node-cron.
[2026-09-30T04:34:50.137Z] [PID: 260] [32m[NODE-CRON][32m [33m[WARN][0m missed execution at Tue Sep 29 2026 22:38:00 GMT+0530 (India Standard Time)! Possible blocking IO or high CPU user at the same process used by node-cron.
[2026-09-30T04:34:50.140Z] [PID: 260] [32m[NODE-CRON][32m [33m[WARN][0m missed execution at Tue Sep 29 2026 22:39:00 GMT+0530 (India Standard Time)! Possible blocking IO or high CPU user at the same process used by node-cron.
[2026-09-30T04:34:50.144Z] [PID: 260] [32m[NODE-CRON][32m [33m[WARN][0m missed execution at Tue Sep 29 2026 22:40:00 GMT+0530 (India Standard Time)! Possible blocking IO or high CPU user at the same process used by node-cron.
[2026-09-30T04:34:50.148Z] [PID: 260] [32m[NODE-CRON][32m [33m[WARN][0m missed execution at Tue Sep 29 2026 22:41:00 GMT+0530 (India Standard Time)! Possible blocking IO or high CPU user at the same process used by node-cron.
[2026-09-30T04:34:50.158Z] [PID: 260] [32m[NODE-CRON][32m [33m[WARN][0m missed execution at Tue Sep 29 2026 22:42:00 GMT+0530 (India Standard Time)! Possible blocking IO or high CPU user at the same process used by node-cron.
[2026-09-30T04:34:50.162Z] [PID: 260] [32m[NODE-CRON][32m [33m[WARN][0m missed execution at Tue Sep 29 2026 22:43:00 GMT+0530 (India Standard Time)! Possible blocking IO or high CPU user at the same process used by node-cron.
[2026-09-30T04:34:50.167Z] [PID: 260] [32m[NODE-CRON][32m [33m[WARN][0m missed execution at Tue Sep 29 2026 22:44:00 GMT+0530 (India Standard Time)! Possible blocking IO or high CPU user at the same process used by node-cron.
[2026-09-30T04:34:50.172Z] [PID: 260] [32m[NODE-CRON][32m [33m[WARN][0m missed execution at Tue Sep 29 2026 22:45:00 GMT+0530 (India Standard Time)! Possible blocking IO or high CPU user at the same process used by node-cron.
[2026-09-30T04:34:50.177Z] [PID: 260] [32m[NODE-CRON][32m [33m[WARN][0m missed execution at Tue Sep 29 2026 22:46:00 GMT+0530 (India Standard Time)! Possible blocking IO or high CPU user at the same process used by node-cron.
[2026-09-30T04:34:50.181Z] [PID: 260] [32m[NODE-CRON][32m [33m[WARN][0m missed execution at Tue Sep 29 2026 22:47:00 GMT+0530 (India Standard Time)! Possible blocking IO or high CPU user at the same process used by node-cron.
[2026-09-30T04:34:50.185Z] [PID: 260] [32m[NODE-CRON][32m [33m[WARN][0m missed execution at Tue Sep 29 2026 22:48:00 GMT+0530 (India Standard Time)! Possible blocking IO or high CPU user at the same process used by node-cron.
[2026-09-30T04:34:50.190Z] [PID: 260] [32m[NODE-CRON][32m [33m[WARN][0m missed execution at Tue Sep 29 2026 22:49:00 GMT+0530 (India Standard Time)! Possible blocking IO or high CPU user at the same process used by node-cron.
[2026-09-30T04:34:50.194Z] [PID: 260] [32m[NODE-CRON][32m [33m[WARN][0m missed execution at Tue Sep 29 2026 22:50:00 GMT+0530 (India Standard Time)! Possible blocking IO or high CPU user at the same process used by node-cron.
[2026-09-30T04:34:50.198Z] [PID: 260] [32m[NODE-CRON][32m [33m[WARN][0m missed execution at Tue Sep 29 2026 22:51:00 GMT+0530 (India Standard Time)! Possible blocking IO or high CPU user at the same process used by node-cron.
[2026-09-30T04:34:50.201Z] [PID: 260] [32m[NODE-CRON][32m [33m[WARN][0m missed execution at Tue Sep 29 2026 22:52:00 GMT+0530 (India Standard Time)! Possible blocking IO or high CPU user at the same process used by node-cron.
[2026-09-30T04:34:50.205Z] [PID: 260] [32m[NODE-CRON][32m [33m[WARN][0m missed execution at Tue Sep 29 2026 22:53:00 GMT+0530 (India Standard Time)! Possible blocking IO or high CPU user at the same process used by node-cron.
[2026-09-30T04:34:50.209Z] [PID: 260] [32m[NODE-CRON][32m [33m[WARN][0m missed execution at Tue Sep 29 2026 22:54:00 GMT+0530 (India Standard Time)! Possible blocking IO or high CPU user at the same process used by node-cron.
[2026-09-30T04:34:50.214Z] [PID: 260] [32m[NODE-CRON][32m [33m[WARN][0m missed execution at Tue Sep 29 2026 22:55:00 GMT+0530 (India Standard Time)! Possible blocking IO or high CPU user at the same process used by node-cron.
[2026-09-30T04:34:50.218Z] [PID: 260] [32m[NODE-CRON][32m [33m[WARN][0m missed execution at Tue Sep 29 2026 22:56:00 GMT+0530 (India Standard Time)! Possible blocking IO or high CPU user at the same process used by node-cron.
[2026-09-30T04:34:50.222Z] [PID: 260] [32m[NODE-CRON][32m [33m[WARN][0m missed execution at Tue Sep 29 2026 22:57:00 GMT+0530 (India Standard Time)! Possible blocking IO or high CPU user at the same process used by node-cron.
[2026-09-30T04:34:50.226Z] [PID: 260] [32m[NODE-CRON][32m [33m[WARN][0m missed execution at Tue Sep 29 2026 22:58:00 GMT+0530 (India Standard Time)! Possible blocking IO or high CPU user at the same process used by node-cron.
[2026-09-30T04:34:50.231Z] [PID: 260] [32m[NODE-CRON][32m [33m[WARN][0m missed execution at Tue Sep 29 2026 22:59:00 GMT+0530 (India Standard Time)! Possible blocking IO or high CPU user at the same process used by node-cron.
[2026-09-30T04:34:50.235Z] [PID: 260] [32m[NODE-CRON][32m [33m[WARN][0m missed execution at Tue Sep 29 2026 23:00:00 GMT+0530 (India Standard Time)! Possible blocking IO or high CPU user at the same process used by node-cron.
[2026-09-30T04:34:50.240Z] [PID: 260] [32m[NODE-CRON][32m [33m[WARN][0m missed execution at Tue Sep 29 2026 23:01:00 GMT+0530 (India Standard Time)! Possible blocking IO or high CPU user at the same process used by node-cron.
[2026-09-30T04:34:50.250Z] [PID: 260] [32m[NODE-CRON][32m [33m[WARN][0m missed execution at Tue Sep 29 2026 23:02:00 GMT+0530 (India Standard Time)! Possible blocking IO or high CPU user at the same process used by node-cron.
[2026-09-30T04:34:50.256Z] [PID: 260] [32m[NODE-CRON][32m [33m[WARN][0m missed execution at Tue Sep 29 2026 23:03:00 GMT+0530 (India Standard Time)! Possible blocking IO or high CPU user at the same process used by node-cron.
[2026-09-30T04:34:50.261Z] [PID: 260] [32m[NODE-CRON][32m [33m[WARN][0m missed execution at Tue Sep 29 2026 23:04:00 GMT+0530 (India Standard Time)! Possible blocking IO or high CPU user at the same process used by node-cron.
[2026-09-30T04:34:50.264Z] [PID: 260] [32m[NODE-CRON][32m [33m[WARN][0m missed execution at Tue Sep 29 2026 23:05:00 GMT+0530 (India Standard Time)! Possible blocking IO or high CPU user at the same process used by node-cron.
[2026-09-30T04:34:50.268Z] [PID: 260] [32m[NODE-CRON][32m [33m[WARN][0m missed execution at Tue Sep 29 2026 23:06:00 GMT+0530 (India Standard Time)! Possible blocking IO or high CPU user at the same process used by node-cron.
[2026-09-30T04:34:50.272Z] [PID: 260] [32m[NODE-CRON][32m [33m[WARN][0m missed execution at Tue Sep 29 2026 23:07:00 GMT+0530 (India Standard Time)! Possible blocking IO or high CPU user at the same process used by node-cron.
[2026-09-30T04:34:50.276Z] [PID: 260] [32m[NODE-CRON][32m [33m[WARN][0m missed execution at Tue Sep 29 2026 23:08:00 GMT+0530 (India Standard Time)! Possible blocking IO or high CPU user at the same process used by node-cron.
[2026-09-30T04:34:50.280Z] [PID: 260] [32m[NODE-CRON][32m [33m[WARN][0m missed execution at Tue Sep 29 2026 23:09:00 GMT+0530 (India Standard Time)! Possible blocking IO or high CPU user at the same process used by node-cron.
[2026-09-30T04:34:50.283Z] [PID: 260] [32m[NODE-CRON][32m [33m[WARN][0m missed execution at Tue Sep 29 2026 23:10:00 GMT+0530 (India Standard Time)! Possible blocking IO or high CPU user at the same process used by node-cron.
[2026-09-30T04:34:50.287Z] [PID: 260] [32m[NODE-CRON][32m [33m[WARN][0m missed execution at Tue Sep 29 2026 23:11:00 GMT+0530 (India Standard Time)! Possible blocking IO or high CPU user at the same process used by node-cron.
[2026-09-30T04:34:50.291Z] [PID: 260] [32m[NODE-CRON][32m [33m[WARN][0m missed execution at Tue Sep 29 2026 23:12:00 GMT+0530 (India Standard Time)! Possible blocking IO or high CPU user at the same process used by node-cron.
[2026-09-30T04:34:50.295Z] [PID: 260] [32m[NODE-CRON][32m [33m[WARN][0m missed execution at Tue Sep 29 2026 23:13:00 GMT+0530 (India Standard Time)! Possible blocking IO or high CPU user at the same process used by node-cron.
[2026-09-30T04:34:50.301Z] [PID: 260] [32m[NODE-CRON][32m [33m[WARN][0m missed execution at Tue Sep 29 2026 23:14:00 GMT+0530 (India Standard Time)! Possible blocking IO or high CPU user at the same process used by node-cron.
[2026-09-30T04:34:50.305Z] [PID: 260] [32m[NODE-CRON][32m [33m[WARN][0m missed execution at Tue Sep 29 2026 23:15:00 GMT+0530 (India Standard Time)! Possible blocking IO or high CPU user at the same process used by node-cron.
[2026-09-30T04:34:50.309Z] [PID: 260] [32m[NODE-CRON][32m [33m[WARN][0m missed execution at Tue Sep 29 2026 23:16:00 GMT+0530 (India Standard Time)! Possible blocking IO or high CPU user at the same process used by node-cron.
[2026-09-30T04:34:50.313Z] [PID: 260] [32m[NODE-CRON][32m [33m[WARN][0m missed execution at Tue Sep 29 2026 23:17:00 GMT+0530 (India Standard Time)! Possible blocking IO or high CPU user at the same process used by node-cron.
[2026-09-30T04:34:50.316Z] [PID: 260] [32m[NODE-CRON][32m [33m[WARN][0m missed execution at Tue Sep 29 2026 23:18:00 GMT+0530 (India Standard Time)! Possible blocking IO or high CPU user at the same process used by node-cron.
[2026-09-30T04:34:50.320Z] [PID: 260] [32m[NODE-CRON][32m [33m[WARN][0m missed execution at Tue Sep 29 2026 23:19:00 GMT+0530 (India Standard Time)! Possible blocking IO or high CPU user at the same process used by node-cron.
[2026-09-30T04:34:50.324Z] [PID: 260] [32m[NODE-CRON][32m [33m[WARN][0m missed execution at Tue Sep 29 2026 23:20:00 GMT+0530 (India Standard Time)! Possible blocking IO or high CPU user at the same process used by node-cron.
[2026-09-30T04:34:50.334Z] [PID: 260] [32m[NODE-CRON][32m [33m[WARN][0m missed execution at Tue Sep 29 2026 23:21:00 GMT+0530 (India Standard Time)! Possible blocking IO or high CPU user at the same process used by node-cron.
[2026-09-30T04:34:50.338Z] [PID: 260] [32m[NODE-CRON][32m [33m[WARN][0m missed execution at Tue Sep 29 2026 23:22:00 GMT+0530 (India Standard Time)! Possible blocking IO or high CPU user at the same process used by node-cron.
[2026-09-30T04:34:50.342Z] [PID: 260] [32m[NODE-CRON][32m [33m[WARN][0m missed execution at Tue Sep 29 2026 23:23:00 GMT+0530 (India Standard Time)! Possible blocking IO or high CPU user at the same process used by node-cron.
[2026-09-30T04:34:50.346Z] [PID: 260] [32m[NODE-CRON][32m [33m[WARN][0m missed execution at Tue Sep 29 2026 23:24:00 GMT+0530 (India Standard Time)! Possible blocking IO or high CPU user at the same process used by node-cron.
[2026-09-30T04:34:50.350Z] [PID: 260] [32m[NODE-CRON][32m [33m[WARN][0m missed execution at Tue Sep 29 2026 23:25:00 GMT+0530 (India Standard Time)! Possible blocking IO or high CPU user at the same process used by node-cron.
[2026-09-30T04:34:50.354Z] [PID: 260] [32m[NODE-CRON][32m [33m[WARN][0m missed execution at Tue Sep 29 2026 23:26:00 GMT+0530 (India Standard Time)! Possible blocking IO or high CPU user at the same process used by node-cron.
[2026-09-30T04:34:50.360Z] [PID: 260] [32m[NODE-CRON][32m [33m[WARN][0m missed execution at Tue Sep 29 2026 23:27:00 GMT+0530 (India Standard Time)! Possible blocking IO or high CPU user at the same process used by node-cron.
[2026-09-30T04:34:50.363Z] [PID: 260] [32m[NODE-CRON][32m [33m[WARN][0m missed execution at Tue Sep 29 2026 23:28:00 GMT+0530 (India Standard Time)! Possible blocking IO or high CPU user at the same process used by node-cron.
[2026-09-30T04:34:50.367Z] [PID: 260] [32m[NODE-CRON][32m [33m[WARN][0m missed execution at Tue Sep 29 2026 23:29:00 GMT+0530 (India Standard Time)! Possible blocking IO or high CPU user at the same process used by node-cron.
[2026-09-30T04:34:50.371Z] [PID: 260] [32m[NODE-CRON][32m [33m[WARN][0m missed execution at Tue Sep 29 2026 23:30:00 GMT+0530 (India Standard Time)! Possible blocking IO or high CPU user at the same process used by node-cron.
[2026-09-30T04:34:50.375Z] [PID: 260] [32m[NODE-CRON][32m [33m[WARN][0m missed execution at Tue Sep 29 2026 23:31:00 GMT+0530 (India Standard Time)! Possible blocking IO or high CPU user at the same process used by node-cron.
[2026-09-30T04:34:50.383Z] [PID: 260] [32m[NODE-CRON][32m [33m[WARN][0m missed execution at Tue Sep 29 2026 23:32:00 GMT+0530 (India Standard Time)! Possible blocking IO or high CPU user at the same process used by node-cron.
[2026-09-30T04:34:50.387Z] [PID: 260] [32m[NODE-CRON][32m [33m[WARN][0m missed execution at Tue Sep 29 2026 23:33:00 GMT+0530 (India Standard Time)! Possible blocking IO or high CPU user at the same process used by node-cron.
[2026-09-30T04:34:50.392Z] [PID: 260] [32m[NODE-CRON][32m [33m[WARN][0m missed execution at Tue Sep 29 2026 23:34:00 GMT+0530 (India Standard Time)! Possible blocking IO or high CPU user at the same process used by node-cron.
[2026-09-30T04:34:50.405Z] [PID: 260] [32m[NODE-CRON][32m [33m[WARN][0m missed execution at Tue Sep 29 2026 23:35:00 GMT+0530 (India Standard Time)! Possible blocking IO or high CPU user at the same process used by node-cron.
[2026-09-30T04:34:50.414Z] [PID: 260] [32m[NODE-CRON][32m [33m[WARN][0m missed execution at Tue Sep 29 2026 23:36:00 GMT+0530 (India Standard Time)! Possible blocking IO or high CPU user at the same process used by node-cron.
[2026-09-30T04:34:50.418Z] [PID: 260] [32m[NODE-CRON][32m [33m[WARN][0m missed execution at Tue Sep 29 2026 23:37:00 GMT+0530 (India Standard Time)! Possible blocking IO or high CPU user at the same process used by node-cron.
[2026-09-30T04:34:50.421Z] [PID: 260] [32m[NODE-CRON][32m [33m[WARN][0m missed execution at Tue Sep 29 2026 23:38:00 GMT+0530 (India Standard Time)! Possible blocking IO or high CPU user at the same process used by node-cron.
[2026-09-30T04:34:50.428Z] [PID: 260] [32m[NODE-CRON][32m [33m[WARN][0m missed execution at Tue Sep 29 2026 23:39:00 GMT+0530 (India Standard Time)! Possible blocking IO or high CPU user at the same process used by node-cron.
[2026-09-30T04:34:50.440Z] [PID: 260] [32m[NODE-CRON][32m [33m[WARN][0m missed execution at Tue Sep 29 2026 23:40:00 GMT+0530 (India Standard Time)! Possible blocking IO or high CPU user at the same process used by node-cron.
[2026-09-30T04:34:50.444Z] [PID: 260] [32m[NODE-CRON][32m [33m[WARN][0m missed execution at Tue Sep 29 2026 23:41:00 GMT+0530 (India Standard Time)! Possible blocking IO or high CPU user at the same process used by node-cron.
[2026-09-30T04:34:50.448Z] [PID: 260] [32m[NODE-CRON][32m [33m[WARN][0m missed execution at Tue Sep 29 2026 23:42:00 GMT+0530 (India Standard Time)! Possible blocking IO or high CPU user at the same process used by node-cron.
[2026-09-30T04:34:50.452Z] [PID: 260] [32m[NODE-CRON][32m [33m[WARN][0m missed execution at Tue Sep 29 2026 23:43:00 GMT+0530 (India Standard Time)! Possible blocking IO or high CPU user at the same process used by node-cron.
[2026-09-30T04:34:50.456Z] [PID: 260] [32m[NODE-CRON][32m [33m[WARN][0m missed execution at Tue Sep 29 2026 23:44:00 GMT+0530 (India Standard Time)! Possible blocking IO or high CPU user at the same process used by node-cron.
[2026-09-30T04:34:50.460Z] [PID: 260] [32m[NODE-CRON][32m [33m[WARN][0m missed execution at Tue Sep 29 2026 23:45:00 GMT+0530 (India Standard Time)! Possible blocking IO or high CPU user at the same process used by node-cron.
[2026-09-30T04:34:50.464Z] [PID: 260] [32m[NODE-CRON][32m [33m[WARN][0m missed execution at Tue Sep 29 2026 23:46:00 GMT+0530 (India Standard Time)! Possible blocking IO or high CPU user at the same process used by node-cron.
[2026-09-30T04:34:50.468Z] [PID: 260] [32m[NODE-CRON][32m [33m[WARN][0m missed execution at Tue Sep 29 2026 23:47:00 GMT+0530 (India Standard Time)! Possible blocking IO or high CPU user at the same process used by node-cron.
[2026-09-30T04:34:50.472Z] [PID: 260] [32m[NODE-CRON][32m [33m[WARN][0m missed execution at Tue Sep 29 2026 23:48:00 GMT+0530 (India Standard Time)! Possible blocking IO or high CPU user at the same process used by node-cron.
[2026-09-30T04:34:50.476Z] [PID: 260] [32m[NODE-CRON][32m [33m[WARN][0m missed execution at Tue Sep 29 2026 23:49:00 GMT+0530 (India Standard Time)! Possible blocking IO or high CPU user at the same process used by node-cron.
[2026-09-30T04:34:50.482Z] [PID: 260] [32m[NODE-CRON][32m [33m[WARN][0m missed execution at Tue Sep 29 2026 23:50:00 GMT+0530 (India Standard Time)! Possible blocking IO or high CPU user at the same process used by node-cron.
[2026-09-30T04:34:50.486Z] [PID: 260] [32m[NODE-CRON][32m [33m[WARN][0m missed execution at Tue Sep 29 2026 23:51:00 GMT+0530 (India Standard Time)! Possible blocking IO or high CPU user at the same process used by node-cron.
[2026-09-30T04:34:50.490Z] [PID: 260] [32m[NODE-CRON][32m [33m[WARN][0m missed execution at Tue Sep 29 2026 23:52:00 GMT+0530 (India Standard Time)! Possible blocking IO or high CPU user at the same process used by node-cron.
[2026-09-30T04:34:50.495Z] [PID: 260] [32m[NODE-CRON][32m [33m[WARN][0m missed execution at Tue Sep 29 2026 23:53:00 GMT+0530 (India Standard Time)! Possible blocking IO or high CPU user at the same process used by node-cron.
[2026-09-30T04:34:50.507Z] [PID: 260] [32m[NODE-CRON][32m [33m[WARN][0m missed execution at Tue Sep 29 2026 23:54:00 GMT+0530 (India Standard Time)! Possible blocking IO or high CPU user at the same process used by node-cron.
[2026-09-30T04:34:50.512Z] [PID: 260] [32m[NODE-CRON][32m [33m[WARN][0m missed execution at Tue Sep 29 2026 23:55:00 GMT+0530 (India Standard Time)! Possible blocking IO or high CPU user at the same process used by node-cron.
[2026-09-30T04:34:50.517Z] [PID: 260] [32m[NODE-CRON][32m [33m[WARN][0m missed execution at Tue Sep 29 2026 23:56:00 GMT+0530 (India Standard Time)! Possible blocking IO or high CPU user at the same process used by node-cron.
[2026-09-30T04:34:50.524Z] [PID: 260] [32m[NODE-CRON][32m [33m[WARN][0m missed execution at Tue Sep 29 2026 23:57:00 GMT+0530 (India Standard Time)! Possible blocking IO or high CPU user at the same process used by node-cron.
[2026-09-30T04:34:50.529Z] [PID: 260] [32m[NODE-CRON][32m [33m[WARN][0m missed execution at Tue Sep 29 2026 23:58:00 GMT+0530 (India Standard Time)! Possible blocking IO or high CPU user at the same process used by node-cron.
[2026-09-30T04:34:50.540Z] [PID: 260] [32m[NODE-CRON][32m [33m[WARN][0m missed execution at Tue Sep 29 2026 23:59:00 GMT+0530 (India Standard Time)! Possible blocking IO or high CPU user at the same process used by node-cron.
[2026-09-30T04:34:50.546Z] [PID: 260] [32m[NODE-CRON][32m [33m[WARN][0m missed execution at Wed Sep 30 2026 00:00:00 GMT+0530 (India Standard Time)! Possible blocking IO or high CPU user at the same process used by node-cron.
[2026-09-30T04:34:50.551Z] [PID: 260] [32m[NODE-CRON][32m [33m[WARN][0m missed execution at Wed Sep 30 2026 00:01:00 GMT+0530 (India Standard Time)! Possible blocking IO or high CPU user at the same process used by node-cron.
[2026-09-30T04:34:50.555Z] [PID: 260] [32m[NODE-CRON][32m [33m[WARN][0m missed execution at Wed Sep 30 2026 00:02:00 GMT+0530 (India Standard Time)! Possible blocking IO or high CPU user at the same process used by node-cron.
[2026-09-30T04:34:50.559Z] [PID: 260] [32m[NODE-CRON][32m [33m[WARN][0m missed execution at Wed Sep 30 2026 00:03:00 GMT+0530 (India Standard Time)! Possible blocking IO or high CPU user at the same process used by node-cron.
[2026-09-30T04:34:50.563Z] [PID: 260] [32m[NODE-CRON][32m [33m[WARN][0m missed execution at Wed Sep 30 2026 00:04:00 GMT+0530 (India Standard Time)! Possible blocking IO or high CPU user at the same process used by node-cron.
[2026-09-30T04:34:50.567Z] [PID: 260] [32m[NODE-CRON][32m [33m[WARN][0m missed execution at Wed Sep 30 2026 00:05:00 GMT+0530 (India Standard Time)! Possible blocking IO or high CPU user at the same process used by node-cron.
[2026-09-30T04:34:50.577Z] [PID: 260] [32m[NODE-CRON][32m [33m[WARN][0m missed execution at Wed Sep 30 2026 00:06:00 GMT+0530 (India Standard Time)! Possible blocking IO or high CPU user at the same process used by node-cron.
[2026-09-30T04:34:50.581Z] [PID: 260] [32m[NODE-CRON][32m [33m[WARN][0m missed execution at Wed Sep 30 2026 00:07:00 GMT+0530 (India Standard Time)! Possible blocking IO or high CPU user at the same process used by node-cron.
[2026-09-30T04:34:50.585Z] [PID: 260] [32m[NODE-CRON][32m [33m[WARN][0m missed execution at Wed Sep 30 2026 00:08:00 GMT+0530 (India Standard Time)! Possible blocking IO or high CPU user at the same process used by node-cron.
[2026-09-30T04:34:50.589Z] [PID: 260] [32m[NODE-CRON][32m [33m[WARN][0m missed execution at Wed Sep 30 2026 00:09:00 GMT+0530 (India Standard Time)! Possible blocking IO or high CPU user at the same process used by node-cron.
[2026-09-30T04:34:50.592Z] [PID: 260] [32m[NODE-CRON][32m [33m[WARN][0m missed execution at Wed Sep 30 2026 00:10:00 GMT+0530 (India Standard Time)! Possible blocking IO or high CPU user at the same process used by node-cron.
[2026-09-30T04:34:50.597Z] [PID: 260] [32m[NODE-CRON][32m [33m[WARN][0m missed execution at Wed Sep 30 2026 00:11:00 GMT+0530 (India Standard Time)! Possible blocking IO or high CPU user at the same process used by node-cron.
[2026-09-30T04:34:50.600Z] [PID: 260] [32m[NODE-CRON][32m [33m[WARN][0m missed execution at Wed Sep 30 2026 00:12:00 GMT+0530 (India Standard Time)! Possible blocking IO or high CPU user at the same process used by node-cron.
[2026-09-30T04:34:50.604Z] [PID: 260] [32m[NODE-CRON][32m [33m[WARN][0m missed execution at Wed Sep 30 2026 00:13:00 GMT+0530 (India Standard Time)! Possible blocking IO or high CPU user at the same process used by node-cron.
[2026-09-30T04:34:50.608Z] [PID: 260] [32m[NODE-CRON][32m [33m[WARN][0m missed execution at Wed Sep 30 2026 00:14:00 GMT+0530 (India Standard Time)! Possible blocking IO or high CPU user at the same process used by node-cron.
[2026-09-30T04:34:50.611Z] [PID: 260] [32m[NODE-CRON][32m [33m[WARN][0m missed execution at Wed Sep 30 2026 00:15:00 GMT+0530 (India Standard Time)! Possible blocking IO or high CPU user at the same process used by node-cron.
[2026-09-30T04:34:50.615Z] [PID: 260] [32m[NODE-CRON][32m [33m[WARN][0m missed execution at Wed Sep 30 2026 00:16:00 GMT+0530 (India Standard Time)! Possible blocking IO or high CPU user at the same process used by node-cron.
[2026-09-30T04:34:50.639Z] [PID: 260] [32m[NODE-CRON][32m [33m[WARN][0m missed execution at Wed Sep 30 2026 00:17:00 GMT+0530 (India Standard Time)! Possible blocking IO or high CPU user at the same process used by node-cron.
[2026-09-30T04:34:50.650Z] [PID: 260] [32m[NODE-CRON][32m [33m[WARN][0m missed execution at Wed Sep 30 2026 00:18:00 GMT+0530 (India Standard Time)! Possible blocking IO or high CPU user at the same process used by node-cron.
[2026-09-30T04:34:50.655Z] [PID: 260] [32m[NODE-CRON][32m [33m[WARN][0m missed execution at Wed Sep 30 2026 00:19:00 GMT+0530 (India Standard Time)! Possible blocking IO or high CPU user at the same process used by node-cron.
[2026-09-30T04:34:50.661Z] [PID: 260] [32m[NODE-CRON][32m [33m[WARN][0m missed execution at Wed Sep 30 2026 00:20:00 GMT+0530 (India Standard Time)! Possible blocking IO or high CPU user at the same process used by node-cron.
[2026-09-30T04:34:50.667Z] [PID: 260] [32m[NODE-CRON][32m [33m[WARN][0m missed execution at Wed Sep 30 2026 00:21:00 GMT+0530 (India Standard Time)! Possible blocking IO or high CPU user at the same process used by node-cron.
[2026-09-30T04:34:50.674Z] [PID: 260] [32m[NODE-CRON][32m [33m[WARN][0m missed execution at Wed Sep 30 2026 00:22:00 GMT+0530 (India Standard Time)! Possible blocking IO or high CPU user at the same process used by node-cron.
[2026-09-30T04:34:50.682Z] [PID: 260] [32m[NODE-CRON][32m [33m[WARN][0m missed execution at Wed Sep 30 2026 00:23:00 GMT+0530 (India Standard Time)! Possible blocking IO or high CPU user at the same process used by node-cron.
[2026-09-30T04:34:50.687Z] [PID: 260] [32m[NODE-CRON][32m [33m[WARN][0m missed execution at Wed Sep 30 2026 00:24:00 GMT+0530 (India Standard Time)! Possible blocking IO or high CPU user at the same process used by node-cron.
[2026-09-30T04:34:50.695Z] [PID: 260] [32m[NODE-CRON][32m [33m[WARN][0m missed execution at Wed Sep 30 2026 00:25:00 GMT+0530 (India Standard Time)! Possible blocking IO or high CPU user at the same process used by node-cron.
[2026-09-30T04:34:50.701Z] [PID: 260] [32m[NODE-CRON][32m [33m[WARN][0m missed execution at Wed Sep 30 2026 00:26:00 GMT+0530 (India Standard Time)! Possible blocking IO or high CPU user at the same process used by node-cron.
[2026-09-30T04:34:50.709Z] [PID: 260] [32m[NODE-CRON][32m [33m[WARN][0m missed execution at Wed Sep 30 2026 00:27:00 GMT+0530 (India Standard Time)! Possible blocking IO or high CPU user at the same process used by node-cron.
[2026-09-30T04:34:50.714Z] [PID: 260] [32m[NODE-CRON][32m [33m[WARN][0m missed execution at Wed Sep 30 2026 00:28:00 GMT+0530 (India Standard Time)! Possible blocking IO or high CPU user at the same process used by node-cron.
[2026-09-30T04:34:50.719Z] [PID: 260] [32m[NODE-CRON][32m [33m[WARN][0m missed execution at Wed Sep 30 2026 00:29:00 GMT+0530 (India Standard Time)! Possible blocking IO or high CPU user at the same process used by node-cron.
[2026-09-30T04:34:50.724Z] [PID: 260] [32m[NODE-CRON][32m [33m[WARN][0m missed execution at Wed Sep 30 2026 00:30:00 GMT+0530 (India Standard Time)! Possible blocking IO or high CPU user at the same process used by node-cron.
[2026-09-30T04:34:50.729Z] [PID: 260] [32m[NODE-CRON][32m [33m[WARN][0m missed execution at Wed Sep 30 2026 00:31:00 GMT+0530 (India Standard Time)! Possible blocking IO or high CPU user at the same process used by node-cron.
[2026-09-30T04:34:50.734Z] [PID: 260] [32m[NODE-CRON][32m [33m[WARN][0m missed execution at Wed Sep 30 2026 00:32:00 GMT+0530 (India Standard Time)! Possible blocking IO or high CPU user at the same process used by node-cron.
[2026-09-30T04:34:50.740Z] [PID: 260] [32m[NODE-CRON][32m [33m[WARN][0m missed execution at Wed Sep 30 2026 00:33:00 GMT+0530 (India Standard Time)! Possible blocking IO or high CPU user at the same process used by node-cron.
[2026-09-30T04:34:50.746Z] [PID: 260] [32m[NODE-CRON][32m [33m[WARN][0m missed execution at Wed Sep 30 2026 00:34:00 GMT+0530 (India Standard Time)! Possible blocking IO or high CPU user at the same process used by node-cron.
[2026-09-30T04:34:50.751Z] [PID: 260] [32m[NODE-CRON][32m [33m[WARN][0m missed execution at Wed Sep 30 2026 00:35:00 GMT+0530 (India Standard Time)! Possible blocking IO or high CPU user at the same process used by node-cron.
[2026-09-30T04:34:50.756Z] [PID: 260] [32m[NODE-CRON][32m [33m[WARN][0m missed execution at Wed Sep 30 2026 00:36:00 GMT+0530 (India Standard Time)! Possible blocking IO or high CPU user at the same process used by node-cron.
[2026-09-30T04:34:50.763Z] [PID: 260] [32m[NODE-CRON][32m [33m[WARN][0m missed execution at Wed Sep 30 2026 00:37:00 GMT+0530 (India Standard Time)! Possible blocking IO or high CPU user at the same process used by node-cron.
[2026-09-30T04:34:50.774Z] [PID: 260] [32m[NODE-CRON][32m [33m[WARN][0m missed execution at Wed Sep 30 2026 00:38:00 GMT+0530 (India Standard Time)! Possible blocking IO or high CPU user at the same process used by node-cron.
[2026-09-30T04:34:50.779Z] [PID: 260] [32m[NODE-CRON][32m [33m[WARN][0m missed execution at Wed Sep 30 2026 00:39:00 GMT+0530 (India Standard Time)! Possible blocking IO or high CPU user at the same process used by node-cron.
[2026-09-30T04:34:50.785Z] [PID: 260] [32m[NODE-CRON][32m [33m[WARN][0m missed execution at Wed Sep 30 2026 00:40:00 GMT+0530 (India Standard Time)! Possible blocking IO or high CPU user at the same process used by node-cron.
[2026-09-30T04:34:50.792Z] [PID: 260] [32m[NODE-CRON][32m [33m[WARN][0m missed execution at Wed Sep 30 2026 00:41:00 GMT+0530 (India Standard Time)! Possible blocking IO or high CPU user at the same process used by node-cron.
[2026-09-30T04:34:50.798Z] [PID: 260] [32m[NODE-CRON][32m [33m[WARN][0m missed execution at Wed Sep 30 2026 00:42:00 GMT+0530 (India Standard Time)! Possible blocking IO or high CPU user at the same process used by node-cron.
[2026-09-30T04:34:50.804Z] [PID: 260] [32m[NODE-CRON][32m [33m[WARN][0m missed execution at Wed Sep 30 2026 00:43:00 GMT+0530 (India Standard Time)! Possible blocking IO or high CPU user at the same process used by node-cron.
[2026-09-30T04:34:50.812Z] [PID: 260] [32m[NODE-CRON][32m [33m[WARN][0m missed execution at Wed Sep 30 2026 00:44:00 GMT+0530 (India Standard Time)! Possible blocking IO or high CPU user at the same process used by node-cron.
[2026-09-30T04:34:50.817Z] [PID: 260] [32m[NODE-CRON][32m [33m[WARN][0m missed execution at Wed Sep 30 2026 00:45:00 GMT+0530 (India Standard Time)! Possible blocking IO or high CPU user at the same process used by node-cron.
[2026-09-30T04:34:50.823Z] [PID: 260] [32m[NODE-CRON][32m [33m[WARN][0m missed execution at Wed Sep 30 2026 00:46:00 GMT+0530 (India Standard Time)! Possible blocking IO or high CPU user at the same process used by node-cron.
[2026-09-30T04:34:50.828Z] [PID: 260] [32m[NODE-CRON][32m [33m[WARN][0m missed execution at Wed Sep 30 2026 00:47:00 GMT+0530 (India Standard Time)! Possible blocking IO or high CPU user at the same process used by node-cron.
[2026-09-30T04:34:50.832Z] [PID: 260] [32m[NODE-CRON][32m [33m[WARN][0m missed execution at Wed Sep 30 2026 00:48:00 GMT+0530 (India Standard Time)! Possible blocking IO or high CPU user at the same process used by node-cron.
[2026-09-30T04:34:50.836Z] [PID: 260] [32m[NODE-CRON][32m [33m[WARN][0m missed execution at Wed Sep 30 2026 00:49:00 GMT+0530 (India Standard Time)! Possible blocking IO or high CPU user at the same process used by node-cron.
[2026-09-30T04:34:50.841Z] [PID: 260] [32m[NODE-CRON][32m [33m[WARN][0m missed execution at Wed Sep 30 2026 00:50:00 GMT+0530 (India Standard Time)! Possible blocking IO or high CPU user at the same process used by node-cron.
[2026-09-30T04:34:50.845Z] [PID: 260] [32m[NODE-CRON][32m [33m[WARN][0m missed execution at Wed Sep 30 2026 00:51:00 GMT+0530 (India Standard Time)! Possible blocking IO or high CPU user at the same process used by node-cron.
[2026-09-30T04:34:50.850Z] [PID: 260] [32m[NODE-CRON][32m [33m[WARN][0m missed execution at Wed Sep 30 2026 00:52:00 GMT+0530 (India Standard Time)! Possible blocking IO or high CPU user at the same process used by node-cron.
[2026-09-30T04:34:50.855Z] [PID: 260] [32m[NODE-CRON][32m [33m[WARN][0m missed execution at Wed Sep 30 2026 00:53:00 GMT+0530 (India Standard Time)! Possible blocking IO or high CPU user at the same process used by node-cron.
[2026-09-30T04:34:50.860Z] [PID: 260] [32m[NODE-CRON][32m [33m[WARN][0m missed execution at Wed Sep 30 2026 00:54:00 GMT+0530 (India Standard Time)! Possible blocking IO or high CPU user at the same process used by node-cron.
[2026-09-30T04:34:50.864Z] [PID: 260] [32m[NODE-CRON][32m [33m[WARN][0m missed execution at Wed Sep 30 2026 00:55:00 GMT+0530 (India Standard Time)! Possible blocking IO or high CPU user at the same process used by node-cron.
[2026-09-30T04:34:50.869Z] [PID: 260] [32m[NODE-CRON][32m [33m[WARN][0m missed execution at Wed Sep 30 2026 00:56:00 GMT+0530 (India Standard Time)! Possible blocking IO or high CPU user at the same process used by node-cron.
[2026-09-30T04:34:50.880Z] [PID: 260] [32m[NODE-CRON][32m [33m[WARN][0m missed execution at Wed Sep 30 2026 00:57:00 GMT+0530 (India Standard Time)! Possible blocking IO or high CPU user at the same process used by node-cron.
[2026-09-30T04:34:50.886Z] [PID: 260] [32m[NODE-CRON][32m [33m[WARN][0m missed execution at Wed Sep 30 2026 00:58:00 GMT+0530 (India Standard Time)! Possible blocking IO or high CPU user at the same process used by node-cron.
[2026-09-30T04:34:50.891Z] [PID: 260] [32m[NODE-CRON][32m [33m[WARN][0m missed execution at Wed Sep 30 2026 00:59:00 GMT+0530 (India Standard Time)! Possible blocking IO or high CPU user at the same process used by node-cron.
[2026-09-30T04:34:50.898Z] [PID: 260] [32m[NODE-CRON][32m [33m[WARN][0m missed execution at Wed Sep 30 2026 01:00:00 GMT+0530 (India Standard Time)! Possible blocking IO or high CPU user at the same process used by node-cron.
[2026-09-30T04:34:50.903Z] [PID: 260] [32m[NODE-CRON][32m [33m[WARN][0m missed execution at Wed Sep 30 2026 01:01:00 GMT+0530 (India Standard Time)! Possible blocking IO or high CPU user at the same process used by node-cron.
[2026-09-30T04:34:50.907Z] [PID: 260] [32m[NODE-CRON][32m [33m[WARN][0m missed execution at Wed Sep 30 2026 01:02:00 GMT+0530 (India Standard Time)! Possible blocking IO or high CPU user at the same process used by node-cron.
[2026-09-30T04:34:50.911Z] [PID: 260] [32m[NODE-CRON][32m [33m[WARN][0m missed execution at Wed Sep 30 2026 01:03:00 GMT+0530 (India Standard Time)! Possible blocking IO or high CPU user at the same process used by node-cron.
[2026-09-30T04:34:50.915Z] [PID: 260] [32m[NODE-CRON][32m [33m[WARN][0m missed execution at Wed Sep 30 2026 01:04:00 GMT+0530 (India Standard Time)! Possible blocking IO or high CPU user at the same process used by node-cron.
[2026-09-30T04:34:50.920Z] [PID: 260] [32m[NODE-CRON][32m [33m[WARN][0m missed execution at Wed Sep 30 2026 01:05:00 GMT+0530 (India Standard Time)! Possible blocking IO or high CPU user at the same process used by node-cron.
[2026-09-30T04:34:50.925Z] [PID: 260] [32m[NODE-CRON][32m [33m[WARN][0m missed execution at Wed Sep 30 2026 01:06:00 GMT+0530 (India Standard Time)! Possible blocking IO or high CPU user at the same process used by node-cron.
[2026-09-30T04:34:50.930Z] [PID: 260] [32m[NODE-CRON][32m [33m[WARN][0m missed execution at Wed Sep 30 2026 01:07:00 GMT+0530 (India Standard Time)! Possible blocking IO or high CPU user at the same process used by node-cron.
[2026-09-30T04:34:50.936Z] [PID: 260] [32m[NODE-CRON][32m [33m[WARN][0m missed execution at Wed Sep 30 2026 01:08:00 GMT+0530 (India Standard Time)! Possible blocking IO or high CPU user at the same process used by node-cron.
[2026-09-30T04:34:50.940Z] [PID: 260] [32m[NODE-CRON][32m [33m[WARN][0m missed execution at Wed Sep 30 2026 01:09:00 GMT+0530 (India Standard Time)! Possible blocking IO or high CPU user at the same process used by node-cron.
[2026-09-30T04:34:50.948Z] [PID: 260] [32m[NODE-CRON][32m [33m[WARN][0m missed execution at Wed Sep 30 2026 01:10:00 GMT+0530 (India Standard Time)! Possible blocking IO or high CPU user at the same process used by node-cron.
[2026-09-30T04:34:50.954Z] [PID: 260] [32m[NODE-CRON][32m [33m[WARN][0m missed execution at Wed Sep 30 2026 01:11:00 GMT+0530 (India Standard Time)! Possible blocking IO or high CPU user at the same process used by node-cron.
[2026-09-30T04:34:50.959Z] [PID: 260] [32m[NODE-CRON][32m [33m[WARN][0m missed execution at Wed Sep 30 2026 01:12:00 GMT+0530 (India Standard Time)! Possible blocking IO or high CPU user at the same process used by node-cron.
[2026-09-30T04:34:50.964Z] [PID: 260] [32m[NODE-CRON][32m [33m[WARN][0m missed execution at Wed Sep 30 2026 01:13:00 GMT+0530 (India Standard Time)! Possible blocking IO or high CPU user at the same process used by node-cron.
[2026-09-30T04:34:50.969Z] [PID: 260] [32m[NODE-CRON][32m [33m[WARN][0m missed execution at Wed Sep 30 2026 01:14:00 GMT+0530 (India Standard Time)! Possible blocking IO or high CPU user at the same process used by node-cron.
[2026-09-30T04:34:50.975Z] [PID: 260] [32m[NODE-CRON][32m [33m[WARN][0m missed execution at Wed Sep 30 2026 01:15:00 GMT+0530 (India Standard Time)! Possible blocking IO or high CPU user at the same process used by node-cron.
[2026-09-30T04:34:50.980Z] [PID: 260] [32m[NODE-CRON][32m [33m[WARN][0m missed execution at Wed Sep 30 2026 01:16:00 GMT+0530 (India Standard Time)! Possible blocking IO or high CPU user at the same process used by node-cron.
[2026-09-30T04:34:50.991Z] [PID: 260] [32m[NODE-CRON][32m [33m[WARN][0m missed execution at Wed Sep 30 2026 01:17:00 GMT+0530 (India Standard Time)! Possible blocking IO or high CPU user at the same process used by node-cron.
[2026-09-30T04:34:50.997Z] [PID: 260] [32m[NODE-CRON][32m [33m[WARN][0m missed execution at Wed Sep 30 2026 01:18:00 GMT+0530 (India Standard Time)! Possible blocking IO or high CPU user at the same process used by node-cron.
[2026-09-30T04:34:51.002Z] [PID: 260] [32m[NODE-CRON][32m [33m[WARN][0m missed execution at Wed Sep 30 2026 01:19:00 GMT+0530 (India Standard Time)! Possible blocking IO or high CPU user at the same process used by node-cron.
[2026-09-30T04:34:51.008Z] [PID: 260] [32m[NODE-CRON][32m [33m[WARN][0m missed execution at Wed Sep 30 2026 01:20:00 GMT+0530 (India Standard Time)! Possible blocking IO or high CPU user at the same process used by node-cron.
[2026-09-30T04:34:51.015Z] [PID: 260] [32m[NODE-CRON][32m [33m[WARN][0m missed execution at Wed Sep 30 2026 01:21:00 GMT+0530 (India Standard Time)! Possible blocking IO or high CPU user at the same process used by node-cron.
[2026-09-30T04:34:51.023Z] [PID: 260] [32m[NODE-CRON][32m [33m[WARN][0m missed execution at Wed Sep 30 2026 01:22:00 GMT+0530 (India Standard Time)! Possible blocking IO or high CPU user at the same process used by node-cron.
[2026-09-30T04:34:51.030Z] [PID: 260] [32m[NODE-CRON][32m [33m[WARN][0m missed execution at Wed Sep 30 2026 01:23:00 GMT+0530 (India Standard Time)! Possible blocking IO or high CPU user at the same process used by node-cron.
[2026-09-30T04:34:51.036Z] [PID: 260] [32m[NODE-CRON][32m [33m[WARN][0m missed execution at Wed Sep 30 2026 01:24:00 GMT+0530 (India Standard Time)! Possible blocking IO or high CPU user at the same process used by node-cron.
[2026-09-30T04:34:51.044Z] [PID: 260] [32m[NODE-CRON][32m [33m[WARN][0m missed execution at Wed Sep 30 2026 01:25:00 GMT+0530 (India Standard Time)! Possible blocking IO or high CPU user at the same process used by node-cron.
[2026-09-30T04:34:51.050Z] [PID: 260] [32m[NODE-CRON][32m [33m[WARN][0m missed execution at Wed Sep 30 2026 01:26:00 GMT+0530 (India Standard Time)! Possible blocking IO or high CPU user at the same process used by node-cron.
[2026-09-30T04:34:51.054Z] [PID: 260] [32m[NODE-CRON][32m [33m[WARN][0m missed execution at Wed Sep 30 2026 01:27:00 GMT+0530 (India Standard Time)! Possible blocking IO or high CPU user at the same process used by node-cron.
[2026-09-30T04:34:51.059Z] [PID: 260] [32m[NODE-CRON][32m [33m[WARN][0m missed execution at Wed Sep 30 2026 01:28:00 GMT+0530 (India Standard Time)! Possible blocking IO or high CPU user at the same process used by node-cron.
[2026-09-30T04:34:51.064Z] [PID: 260] [32m[NODE-CRON][32m [33m[WARN][0m missed execution at Wed Sep 30 2026 01:29:00 GMT+0530 (India Standard Time)! Possible blocking IO or high CPU user at the same process used by node-cron.
[2026-09-30T04:34:51.071Z] [PID: 260] [32m[NODE-CRON][32m [33m[WARN][0m missed execution at Wed Sep 30 2026 01:30:00 GMT+0530 (India Standard Time)! Possible blocking IO or high CPU user at the same process used by node-cron.
[2026-09-30T04:34:51.076Z] [PID: 260] [32m[NODE-CRON][32m [33m[WARN][0m missed execution at Wed Sep 30 2026 01:31:00 GMT+0530 (India Standard Time)! Possible blocking IO or high CPU user at the same process used by node-cron.
[2026-09-30T04:34:51.081Z] [PID: 260] [32m[NODE-CRON][32m [33m[WARN][0m missed execution at Wed Sep 30 2026 01:32:00 GMT+0530 (India Standard Time)! Possible blocking IO or high CPU user at the same process used by node-cron.
[2026-09-30T04:34:51.087Z] [PID: 260] [32m[NODE-CRON][32m [33m[WARN][0m missed execution at Wed Sep 30 2026 01:33:00 GMT+0530 (India Standard Time)! Possible blocking IO or high CPU user at the same process used by node-cron.
[2026-09-30T04:34:51.092Z] [PID: 260] [32m[NODE-CRON][32m [33m[WARN][0m missed execution at Wed Sep 30 2026 01:34:00 GMT+0530 (India Standard Time)! Possible blocking IO or high CPU user at the same process used by node-cron.
[2026-09-30T04:34:51.098Z] [PID: 260] [32m[NODE-CRON][32m [33m[WARN][0m missed execution at Wed Sep 30 2026 01:35:00 GMT+0530 (India Standard Time)! Possible blocking IO or high CPU user at the same process used by node-cron.
[2026-09-30T04:34:51.107Z] [PID: 260] [32m[NODE-CRON][32m [33m[WARN][0m missed execution at Wed Sep 30 2026 01:36:00 GMT+0530 (India Standard Time)! Possible blocking IO or high CPU user at the same process used by node-cron.
[2026-09-30T04:34:51.111Z] [PID: 260] [32m[NODE-CRON][32m [33m[WARN][0m missed execution at Wed Sep 30 2026 01:37:00 GMT+0530 (India Standard Time)! Possible blocking IO or high CPU user at the same process used by node-cron.
[2026-09-30T04:34:51.119Z] [PID: 260] [32m[NODE-CRON][32m [33m[WARN][0m missed execution at Wed Sep 30 2026 01:38:00 GMT+0530 (India Standard Time)! Possible blocking IO or high CPU user at the same process used by node-cron.
[2026-09-30T04:34:51.124Z] [PID: 260] [32m[NODE-CRON][32m [33m[WARN][0m missed execution at Wed Sep 30 2026 01:39:00 GMT+0530 (India Standard Time)! Possible blocking IO or high CPU user at the same process used by node-cron.
[2026-09-30T04:34:51.131Z] [PID: 260] [32m[NODE-CRON][32m [33m[WARN][0m missed execution at Wed Sep 30 2026 01:40:00 GMT+0530 (India Standard Time)! Possible blocking IO or high CPU user at the same process used by node-cron.
[2026-09-30T04:34:51.140Z] [PID: 260] [32m[NODE-CRON][32m [33m[WARN][0m missed execution at Wed Sep 30 2026 01:41:00 GMT+0530 (India Standard Time)! Possible blocking IO or high CPU user at the same process used by node-cron.
[2026-09-30T04:34:51.145Z] [PID: 260] [32m[NODE-CRON][32m [33m[WARN][0m missed execution at Wed Sep 30 2026 01:42:00 GMT+0530 (India Standard Time)! Possible blocking IO or high CPU user at the same process used by node-cron.
[2026-09-30T04:34:51.152Z] [PID: 260] [32m[NODE-CRON][32m [33m[WARN][0m missed execution at Wed Sep 30 2026 01:43:00 GMT+0530 (India Standard Time)! Possible blocking IO or high CPU user at the same process used by node-cron.
[2026-09-30T04:34:51.157Z] [PID: 260] [32m[NODE-CRON][32m [33m[WARN][0m missed execution at Wed Sep 30 2026 01:44:00 GMT+0530 (India Standard Time)! Possible blocking IO or high CPU user at the same process used by node-cron.
[2026-09-30T04:34:51.164Z] [PID: 260] [32m[NODE-CRON][32m [33m[WARN][0m missed execution at Wed Sep 30 2026 01:45:00 GMT+0530 (India Standard Time)! Possible blocking IO or high CPU user at the same process used by node-cron.
[2026-09-30T04:34:51.169Z] [PID: 260] [32m[NODE-CRON][32m [33m[WARN][0m missed execution at Wed Sep 30 2026 01:46:00 GMT+0530 (India Standard Time)! Possible blocking IO or high CPU user at the same process used by node-cron.
[2026-09-30T04:34:51.175Z] [PID: 260] [32m[NODE-CRON][32m [33m[WARN][0m missed execution at Wed Sep 30 2026 01:47:00 GMT+0530 (India Standard Time)! Possible blocking IO or high CPU user at the same process used by node-cron.
[2026-09-30T04:34:51.182Z] [PID: 260] [32m[NODE-CRON][32m [33m[WARN][0m missed execution at Wed Sep 30 2026 01:48:00 GMT+0530 (India Standard Time)! Possible blocking IO or high CPU user at the same process used by node-cron.
[2026-09-30T04:34:51.189Z] [PID: 260] [32m[NODE-CRON][32m [33m[WARN][0m missed execution at Wed Sep 30 2026 01:49:00 GMT+0530 (India Standard Time)! Possible blocking IO or high CPU user at the same process used by node-cron.
[2026-09-30T04:34:51.199Z] [PID: 260] [32m[NODE-CRON][32m [33m[WARN][0m missed execution at Wed Sep 30 2026 01:50:00 GMT+0530 (India Standard Time)! Possible blocking IO or high CPU user at the same process used by node-cron.
[2026-09-30T04:34:51.205Z] [PID: 260] [32m[NODE-CRON][32m [33m[WARN][0m missed execution at Wed Sep 30 2026 01:51:00 GMT+0530 (India Standard Time)! Possible blocking IO or high CPU user at the same process used by node-cron.
[2026-09-30T04:34:51.211Z] [PID: 260] [32m[NODE-CRON][32m [33m[WARN][0m missed execution at Wed Sep 30 2026 01:52:00 GMT+0530 (India Standard Time)! Possible blocking IO or high CPU user at the same process used by node-cron.
[2026-09-30T04:34:51.216Z] [PID: 260] [32m[NODE-CRON][32m [33m[WARN][0m missed execution at Wed Sep 30 2026 01:53:00 GMT+0530 (India Standard Time)! Possible blocking IO or high CPU user at the same process used by node-cron.
[2026-09-30T04:34:51.222Z] [PID: 260] [32m[NODE-CRON][32m [33m[WARN][0m missed execution at Wed Sep 30 2026 01:54:00 GMT+0530 (India Standard Time)! Possible blocking IO or high CPU user at the same process used by node-cron.
[2026-09-30T04:34:51.227Z] [PID: 260] [32m[NODE-CRON][32m [33m[WARN][0m missed execution at Wed Sep 30 2026 01:55:00 GMT+0530 (India Standard Time)! Possible blocking IO or high CPU user at the same process used by node-cron.
[2026-09-30T04:34:51.238Z] [PID: 260] [32m[NODE-CRON][32m [33m[WARN][0m missed execution at Wed Sep 30 2026 01:56:00 GMT+0530 (India Standard Time)! Possible blocking IO or high CPU user at the same process used by node-cron.
[2026-09-30T04:34:51.242Z] [PID: 260] [32m[NODE-CRON][32m [33m[WARN][0m missed execution at Wed Sep 30 2026 01:57:00 GMT+0530 (India Standard Time)! Possible blocking IO or high CPU user at the same process used by node-cron.
[2026-09-30T04:34:51.247Z] [PID: 260] [32m[NODE-CRON][32m [33m[WARN][0m missed execution at Wed Sep 30 2026 01:58:00 GMT+0530 (India Standard Time)! Possible blocking IO or high CPU user at the same process used by node-cron.
[2026-09-30T04:34:51.252Z] [PID: 260] [32m[NODE-CRON][32m [33m[WARN][0m missed execution at Wed Sep 30 2026 01:59:00 GMT+0530 (India Standard Time)! Possible blocking IO or high CPU user at the same process used by node-cron.
[2026-09-30T04:34:51.258Z] [PID: 260] [32m[NODE-CRON][32m [33m[WARN][0m missed execution at Wed Sep 30 2026 02:00:00 GMT+0530 (India Standard Time)! Possible blocking IO or high CPU user at the same process used by node-cron.
[2026-09-30T04:34:51.266Z] [PID: 260] [32m[NODE-CRON][32m [33m[WARN][0m missed execution at Wed Sep 30 2026 02:01:00 GMT+0530 (India Standard Time)! Possible blocking IO or high CPU user at the same process used by node-cron.
[2026-09-30T04:34:51.271Z] [PID: 260] [32m[NODE-CRON][32m [33m[WARN][0m missed execution at Wed Sep 30 2026 02:02:00 GMT+0530 (India Standard Time)! Possible blocking IO or high CPU user at the same process used by node-cron.
[2026-09-30T04:34:51.277Z] [PID: 260] [32m[NODE-CRON][32m [33m[WARN][0m missed execution at Wed Sep 30 2026 02:03:00 GMT+0530 (India Standard Time)! Possible blocking IO or high CPU user at the same process used by node-cron.
[2026-09-30T04:34:51.286Z] [PID: 260] [32m[NODE-CRON][32m [33m[WARN][0m missed execution at Wed Sep 30 2026 02:04:00 GMT+0530 (India Standard Time)! Possible blocking IO or high CPU user at the same process used by node-cron.
[2026-09-30T04:34:51.290Z] [PID: 260] [32m[NODE-CRON][32m [33m[WARN][0m missed execution at Wed Sep 30 2026 02:05:00 GMT+0530 (India Standard Time)! Possible blocking IO or high CPU user at the same process used by node-cron.
[2026-09-30T04:34:51.294Z] [PID: 260] [32m[NODE-CRON][32m [33m[WARN][0m missed execution at Wed Sep 30 2026 02:06:00 GMT+0530 (India Standard Time)! Possible blocking IO or high CPU user at the same process used by node-cron.
[2026-09-30T04:34:51.299Z] [PID: 260] [32m[NODE-CRON][32m [33m[WARN][0m missed execution at Wed Sep 30 2026 02:07:00 GMT+0530 (India Standard Time)! Possible blocking IO or high CPU user at the same process used by node-cron.
[2026-09-30T04:34:51.307Z] [PID: 260] [32m[NODE-CRON][32m [33m[WARN][0m missed execution at Wed Sep 30 2026 02:08:00 GMT+0530 (India Standard Time)! Possible blocking IO or high CPU user at the same process used by node-cron.
[2026-09-30T04:34:51.313Z] [PID: 260] [32m[NODE-CRON][32m [33m[WARN][0m missed execution at Wed Sep 30 2026 02:09:00 GMT+0530 (India Standard Time)! Possible blocking IO or high CPU user at the same process used by node-cron.
[2026-09-30T04:34:51.320Z] [PID: 260] [32m[NODE-CRON][32m [33m[WARN][0m missed execution at Wed Sep 30 2026 02:10:00 GMT+0530 (India Standard Time)! Possible blocking IO or high CPU user at the same process used by node-cron.
[2026-09-30T04:34:51.325Z] [PID: 260] [32m[NODE-CRON][32m [33m[WARN][0m missed execution at Wed Sep 30 2026 02:11:00 GMT+0530 (India Standard Time)! Possible blocking IO or high CPU user at the same process used by node-cron.
[2026-09-30T04:34:51.331Z] [PID: 260] [32m[NODE-CRON][32m [33m[WARN][0m missed execution at Wed Sep 30 2026 02:12:00 GMT+0530 (India Standard Time)! Possible blocking IO or high CPU user at the same process used by node-cron.
[2026-09-30T04:34:51.337Z] [PID: 260] [32m[NODE-CRON][32m [33m[WARN][0m missed execution at Wed Sep 30 2026 02:13:00 GMT+0530 (India Standard Time)! Possible blocking IO or high CPU user at the same process used by node-cron.
[2026-09-30T04:34:51.342Z] [PID: 260] [32m[NODE-CRON][32m [33m[WARN][0m missed execution at Wed Sep 30 2026 02:14:00 GMT+0530 (India Standard Time)! Possible blocking IO or high CPU user at the same process used by node-cron.
[2026-09-30T04:34:51.352Z] [PID: 260] [32m[NODE-CRON][32m [33m[WARN][0m missed execution at Wed Sep 30 2026 02:15:00 GMT+0530 (India Standard Time)! Possible blocking IO or high CPU user at the same process used by node-cron.
[2026-09-30T04:34:51.357Z] [PID: 260] [32m[NODE-CRON][32m [33m[WARN][0m missed execution at Wed Sep 30 2026 02:16:00 GMT+0530 (India Standard Time)! Possible blocking IO or high CPU user at the same process used by node-cron.
[2026-09-30T04:34:51.362Z] [PID: 260] [32m[NODE-CRON][32m [33m[WARN][0m missed execution at Wed Sep 30 2026 02:17:00 GMT+0530 (India Standard Time)! Possible blocking IO or high CPU user at the same process used by node-cron.
[2026-09-30T04:34:51.366Z] [PID: 260] [32m[NODE-CRON][32m [33m[WARN][0m missed execution at Wed Sep 30 2026 02:18:00 GMT+0530 (India Standard Time)! Possible blocking IO or high CPU user at the same process used by node-cron.
[2026-09-30T04:34:51.371Z] [PID: 260] [32m[NODE-CRON][32m [33m[WARN][0m missed execution at Wed Sep 30 2026 02:19:00 GMT+0530 (India Standard Time)! Possible blocking IO or high CPU user at the same process used by node-cron.
[2026-09-30T04:34:51.377Z] [PID: 260] [32m[NODE-CRON][32m [33m[WARN][0m missed execution at Wed Sep 30 2026 02:20:00 GMT+0530 (India Standard Time)! Possible blocking IO or high CPU user at the same process used by node-cron.
[2026-09-30T04:34:51.385Z] [PID: 260] [32m[NODE-CRON][32m [33m[WARN][0m missed execution at Wed Sep 30 2026 02:21:00 GMT+0530 (India Standard Time)! Possible blocking IO or high CPU user at the same process used by node-cron.
[2026-09-30T04:34:51.390Z] [PID: 260] [32m[NODE-CRON][32m [33m[WARN][0m missed execution at Wed Sep 30 2026 02:22:00 GMT+0530 (India Standard Time)! Possible blocking IO or high CPU user at the same process used by node-cron.
[2026-09-30T04:34:51.395Z] [PID: 260] [32m[NODE-CRON][32m [33m[WARN][0m missed execution at Wed Sep 30 2026 02:23:00 GMT+0530 (India Standard Time)! Possible blocking IO or high CPU user at the same process used by node-cron.
[2026-09-30T04:34:51.400Z] [PID: 260] [32m[NODE-CRON][32m [33m[WARN][0m missed execution at Wed Sep 30 2026 02:24:00 GMT+0530 (India Standard Time)! Possible blocking IO or high CPU user at the same process used by node-cron.
[2026-09-30T04:34:51.404Z] [PID: 260] [32m[NODE-CRON][32m [33m[WARN][0m missed execution at Wed Sep 30 2026 02:25:00 GMT+0530 (India Standard Time)! Possible blocking IO or high CPU user at the same process used by node-cron.
[2026-09-30T04:34:51.412Z] [PID: 260] [32m[NODE-CRON][32m [33m[WARN][0m missed execution at Wed Sep 30 2026 02:26:00 GMT+0530 (India Standard Time)! Possible blocking IO or high CPU user at the same process used by node-cron.
[2026-09-30T04:34:51.417Z] [PID: 260] [32m[NODE-CRON][32m [33m[WARN][0m missed execution at Wed Sep 30 2026 02:27:00 GMT+0530 (India Standard Time)! Possible blocking IO or high CPU user at the same process used by node-cron.
[2026-09-30T04:34:51.422Z] [PID: 260] [32m[NODE-CRON][32m [33m[WARN][0m missed execution at Wed Sep 30 2026 02:28:00 GMT+0530 (India Standard Time)! Possible blocking IO or high CPU user at the same process used by node-cron.
[2026-09-30T04:34:51.428Z] [PID: 260] [32m[NODE-CRON][32m [33m[WARN][0m missed execution at Wed Sep 30 2026 02:29:00 GMT+0530 (India Standard Time)! Possible blocking IO or high CPU user at the same process used by node-cron.
[2026-09-30T04:34:51.432Z] [PID: 260] [32m[NODE-CRON][32m [33m[WARN][0m missed execution at Wed Sep 30 2026 02:30:00 GMT+0530 (India Standard Time)! Possible blocking IO or high CPU user at the same process used by node-cron.
[2026-09-30T04:34:51.438Z] [PID: 260] [32m[NODE-CRON][32m [33m[WARN][0m missed execution at Wed Sep 30 2026 02:31:00 GMT+0530 (India Standard Time)! Possible blocking IO or high CPU user at the same process used by node-cron.
[2026-09-30T04:34:51.443Z] [PID: 260] [32m[NODE-CRON][32m [33m[WARN][0m missed execution at Wed Sep 30 2026 02:32:00 GMT+0530 (India Standard Time)! Possible blocking IO or high CPU user at the same process used by node-cron.
[2026-09-30T04:34:51.449Z] [PID: 260] [32m[NODE-CRON][32m [33m[WARN][0m missed execution at Wed Sep 30 2026 02:33:00 GMT+0530 (India Standard Time)! Possible blocking IO or high CPU user at the same process used by node-cron.
[2026-09-30T04:34:51.459Z] [PID: 260] [32m[NODE-CRON][32m [33m[WARN][0m missed execution at Wed Sep 30 2026 02:34:00 GMT+0530 (India Standard Time)! Possible blocking IO or high CPU user at the same process used by node-cron.
[2026-09-30T04:34:51.464Z] [PID: 260] [32m[NODE-CRON][32m [33m[WARN][0m missed execution at Wed Sep 30 2026 02:35:00 GMT+0530 (India Standard Time)! Possible blocking IO or high CPU user at the same process used by node-cron.
[2026-09-30T04:34:51.469Z] [PID: 260] [32m[NODE-CRON][32m [33m[WARN][0m missed execution at Wed Sep 30 2026 02:36:00 GMT+0530 (India Standard Time)! Possible blocking IO or high CPU user at the same process used by node-cron.
[2026-09-30T04:34:51.474Z] [PID: 260] [32m[NODE-CRON][32m [33m[WARN][0m missed execution at Wed Sep 30 2026 02:37:00 GMT+0530 (India Standard Time)! Possible blocking IO or high CPU user at the same process used by node-cron.
[2026-09-30T04:34:51.479Z] [PID: 260] [32m[NODE-CRON][32m [33m[WARN][0m missed execution at Wed Sep 30 2026 02:38:00 GMT+0530 (India Standard Time)! Possible blocking IO or high CPU user at the same process used by node-cron.
[2026-09-30T04:34:51.484Z] [PID: 260] [32m[NODE-CRON][32m [33m[WARN][0m missed execution at Wed Sep 30 2026 02:39:00 GMT+0530 (India Standard Time)! Possible blocking IO or high CPU user at the same process used by node-cron.
[2026-09-30T04:34:51.489Z] [PID: 260] [32m[NODE-CRON][32m [33m[WARN][0m missed execution at Wed Sep 30 2026 02:40:00 GMT+0530 (India Standard Time)! Possible blocking IO or high CPU user at the same process used by node-cron.
[2026-09-30T04:34:51.494Z] [PID: 260] [32m[NODE-CRON][32m [33m[WARN][0m missed execution at Wed Sep 30 2026 02:41:00 GMT+0530 (India Standard Time)! Possible blocking IO or high CPU user at the same process used by node-cron.
[2026-09-30T04:34:51.499Z] [PID: 260] [32m[NODE-CRON][32m [33m[WARN][0m missed execution at Wed Sep 30 2026 02:42:00 GMT+0530 (India Standard Time)! Possible blocking IO or high CPU user at the same process used by node-cron.
[2026-09-30T04:34:51.503Z] [PID: 260] [32m[NODE-CRON][32m [33m[WARN][0m missed execution at Wed Sep 30 2026 02:43:00 GMT+0530 (India Standard Time)! Possible blocking IO or high CPU user at the same process used by node-cron.
[2026-09-30T04:34:51.509Z] [PID: 260] [32m[NODE-CRON][32m [33m[WARN][0m missed execution at Wed Sep 30 2026 02:44:00 GMT+0530 (India Standard Time)! Possible blocking IO or high CPU user at the same process used by node-cron.
[2026-09-30T04:34:51.514Z] [PID: 260] [32m[NODE-CRON][32m [33m[WARN][0m missed execution at Wed Sep 30 2026 02:45:00 GMT+0530 (India Standard Time)! Possible blocking IO or high CPU user at the same process used by node-cron.
[2026-09-30T04:34:51.519Z] [PID: 260] [32m[NODE-CRON][32m [33m[WARN][0m missed execution at Wed Sep 30 2026 02:46:00 GMT+0530 (India Standard Time)! Possible blocking IO or high CPU user at the same process used by node-cron.
[2026-09-30T04:34:51.524Z] [PID: 260] [32m[NODE-CRON][32m [33m[WARN][0m missed execution at Wed Sep 30 2026 02:47:00 GMT+0530 (India Standard Time)! Possible blocking IO or high CPU user at the same process used by node-cron.
[2026-09-30T04:34:51.530Z] [PID: 260] [32m[NODE-CRON][32m [33m[WARN][0m missed execution at Wed Sep 30 2026 02:48:00 GMT+0530 (India Standard Time)! Possible blocking IO or high CPU user at the same process used by node-cron.
[2026-09-30T04:34:51.535Z] [PID: 260] [32m[NODE-CRON][32m [33m[WARN][0m missed execution at Wed Sep 30 2026 02:49:00 GMT+0530 (India Standard Time)! Possible blocking IO or high CPU user at the same process used by node-cron.
[2026-09-30T04:34:51.540Z] [PID: 260] [32m[NODE-CRON][32m [33m[WARN][0m missed execution at Wed Sep 30 2026 02:50:00 GMT+0530 (India Standard Time)! Possible blocking IO or high CPU user at the same process used by node-cron.
[2026-09-30T04:34:51.545Z] [PID: 260] [32m[NODE-CRON][32m [33m[WARN][0m missed execution at Wed Sep 30 2026 02:51:00 GMT+0530 (India Standard Time)! Possible blocking IO or high CPU user at the same process used by node-cron.
[2026-09-30T04:34:51.549Z] [PID: 260] [32m[NODE-CRON][32m [33m[WARN][0m missed execution at Wed Sep 30 2026 02:52:00 GMT+0530 (India Standard Time)! Possible blocking IO or high CPU user at the same process used by node-cron.
[2026-09-30T04:34:51.554Z] [PID: 260] [32m[NODE-CRON][32m [33m[WARN][0m missed execution at Wed Sep 30 2026 02:53:00 GMT+0530 (India Standard Time)! Possible blocking IO or high CPU user at the same process used by node-cron.
[2026-09-30T04:34:51.565Z] [PID: 260] [32m[NODE-CRON][32m [33m[WARN][0m missed execution at Wed Sep 30 2026 02:54:00 GMT+0530 (India Standard Time)! Possible blocking IO or high CPU user at the same process used by node-cron.
[2026-09-30T04:34:51.574Z] [PID: 260] [32m[NODE-CRON][32m [33m[WARN][0m missed execution at Wed Sep 30 2026 02:55:00 GMT+0530 (India Standard Time)! Possible blocking IO or high CPU user at the same process used by node-cron.
[2026-09-30T04:34:51.579Z] [PID: 260] [32m[NODE-CRON][32m [33m[WARN][0m missed execution at Wed Sep 30 2026 02:56:00 GMT+0530 (India Standard Time)! Possible blocking IO or high CPU user at the same process used by node-cron.
[2026-09-30T04:34:51.584Z] [PID: 260] [32m[NODE-CRON][32m [33m[WARN][0m missed execution at Wed Sep 30 2026 02:57:00 GMT+0530 (India Standard Time)! Possible blocking IO or high CPU user at the same process used by node-cron.
[2026-09-30T04:34:51.588Z] [PID: 260] [32m[NODE-CRON][32m [33m[WARN][0m missed execution at Wed Sep 30 2026 02:58:00 GMT+0530 (India Standard Time)! Possible blocking IO or high CPU user at the same process used by node-cron.
[2026-09-30T04:34:51.592Z] [PID: 260] [32m[NODE-CRON][32m [33m[WARN][0m missed execution at Wed Sep 30 2026 02:59:00 GMT+0530 (India Standard Time)! Possible blocking IO or high CPU user at the same process used by node-cron.
[2026-09-30T04:34:51.597Z] [PID: 260] [32m[NODE-CRON][32m [33m[WARN][0m missed execution at Wed Sep 30 2026 03:00:00 GMT+0530 (India Standard Time)! Possible blocking IO or high CPU user at the same process used by node-cron.
[2026-09-30T04:34:51.601Z] [PID: 260] [32m[NODE-CRON][32m [33m[WARN][0m missed execution at Wed Sep 30 2026 03:01:00 GMT+0530 (India Standard Time)! Possible blocking IO or high CPU user at the same process used by node-cron.
[2026-09-30T04:34:51.606Z] [PID: 260] [32m[NODE-CRON][32m [33m[WARN][0m missed execution at Wed Sep 30 2026 03:02:00 GMT+0530 (India Standard Time)! Possible blocking IO or high CPU user at the same process used by node-cron.
[2026-09-30T04:34:51.610Z] [PID: 260] [32m[NODE-CRON][32m [33m[WARN][0m missed execution at Wed Sep 30 2026 03:03:00 GMT+0530 (India Standard Time)! Possible blocking IO or high CPU user at the same process used by node-cron.
[2026-09-30T04:34:51.615Z] [PID: 260] [32m[NODE-CRON][32m [33m[WARN][0m missed execution at Wed Sep 30 2026 03:04:00 GMT+0530 (India Standard Time)! Possible blocking IO or high CPU user at the same process used by node-cron.
[2026-09-30T04:34:51.620Z] [PID: 260] [32m[NODE-CRON][32m [33m[WARN][0m missed execution at Wed Sep 30 2026 03:05:00 GMT+0530 (India Standard Time)! Possible blocking IO or high CPU user at the same process used by node-cron.
[2026-09-30T04:34:51.626Z] [PID: 260] [32m[NODE-CRON][32m [33m[WARN][0m missed execution at Wed Sep 30 2026 03:06:00 GMT+0530 (India Standard Time)! Possible blocking IO or high CPU user at the same process used by node-cron.
[2026-09-30T04:34:51.631Z] [PID: 260] [32m[NODE-CRON][32m [33m[WARN][0m missed execution at Wed Sep 30 2026 03:07:00 GMT+0530 (India Standard Time)! Possible blocking IO or high CPU user at the same process used by node-cron.
[2026-09-30T04:34:51.636Z] [PID: 260] [32m[NODE-CRON][32m [33m[WARN][0m missed execution at Wed Sep 30 2026 03:08:00 GMT+0530 (India Standard Time)! Possible blocking IO or high CPU user at the same process used by node-cron.
[2026-09-30T04:34:51.641Z] [PID: 260] [32m[NODE-CRON][32m [33m[WARN][0m missed execution at Wed Sep 30 2026 03:09:00 GMT+0530 (India Standard Time)! Possible blocking IO or high CPU user at the same process used by node-cron.
[2026-09-30T04:34:51.647Z] [PID: 260] [32m[NODE-CRON][32m [33m[WARN][0m missed execution at Wed Sep 30 2026 03:10:00 GMT+0530 (India Standard Time)! Possible blocking IO or high CPU user at the same process used by node-cron.
[2026-09-30T04:34:51.654Z] [PID: 260] [32m[NODE-CRON][32m [33m[WARN][0m missed execution at Wed Sep 30 2026 03:11:00 GMT+0530 (India Standard Time)! Possible blocking IO or high CPU user at the same process used by node-cron.
[2026-09-30T04:34:51.658Z] [PID: 260] [32m[NODE-CRON][32m [33m[WARN][0m missed execution at Wed Sep 30 2026 03:12:00 GMT+0530 (India Standard Time)! Possible blocking IO or high CPU user at the same process used by node-cron.
[2026-09-30T04:34:51.668Z] [PID: 260] [32m[NODE-CRON][32m [33m[WARN][0m missed execution at Wed Sep 30 2026 03:13:00 GMT+0530 (India Standard Time)! Possible blocking IO or high CPU user at the same process used by node-cron.
[2026-09-30T04:34:51.673Z] [PID: 260] [32m[NODE-CRON][32m [33m[WARN][0m missed execution at Wed Sep 30 2026 03:14:00 GMT+0530 (India Standard Time)! Possible blocking IO or high CPU user at the same process used by node-cron.
[2026-09-30T04:34:51.680Z] [PID: 260] [32m[NODE-CRON][32m [33m[WARN][0m missed execution at Wed Sep 30 2026 03:15:00 GMT+0530 (India Standard Time)! Possible blocking IO or high CPU user at the same process used by node-cron.
[2026-09-30T04:34:51.686Z] [PID: 260] [32m[NODE-CRON][32m [33m[WARN][0m missed execution at Wed Sep 30 2026 03:16:00 GMT+0530 (India Standard Time)! Possible blocking IO or high CPU user at the same process used by node-cron.
[2026-09-30T04:34:51.691Z] [PID: 260] [32m[NODE-CRON][32m [33m[WARN][0m missed execution at Wed Sep 30 2026 03:17:00 GMT+0530 (India Standard Time)! Possible blocking IO or high CPU user at the same process used by node-cron.
[2026-09-30T04:34:51.697Z] [PID: 260] [32m[NODE-CRON][32m [33m[WARN][0m missed execution at Wed Sep 30 2026 03:18:00 GMT+0530 (India Standard Time)! Possible blocking IO or high CPU user at the same process used by node-cron.
[2026-09-30T04:34:51.703Z] [PID: 260] [32m[NODE-CRON][32m [33m[WARN][0m missed execution at Wed Sep 30 2026 03:19:00 GMT+0530 (India Standard Time)! Possible blocking IO or high CPU user at the same process used by node-cron.
[2026-09-30T04:34:51.709Z] [PID: 260] [32m[NODE-CRON][32m [33m[WARN][0m missed execution at Wed Sep 30 2026 03:20:00 GMT+0530 (India Standard Time)! Possible blocking IO or high CPU user at the same process used by node-cron.
[2026-09-30T04:34:51.715Z] [PID: 260] [32m[NODE-CRON][32m [33m[WARN][0m missed execution at Wed Sep 30 2026 03:21:00 GMT+0530 (India Standard Time)! Possible blocking IO or high CPU user at the same process used by node-cron.
[2026-09-30T04:34:51.720Z] [PID: 260] [32m[NODE-CRON][32m [33m[WARN][0m missed execution at Wed Sep 30 2026 03:22:00 GMT+0530 (India Standard Time)! Possible blocking IO or high CPU user at the same process used by node-cron.
[2026-09-30T04:34:51.725Z] [PID: 260] [32m[NODE-CRON][32m [33m[WARN][0m missed execution at Wed Sep 30 2026 03:23:00 GMT+0530 (India Standard Time)! Possible blocking IO or high CPU user at the same process used by node-cron.
[2026-09-30T04:34:51.730Z] [PID: 260] [32m[NODE-CRON][32m [33m[WARN][0m missed execution at Wed Sep 30 2026 03:24:00 GMT+0530 (India Standard Time)! Possible blocking IO or high CPU user at the same process used by node-cron.
[2026-09-30T04:34:51.734Z] [PID: 260] [32m[NODE-CRON][32m [33m[WARN][0m missed execution at Wed Sep 30 2026 03:25:00 GMT+0530 (India Standard Time)! Possible blocking IO or high CPU user at the same process used by node-cron.
[2026-09-30T04:34:51.739Z] [PID: 260] [32m[NODE-CRON][32m [33m[WARN][0m missed execution at Wed Sep 30 2026 03:26:00 GMT+0530 (India Standard Time)! Possible blocking IO or high CPU user at the same process used by node-cron.
[2026-09-30T04:34:51.744Z] [PID: 260] [32m[NODE-CRON][32m [33m[WARN][0m missed execution at Wed Sep 30 2026 03:27:00 GMT+0530 (India Standard Time)! Possible blocking IO or high CPU user at the same process used by node-cron.
[2026-09-30T04:34:51.756Z] [PID: 260] [32m[NODE-CRON][32m [33m[WARN][0m missed execution at Wed Sep 30 2026 03:28:00 GMT+0530 (India Standard Time)! Possible blocking IO or high CPU user at the same process used by node-cron.
[2026-09-30T04:34:51.761Z] [PID: 260] [32m[NODE-CRON][32m [33m[WARN][0m missed execution at Wed Sep 30 2026 03:29:00 GMT+0530 (India Standard Time)! Possible blocking IO or high CPU user at the same process used by node-cron.
[2026-09-30T04:34:51.767Z] [PID: 260] [32m[NODE-CRON][32m [33m[WARN][0m missed execution at Wed Sep 30 2026 03:30:00 GMT+0530 (India Standard Time)! Possible blocking IO or high CPU user at the same process used by node-cron.
[2026-09-30T04:34:51.772Z] [PID: 260] [32m[NODE-CRON][32m [33m[WARN][0m missed execution at Wed Sep 30 2026 03:31:00 GMT+0530 (India Standard Time)! Possible blocking IO or high CPU user at the same process used by node-cron.
[2026-09-30T04:34:51.786Z] [PID: 260] [32m[NODE-CRON][32m [33m[WARN][0m missed execution at Wed Sep 30 2026 03:32:00 GMT+0530 (India Standard Time)! Possible blocking IO or high CPU user at the same process used by node-cron.
[2026-09-30T04:34:51.792Z] [PID: 260] [32m[NODE-CRON][32m [33m[WARN][0m missed execution at Wed Sep 30 2026 03:33:00 GMT+0530 (India Standard Time)! Possible blocking IO or high CPU user at the same process used by node-cron.
[2026-09-30T04:34:51.797Z] [PID: 260] [32m[NODE-CRON][32m [33m[WARN][0m missed execution at Wed Sep 30 2026 03:34:00 GMT+0530 (India Standard Time)! Possible blocking IO or high CPU user at the same process used by node-cron.
[2026-09-30T04:34:51.802Z] [PID: 260] [32m[NODE-CRON][32m [33m[WARN][0m missed execution at Wed Sep 30 2026 03:35:00 GMT+0530 (India Standard Time)! Possible blocking IO or high CPU user at the same process used by node-cron.
[2026-09-30T04:34:51.809Z] [PID: 260] [32m[NODE-CRON][32m [33m[WARN][0m missed execution at Wed Sep 30 2026 03:36:00 GMT+0530 (India Standard Time)! Possible blocking IO or high CPU user at the same process used by node-cron.
[2026-09-30T04:34:51.816Z] [PID: 260] [32m[NODE-CRON][32m [33m[WARN][0m missed execution at Wed Sep 30 2026 03:37:00 GMT+0530 (India Standard Time)! Possible blocking IO or high CPU user at the same process used by node-cron.
[2026-09-30T04:34:51.821Z] [PID: 260] [32m[NODE-CRON][32m [33m[WARN][0m missed execution at Wed Sep 30 2026 03:38:00 GMT+0530 (India Standard Time)! Possible blocking IO or high CPU user at the same process used by node-cron.
[2026-09-30T04:34:51.829Z] [PID: 260] [32m[NODE-CRON][32m [33m[WARN][0m missed execution at Wed Sep 30 2026 03:39:00 GMT+0530 (India Standard Time)! Possible blocking IO or high CPU user at the same process used by node-cron.
[2026-09-30T04:34:51.833Z] [PID: 260] [32m[NODE-CRON][32m [33m[WARN][0m missed execution at Wed Sep 30 2026 03:40:00 GMT+0530 (India Standard Time)! Possible blocking IO or high CPU user at the same process used by node-cron.
[2026-09-30T04:34:51.837Z] [PID: 260] [32m[NODE-CRON][32m [33m[WARN][0m missed execution at Wed Sep 30 2026 03:41:00 GMT+0530 (India Standard Time)! Possible blocking IO or high CPU user at the same process used by node-cron.
[2026-09-30T04:34:51.841Z] [PID: 260] [32m[NODE-CRON][32m [33m[WARN][0m missed execution at Wed Sep 30 2026 03:42:00 GMT+0530 (India Standard Time)! Possible blocking IO or high CPU user at the same process used by node-cron.
[2026-09-30T04:34:51.848Z] [PID: 260] [32m[NODE-CRON][32m [33m[WARN][0m missed execution at Wed Sep 30 2026 03:43:00 GMT+0530 (India Standard Time)! Possible blocking IO or high CPU user at the same process used by node-cron.
[2026-09-30T04:34:51.852Z] [PID: 260] [32m[NODE-CRON][32m [33m[WARN][0m missed execution at Wed Sep 30 2026 03:44:00 GMT+0530 (India Standard Time)! Possible blocking IO or high CPU user at the same process used by node-cron.
[2026-09-30T04:34:51.860Z] [PID: 260] [32m[NODE-CRON][32m [33m[WARN][0m missed execution at Wed Sep 30 2026 03:45:00 GMT+0530 (India Standard Time)! Possible blocking IO or high CPU user at the same process used by node-cron.
[2026-09-30T04:34:51.864Z] [PID: 260] [32m[NODE-CRON][32m [33m[WARN][0m missed execution at Wed Sep 30 2026 03:46:00 GMT+0530 (India Standard Time)! Possible blocking IO or high CPU user at the same process used by node-cron.
[2026-09-30T04:34:51.869Z] [PID: 260] [32m[NODE-CRON][32m [33m[WARN][0m missed execution at Wed Sep 30 2026 03:47:00 GMT+0530 (India Standard Time)! Possible blocking IO or high CPU user at the same process used by node-cron.
[2026-09-30T04:34:51.874Z] [PID: 260] [32m[NODE-CRON][32m [33m[WARN][0m missed execution at Wed Sep 30 2026 03:48:00 GMT+0530 (India Standard Time)! Possible blocking IO or high CPU user at the same process used by node-cron.
[2026-09-30T04:34:51.882Z] [PID: 260] [32m[NODE-CRON][32m [33m[WARN][0m missed execution at Wed Sep 30 2026 03:49:00 GMT+0530 (India Standard Time)! Possible blocking IO or high CPU user at the same process used by node-cron.
[2026-09-30T04:34:51.887Z] [PID: 260] [32m[NODE-CRON][32m [33m[WARN][0m missed execution at Wed Sep 30 2026 03:50:00 GMT+0530 (India Standard Time)! Possible blocking IO or high CPU user at the same process used by node-cron.
[2026-09-30T04:34:51.901Z] [PID: 260] [32m[NODE-CRON][32m [33m[WARN][0m missed execution at Wed Sep 30 2026 03:51:00 GMT+0530 (India Standard Time)! Possible blocking IO or high CPU user at the same process used by node-cron.
[2026-09-30T04:34:51.906Z] [PID: 260] [32m[NODE-CRON][32m [33m[WARN][0m missed execution at Wed Sep 30 2026 03:52:00 GMT+0530 (India Standard Time)! Possible blocking IO or high CPU user at the same process used by node-cron.
[2026-09-30T04:34:51.911Z] [PID: 260] [32m[NODE-CRON][32m [33m[WARN][0m missed execution at Wed Sep 30 2026 03:53:00 GMT+0530 (India Standard Time)! Possible blocking IO or high CPU user at the same process used by node-cron.
[2026-09-30T04:34:51.915Z] [PID: 260] [32m[NODE-CRON][32m [33m[WARN][0m missed execution at Wed Sep 30 2026 03:54:00 GMT+0530 (India Standard Time)! Possible blocking IO or high CPU user at the same process used by node-cron.
[2026-09-30T04:34:51.919Z] [PID: 260] [32m[NODE-CRON][32m [33m[WARN][0m missed execution at Wed Sep 30 2026 03:55:00 GMT+0530 (India Standard Time)! Possible blocking IO or high CPU user at the same process used by node-cron.
[2026-09-30T04:34:51.923Z] [PID: 260] [32m[NODE-CRON][32m [33m[WARN][0m missed execution at Wed Sep 30 2026 03:56:00 GMT+0530 (India Standard Time)! Possible blocking IO or high CPU user at the same process used by node-cron.
[2026-09-30T04:34:51.928Z] [PID: 260] [32m[NODE-CRON][32m [33m[WARN][0m missed execution at Wed Sep 30 2026 03:57:00 GMT+0530 (India Standard Time)! Possible blocking IO or high CPU user at the same process used by node-cron.
[2026-09-30T04:34:51.933Z] [PID: 260] [32m[NODE-CRON][32m [33m[WARN][0m missed execution at Wed Sep 30 2026 03:58:00 GMT+0530 (India Standard Time)! Possible blocking IO or high CPU user at the same process used by node-cron.
[2026-09-30T04:34:51.937Z] [PID: 260] [32m[NODE-CRON][32m [33m[WARN][0m missed execution at Wed Sep 30 2026 03:59:00 GMT+0530 (India Standard Time)! Possible blocking IO or high CPU user at the same process used by node-cron.
[2026-09-30T04:34:51.942Z] [PID: 260] [32m[NODE-CRON][32m [33m[WARN][0m missed execution at Wed Sep 30 2026 04:00:00 GMT+0530 (India Standard Time)! Possible blocking IO or high CPU user at the same process used by node-cron.
[2026-09-30T04:34:51.949Z] [PID: 260] [32m[NODE-CRON][32m [33m[WARN][0m missed execution at Wed Sep 30 2026 04:01:00 GMT+0530 (India Standard Time)! Possible blocking IO or high CPU user at the same process used by node-cron.
[2026-09-30T04:34:51.954Z] [PID: 260] [32m[NODE-CRON][32m [33m[WARN][0m missed execution at Wed Sep 30 2026 04:02:00 GMT+0530 (India Standard Time)! Possible blocking IO or high CPU user at the same process used by node-cron.
[2026-09-30T04:34:51.963Z] [PID: 260] [32m[NODE-CRON][32m [33m[WARN][0m missed execution at Wed Sep 30 2026 04:03:00 GMT+0530 (India Standard Time)! Possible blocking IO or high CPU user at the same process used by node-cron.
[2026-09-30T04:34:51.967Z] [PID: 260] [32m[NODE-CRON][32m [33m[WARN][0m missed execution at Wed Sep 30 2026 04:04:00 GMT+0530 (India Standard Time)! Possible blocking IO or high CPU user at the same process used by node-cron.
[2026-09-30T04:34:51.971Z] [PID: 260] [32m[NODE-CRON][32m [33m[WARN][0m missed execution at Wed Sep 30 2026 04:05:00 GMT+0530 (India Standard Time)! Possible blocking IO or high CPU user at the same process used by node-cron.
[2026-09-30T04:34:51.976Z] [PID: 260] [32m[NODE-CRON][32m [33m[WARN][0m missed execution at Wed Sep 30 2026 04:06:00 GMT+0530 (India Standard Time)! Possible blocking IO or high CPU user at the same process used by node-cron.
[2026-09-30T04:34:51.981Z] [PID: 260] [32m[NODE-CRON][32m [33m[WARN][0m missed execution at Wed Sep 30 2026 04:07:00 GMT+0530 (India Standard Time)! Possible blocking IO or high CPU user at the same process used by node-cron.
[2026-09-30T04:34:51.986Z] [PID: 260] [32m[NODE-CRON][32m [33m[WARN][0m missed execution at Wed Sep 30 2026 04:08:00 GMT+0530 (India Standard Time)! Possible blocking IO or high CPU user at the same process used by node-cron.
[2026-09-30T04:34:51.991Z] [PID: 260] [32m[NODE-CRON][32m [33m[WARN][0m missed execution at Wed Sep 30 2026 04:09:00 GMT+0530 (India Standard Time)! Possible blocking IO or high CPU user at the same process used by node-cron.
[2026-09-30T04:34:51.996Z] [PID: 260] [32m[NODE-CRON][32m [33m[WARN][0m missed execution at Wed Sep 30 2026 04:10:00 GMT+0530 (India Standard Time)! Possible blocking IO or high CPU user at the same process used by node-cron.
[2026-09-30T04:34:52.006Z] [PID: 260] [32m[NODE-CRON][32m [33m[WARN][0m missed execution at Wed Sep 30 2026 04:11:00 GMT+0530 (India Standard Time)! Possible blocking IO or high CPU user at the same process used by node-cron.
[2026-09-30T04:34:52.011Z] [PID: 260] [32m[NODE-CRON][32m [33m[WARN][0m missed execution at Wed Sep 30 2026 04:12:00 GMT+0530 (India Standard Time)! Possible blocking IO or high CPU user at the same process used by node-cron.
[2026-09-30T04:34:52.016Z] [PID: 260] [32m[NODE-CRON][32m [33m[WARN][0m missed execution at Wed Sep 30 2026 04:13:00 GMT+0530 (India Standard Time)! Possible blocking IO or high CPU user at the same process used by node-cron.
[2026-09-30T04:34:52.021Z] [PID: 260] [32m[NODE-CRON][32m [33m[WARN][0m missed execution at Wed Sep 30 2026 04:14:00 GMT+0530 (India Standard Time)! Possible blocking IO or high CPU user at the same process used by node-cron.
[2026-09-30T04:34:52.026Z] [PID: 260] [32m[NODE-CRON][32m [33m[WARN][0m missed execution at Wed Sep 30 2026 04:15:00 GMT+0530 (India Standard Time)! Possible blocking IO or high CPU user at the same process used by node-cron.
[2026-09-30T04:34:52.032Z] [PID: 260] [32m[NODE-CRON][32m [33m[WARN][0m missed execution at Wed Sep 30 2026 04:16:00 GMT+0530 (India Standard Time)! Possible blocking IO or high CPU user at the same process used by node-cron.
[2026-09-30T04:34:52.042Z] [PID: 260] [32m[NODE-CRON][32m [33m[WARN][0m missed execution at Wed Sep 30 2026 04:17:00 GMT+0530 (India Standard Time)! Possible blocking IO or high CPU user at the same process used by node-cron.
[2026-09-30T04:34:52.047Z] [PID: 260] [32m[NODE-CRON][32m [33m[WARN][0m missed execution at Wed Sep 30 2026 04:18:00 GMT+0530 (India Standard Time)! Possible blocking IO or high CPU user at the same process used by node-cron.
[2026-09-30T04:34:52.052Z] [PID: 260] [32m[NODE-CRON][32m [33m[WARN][0m missed execution at Wed Sep 30 2026 04:19:00 GMT+0530 (India Standard Time)! Possible blocking IO or high CPU user at the same process used by node-cron.
[2026-09-30T04:34:52.057Z] [PID: 260] [32m[NODE-CRON][32m [33m[WARN][0m missed execution at Wed Sep 30 2026 04:20:00 GMT+0530 (India Standard Time)! Possible blocking IO or high CPU user at the same process used by node-cron.
[2026-09-30T04:34:52.062Z] [PID: 260] [32m[NODE-CRON][32m [33m[WARN][0m missed execution at Wed Sep 30 2026 04:21:00 GMT+0530 (India Standard Time)! Possible blocking IO or high CPU user at the same process used by node-cron.
[2026-09-30T04:34:52.066Z] [PID: 260] [32m[NODE-CRON][32m [33m[WARN][0m missed execution at Wed Sep 30 2026 04:22:00 GMT+0530 (India Standard Time)! Possible blocking IO or high CPU user at the same process used by node-cron.
[2026-09-30T04:34:52.070Z] [PID: 260] [32m[NODE-CRON][32m [33m[WARN][0m missed execution at Wed Sep 30 2026 04:23:00 GMT+0530 (India Standard Time)! Possible blocking IO or high CPU user at the same process used by node-cron.
[2026-09-30T04:34:52.075Z] [PID: 260] [32m[NODE-CRON][32m [33m[WARN][0m missed execution at Wed Sep 30 2026 04:24:00 GMT+0530 (India Standard Time)! Possible blocking IO or high CPU user at the same process used by node-cron.
[2026-09-30T04:34:52.080Z] [PID: 260] [32m[NODE-CRON][32m [33m[WARN][0m missed execution at Wed Sep 30 2026 04:25:00 GMT+0530 (India Standard Time)! Possible blocking IO or high CPU user at the same process used by node-cron.
[2026-09-30T04:34:52.085Z] [PID: 260] [32m[NODE-CRON][32m [33m[WARN][0m missed execution at Wed Sep 30 2026 04:26:00 GMT+0530 (India Standard Time)! Possible blocking IO or high CPU user at the same process used by node-cron.
[2026-09-30T04:34:52.091Z] [PID: 260] [32m[NODE-CRON][32m [33m[WARN][0m missed execution at Wed Sep 30 2026 04:27:00 GMT+0530 (India Standard Time)! Possible blocking IO or high CPU user at the same process used by node-cron.
[2026-09-30T04:34:52.095Z] [PID: 260] [32m[NODE-CRON][32m [33m[WARN][0m missed execution at Wed Sep 30 2026 04:28:00 GMT+0530 (India Standard Time)! Possible blocking IO or high CPU user at the same process used by node-cron.
[2026-09-30T04:34:52.100Z] [PID: 260] [32m[NODE-CRON][32m [33m[WARN][0m missed execution at Wed Sep 30 2026 04:29:00 GMT+0530 (India Standard Time)! Possible blocking IO or high CPU user at the same process used by node-cron.
[2026-09-30T04:34:52.110Z] [PID: 260] [32m[NODE-CRON][32m [33m[WARN][0m missed execution at Wed Sep 30 2026 04:30:00 GMT+0530 (India Standard Time)! Possible blocking IO or high CPU user at the same process used by node-cron.
[2026-09-30T04:34:52.115Z] [PID: 260] [32m[NODE-CRON][32m [33m[WARN][0m missed execution at Wed Sep 30 2026 04:31:00 GMT+0530 (India Standard Time)! Possible blocking IO or high CPU user at the same process used by node-cron.
[2026-09-30T04:34:52.123Z] [PID: 260] [32m[NODE-CRON][32m [33m[WARN][0m missed execution at Wed Sep 30 2026 04:32:00 GMT+0530 (India Standard Time)! Possible blocking IO or high CPU user at the same process used by node-cron.
[2026-09-30T04:34:52.127Z] [PID: 260] [32m[NODE-CRON][32m [33m[WARN][0m missed execution at Wed Sep 30 2026 04:33:00 GMT+0530 (India Standard Time)! Possible blocking IO or high CPU user at the same process used by node-cron.
[2026-09-30T04:34:52.131Z] [PID: 260] [32m[NODE-CRON][32m [33m[WARN][0m missed execution at Wed Sep 30 2026 04:34:00 GMT+0530 (India Standard Time)! Possible blocking IO or high CPU user at the same process used by node-cron.
[2026-09-30T04:34:52.136Z] [PID: 260] [32m[NODE-CRON][32m [33m[WARN][0m missed execution at Wed Sep 30 2026 04:35:00 GMT+0530 (India Standard Time)! Possible blocking IO or high CPU user at the same process used by node-cron.
[2026-09-30T04:34:52.149Z] [PID: 260] [32m[NODE-CRON][32m [33m[WARN][0m missed execution at Wed Sep 30 2026 04:36:00 GMT+0530 (India Standard Time)! Possible blocking IO or high CPU user at the same process used by node-cron.
[2026-09-30T04:34:52.165Z] [PID: 260] [32m[NODE-CRON][32m [33m[WARN][0m missed execution at Wed Sep 30 2026 04:37:00 GMT+0530 (India Standard Time)! Possible blocking IO or high CPU user at the same process used by node-cron.
[2026-09-30T04:34:52.179Z] [PID: 260] [32m[NODE-CRON][32m [33m[WARN][0m missed execution at Wed Sep 30 2026 04:38:00 GMT+0530 (India Standard Time)! Possible blocking IO or high CPU user at the same process used by node-cron.
[2026-09-30T04:34:52.183Z] [PID: 260] [32m[NODE-CRON][32m [33m[WARN][0m missed execution at Wed Sep 30 2026 04:39:00 GMT+0530 (India Standard Time)! Possible blocking IO or high CPU user at the same process used by node-cron.
[2026-09-30T04:34:52.186Z] [PID: 260] [32m[NODE-CRON][32m [33m[WARN][0m missed execution at Wed Sep 30 2026 04:40:00 GMT+0530 (India Standard Time)! Possible blocking IO or high CPU user at the same process used by node-cron.
[2026-09-30T04:34:52.191Z] [PID: 260] [32m[NODE-CRON][32m [33m[WARN][0m missed execution at Wed Sep 30 2026 04:41:00 GMT+0530 (India Standard Time)! Possible blocking IO or high CPU user at the same process used by node-cron.
[2026-09-30T04:34:52.196Z] [PID: 260] [32m[NODE-CRON][32m [33m[WARN][0m missed execution at Wed Sep 30 2026 04:42:00 GMT+0530 (India Standard Time)! Possible blocking IO or high CPU user at the same process used by node-cron.
[2026-09-30T04:34:52.200Z] [PID: 260] [32m[NODE-CRON][32m [33m[WARN][0m missed execution at Wed Sep 30 2026 04:43:00 GMT+0530 (India Standard Time)! Possible blocking IO or high CPU user at the same process used by node-cron.
[2026-09-30T04:34:52.208Z] [PID: 260] [32m[NODE-CRON][32m [33m[WARN][0m missed execution at Wed Sep 30 2026 04:44:00 GMT+0530 (India Standard Time)! Possible blocking IO or high CPU user at the same process used by node-cron.
[2026-09-30T04:34:52.213Z] [PID: 260] [32m[NODE-CRON][32m [33m[WARN][0m missed execution at Wed Sep 30 2026 04:45:00 GMT+0530 (India Standard Time)! Possible blocking IO or high CPU user at the same process used by node-cron.
[2026-09-30T04:34:52.221Z] [PID: 260] [32m[NODE-CRON][32m [33m[WARN][0m missed execution at Wed Sep 30 2026 04:46:00 GMT+0530 (India Standard Time)! Possible blocking IO or high CPU user at the same process used by node-cron.
[2026-09-30T04:34:52.237Z] [PID: 260] [32m[NODE-CRON][32m [33m[WARN][0m missed execution at Wed Sep 30 2026 04:47:00 GMT+0530 (India Standard Time)! Possible blocking IO or high CPU user at the same process used by node-cron.
[2026-09-30T04:34:52.245Z] [PID: 260] [32m[NODE-CRON][32m [33m[WARN][0m missed execution at Wed Sep 30 2026 04:48:00 GMT+0530 (India Standard Time)! Possible blocking IO or high CPU user at the same process used by node-cron.
[2026-09-30T04:34:52.250Z] [PID: 260] [32m[NODE-CRON][32m [33m[WARN][0m missed execution at Wed Sep 30 2026 04:49:00 GMT+0530 (India Standard Time)! Possible blocking IO or high CPU user at the same process used by node-cron.
[2026-09-30T04:34:52.260Z] [PID: 260] [32m[NODE-CRON][32m [33m[WARN][0m missed execution at Wed Sep 30 2026 04:50:00 GMT+0530 (India Standard Time)! Possible blocking IO or high CPU user at the same process used by node-cron.
[2026-09-30T04:34:52.268Z] [PID: 260] [32m[NODE-CRON][32m [33m[WARN][0m missed execution at Wed Sep 30 2026 04:51:00 GMT+0530 (India Standard Time)! Possible blocking IO or high CPU user at the same process used by node-cron.
[2026-09-30T04:34:52.273Z] [PID: 260] [32m[NODE-CRON][32m [33m[WARN][0m missed execution at Wed Sep 30 2026 04:52:00 GMT+0530 (India Standard Time)! Possible blocking IO or high CPU user at the same process used by node-cron.
[2026-09-30T04:34:52.278Z] [PID: 260] [32m[NODE-CRON][32m [33m[WARN][0m missed execution at Wed Sep 30 2026 04:53:00 GMT+0530 (India Standard Time)! Possible blocking IO or high CPU user at the same process used by node-cron.
[2026-09-30T04:34:52.283Z] [PID: 260] [32m[NODE-CRON][32m [33m[WARN][0m missed execution at Wed Sep 30 2026 04:54:00 GMT+0530 (India Standard Time)! Possible blocking IO or high CPU user at the same process used by node-cron.
[2026-09-30T04:34:52.287Z] [PID: 260] [32m[NODE-CRON][32m [33m[WARN][0m missed execution at Wed Sep 30 2026 04:55:00 GMT+0530 (India Standard Time)! Possible blocking IO or high CPU user at the same process used by node-cron.
[2026-09-30T04:34:52.292Z] [PID: 260] [32m[NODE-CRON][32m [33m[WARN][0m missed execution at Wed Sep 30 2026 04:56:00 GMT+0530 (India Standard Time)! Possible blocking IO or high CPU user at the same process used by node-cron.
[2026-09-30T04:34:52.301Z] [PID: 260] [32m[NODE-CRON][32m [33m[WARN][0m missed execution at Wed Sep 30 2026 04:57:00 GMT+0530 (India Standard Time)! Possible blocking IO or high CPU user at the same process used by node-cron.
[2026-09-30T04:34:52.307Z] [PID: 260] [32m[NODE-CRON][32m [33m[WARN][0m missed execution at Wed Sep 30 2026 04:58:00 GMT+0530 (India Standard Time)! Possible blocking IO or high CPU user at the same process used by node-cron.
[2026-09-30T04:34:52.314Z] [PID: 260] [32m[NODE-CRON][32m [33m[WARN][0m missed execution at Wed Sep 30 2026 04:59:00 GMT+0530 (India Standard Time)! Possible blocking IO or high CPU user at the same process used by node-cron.
[2026-09-30T04:34:52.319Z] [PID: 260] [32m[NODE-CRON][32m [33m[WARN][0m missed execution at Wed Sep 30 2026 05:00:00 GMT+0530 (India Standard Time)! Possible blocking IO or high CPU user at the same process used by node-cron.
[2026-09-30T04:34:52.324Z] [PID: 260] [32m[NODE-CRON][32m [33m[WARN][0m missed execution at Wed Sep 30 2026 05:01:00 GMT+0530 (India Standard Time)! Possible blocking IO or high CPU user at the same process used by node-cron.
[2026-09-30T04:34:52.328Z] [PID: 260] [32m[NODE-CRON][32m [33m[WARN][0m missed execution at Wed Sep 30 2026 05:02:00 GMT+0530 (India Standard Time)! Possible blocking IO or high CPU user at the same process used by node-cron.
[2026-09-30T04:34:52.334Z] [PID: 260] [32m[NODE-CRON][32m [33m[WARN][0m missed execution at Wed Sep 30 2026 05:03:00 GMT+0530 (India Standard Time)! Possible blocking IO or high CPU user at the same process used by node-cron.
[2026-09-30T04:34:52.347Z] [PID: 260] [32m[NODE-CRON][32m [33m[WARN][0m missed execution at Wed Sep 30 2026 05:04:00 GMT+0530 (India Standard Time)! Possible blocking IO or high CPU user at the same process used by node-cron.
[2026-09-30T04:34:52.358Z] [PID: 260] [32m[NODE-CRON][32m [33m[WARN][0m missed execution at Wed Sep 30 2026 05:05:00 GMT+0530 (India Standard Time)! Possible blocking IO or high CPU user at the same process used by node-cron.
[2026-09-30T04:34:52.363Z] [PID: 260] [32m[NODE-CRON][32m [33m[WARN][0m missed execution at Wed Sep 30 2026 05:06:00 GMT+0530 (India Standard Time)! Possible blocking IO or high CPU user at the same process used by node-cron.
[2026-09-30T04:34:52.370Z] [PID: 260] [32m[NODE-CRON][32m [33m[WARN][0m missed execution at Wed Sep 30 2026 05:07:00 GMT+0530 (India Standard Time)! Possible blocking IO or high CPU user at the same process used by node-cron.
[2026-09-30T04:34:52.382Z] [PID: 260] [32m[NODE-CRON][32m [33m[WARN][0m missed execution at Wed Sep 30 2026 05:08:00 GMT+0530 (India Standard Time)! Possible blocking IO or high CPU user at the same process used by node-cron.
[2026-09-30T04:34:52.390Z] [PID: 260] [32m[NODE-CRON][32m [33m[WARN][0m missed execution at Wed Sep 30 2026 05:09:00 GMT+0530 (India Standard Time)! Possible blocking IO or high CPU user at the same process used by node-cron.
[2026-09-30T04:34:52.394Z] [PID: 260] [32m[NODE-CRON][32m [33m[WARN][0m missed execution at Wed Sep 30 2026 05:10:00 GMT+0530 (India Standard Time)! Possible blocking IO or high CPU user at the same process used by node-cron.
[2026-09-30T04:34:52.398Z] [PID: 260] [32m[NODE-CRON][32m [33m[WARN][0m missed execution at Wed Sep 30 2026 05:11:00 GMT+0530 (India Standard Time)! Possible blocking IO or high CPU user at the same process used by node-cron.
[2026-09-30T04:34:52.403Z] [PID: 260] [32m[NODE-CRON][32m [33m[WARN][0m missed execution at Wed Sep 30 2026 05:12:00 GMT+0530 (India Standard Time)! Possible blocking IO or high CPU user at the same process used by node-cron.
[2026-09-30T04:34:52.408Z] [PID: 260] [32m[NODE-CRON][32m [33m[WARN][0m missed execution at Wed Sep 30 2026 05:13:00 GMT+0530 (India Standard Time)! Possible blocking IO or high CPU user at the same process used by node-cron.
[2026-09-30T04:34:52.416Z] [PID: 260] [32m[NODE-CRON][32m [33m[WARN][0m missed execution at Wed Sep 30 2026 05:14:00 GMT+0530 (India Standard Time)! Possible blocking IO or high CPU user at the same process used by node-cron.
[2026-09-30T04:34:52.421Z] [PID: 260] [32m[NODE-CRON][32m [33m[WARN][0m missed execution at Wed Sep 30 2026 05:15:00 GMT+0530 (India Standard Time)! Possible blocking IO or high CPU user at the same process used by node-cron.
[2026-09-30T04:34:52.425Z] [PID: 260] [32m[NODE-CRON][32m [33m[WARN][0m missed execution at Wed Sep 30 2026 05:16:00 GMT+0530 (India Standard Time)! Possible blocking IO or high CPU user at the same process used by node-cron.
[2026-09-30T04:34:52.430Z] [PID: 260] [32m[NODE-CRON][32m [33m[WARN][0m missed execution at Wed Sep 30 2026 05:17:00 GMT+0530 (India Standard Time)! Possible blocking IO or high CPU user at the same process used by node-cron.
[2026-09-30T04:34:52.435Z] [PID: 260] [32m[NODE-CRON][32m [33m[WARN][0m missed execution at Wed Sep 30 2026 05:18:00 GMT+0530 (India Standard Time)! Possible blocking IO or high CPU user at the same process used by node-cron.
[2026-09-30T04:34:52.440Z] [PID: 260] [32m[NODE-CRON][32m [33m[WARN][0m missed execution at Wed Sep 30 2026 05:19:00 GMT+0530 (India Standard Time)! Possible blocking IO or high CPU user at the same process used by node-cron.
[2026-09-30T04:34:52.445Z] [PID: 260] [32m[NODE-CRON][32m [33m[WARN][0m missed execution at Wed Sep 30 2026 05:20:00 GMT+0530 (India Standard Time)! Possible blocking IO or high CPU user at the same process used by node-cron.
[2026-09-30T04:34:52.450Z] [PID: 260] [32m[NODE-CRON][32m [33m[WARN][0m missed execution at Wed Sep 30 2026 05:21:00 GMT+0530 (India Standard Time)! Possible blocking IO or high CPU user at the same process used by node-cron.
[2026-09-30T04:34:52.455Z] [PID: 260] [32m[NODE-CRON][32m [33m[WARN][0m missed execution at Wed Sep 30 2026 05:22:00 GMT+0530 (India Standard Time)! Possible blocking IO or high CPU user at the same process used by node-cron.
[2026-09-30T04:34:52.460Z] [PID: 260] [32m[NODE-CRON][32m [33m[WARN][0m missed execution at Wed Sep 30 2026 05:23:00 GMT+0530 (India Standard Time)! Possible blocking IO or high CPU user at the same process used by node-cron.
[2026-09-30T04:34:52.465Z] [PID: 260] [32m[NODE-CRON][32m [33m[WARN][0m missed execution at Wed Sep 30 2026 05:24:00 GMT+0530 (India Standard Time)! Possible blocking IO or high CPU user at the same process used by node-cron.
[2026-09-30T04:34:52.470Z] [PID: 260] [32m[NODE-CRON][32m [33m[WARN][0m missed execution at Wed Sep 30 2026 05:25:00 GMT+0530 (India Standard Time)! Possible blocking IO or high CPU user at the same process used by node-cron.
[2026-09-30T04:34:52.475Z] [PID: 260] [32m[NODE-CRON][32m [33m[WARN][0m missed execution at Wed Sep 30 2026 05:26:00 GMT+0530 (India Standard Time)! Possible blocking IO or high CPU user at the same process used by node-cron.
[2026-09-30T04:34:52.480Z] [PID: 260] [32m[NODE-CRON][32m [33m[WARN][0m missed execution at Wed Sep 30 2026 05:27:00 GMT+0530 (India Standard Time)! Possible blocking IO or high CPU user at the same process used by node-cron.
[2026-09-30T04:34:52.485Z] [PID: 260] [32m[NODE-CRON][32m [33m[WARN][0m missed execution at Wed Sep 30 2026 05:28:00 GMT+0530 (India Standard Time)! Possible blocking IO or high CPU user at the same process used by node-cron.
[2026-09-30T04:34:52.496Z] [PID: 260] [32m[NODE-CRON][32m [33m[WARN][0m missed execution at Wed Sep 30 2026 05:29:00 GMT+0530 (India Standard Time)! Possible blocking IO or high CPU user at the same process used by node-cron.
[2026-09-30T04:34:52.501Z] [PID: 260] [32m[NODE-CRON][32m [33m[WARN][0m missed execution at Wed Sep 30 2026 05:30:00 GMT+0530 (India Standard Time)! Possible blocking IO or high CPU user at the same process used by node-cron.
[2026-09-30T04:34:52.505Z] [PID: 260] [32m[NODE-CRON][32m [33m[WARN][0m missed execution at Wed Sep 30 2026 05:31:00 GMT+0530 (India Standard Time)! Possible blocking IO or high CPU user at the same process used by node-cron.
[2026-09-30T04:34:52.510Z] [PID: 260] [32m[NODE-CRON][32m [33m[WARN][0m missed execution at Wed Sep 30 2026 05:32:00 GMT+0530 (India Standard Time)! Possible blocking IO or high CPU user at the same process used by node-cron.
[2026-09-30T04:34:52.515Z] [PID: 260] [32m[NODE-CRON][32m [33m[WARN][0m missed execution at Wed Sep 30 2026 05:33:00 GMT+0530 (India Standard Time)! Possible blocking IO or high CPU user at the same process used by node-cron.
[2026-09-30T04:34:52.520Z] [PID: 260] [32m[NODE-CRON][32m [33m[WARN][0m missed execution at Wed Sep 30 2026 05:34:00 GMT+0530 (India Standard Time)! Possible blocking IO or high CPU user at the same process used by node-cron.
[2026-09-30T04:34:52.525Z] [PID: 260] [32m[NODE-CRON][32m [33m[WARN][0m missed execution at Wed Sep 30 2026 05:35:00 GMT+0530 (India Standard Time)! Possible blocking IO or high CPU user at the same process used by node-cron.
[2026-09-30T04:34:52.530Z] [PID: 260] [32m[NODE-CRON][32m [33m[WARN][0m missed execution at Wed Sep 30 2026 05:36:00 GMT+0530 (India Standard Time)! Possible blocking IO or high CPU user at the same process used by node-cron.
[2026-09-30T04:34:52.534Z] [PID: 260] [32m[NODE-CRON][32m [33m[WARN][0m missed execution at Wed Sep 30 2026 05:37:00 GMT+0530 (India Standard Time)! Possible blocking IO or high CPU user at the same process used by node-cron.
[2026-09-30T04:34:52.539Z] [PID: 260] [32m[NODE-CRON][32m [33m[WARN][0m missed execution at Wed Sep 30 2026 05:38:00 GMT+0530 (India Standard Time)! Possible blocking IO or high CPU user at the same process used by node-cron.
[2026-09-30T04:34:52.542Z] [PID: 260] [32m[NODE-CRON][32m [33m[WARN][0m missed execution at Wed Sep 30 2026 05:39:00 GMT+0530 (India Standard Time)! Possible blocking IO or high CPU user at the same process used by node-cron.
[2026-09-30T04:34:52.547Z] [PID: 260] [32m[NODE-CRON][32m [33m[WARN][0m missed execution at Wed Sep 30 2026 05:40:00 GMT+0530 (India Standard Time)! Possible blocking IO or high CPU user at the same process used by node-cron.
[2026-09-30T04:34:52.550Z] [PID: 260] [32m[NODE-CRON][32m [33m[WARN][0m missed execution at Wed Sep 30 2026 05:41:00 GMT+0530 (India Standard Time)! Possible blocking IO or high CPU user at the same process used by node-cron.
[2026-09-30T04:34:52.554Z] [PID: 260] [32m[NODE-CRON][32m [33m[WARN][0m missed execution at Wed Sep 30 2026 05:42:00 GMT+0530 (India Standard Time)! Possible blocking IO or high CPU user at the same process used by node-cron.
[2026-09-30T04:34:52.558Z] [PID: 260] [32m[NODE-CRON][32m [33m[WARN][0m missed execution at Wed Sep 30 2026 05:43:00 GMT+0530 (India Standard Time)! Possible blocking IO or high CPU user at the same process used by node-cron.
[2026-09-30T04:34:52.563Z] [PID: 260] [32m[NODE-CRON][32m [33m[WARN][0m missed execution at Wed Sep 30 2026 05:44:00 GMT+0530 (India Standard Time)! Possible blocking IO or high CPU user at the same process used by node-cron.
[2026-09-30T04:34:52.567Z] [PID: 260] [32m[NODE-CRON][32m [33m[WARN][0m missed execution at Wed Sep 30 2026 05:45:00 GMT+0530 (India Standard Time)! Possible blocking IO or high CPU user at the same process used by node-cron.
[2026-09-30T04:34:52.571Z] [PID: 260] [32m[NODE-CRON][32m [33m[WARN][0m missed execution at Wed Sep 30 2026 05:46:00 GMT+0530 (India Standard Time)! Possible blocking IO or high CPU user at the same process used by node-cron.
[2026-09-30T04:34:52.575Z] [PID: 260] [32m[NODE-CRON][32m [33m[WARN][0m missed execution at Wed Sep 30 2026 05:47:00 GMT+0530 (India Standard Time)! Possible blocking IO or high CPU user at the same process used by node-cron.
[2026-09-30T04:34:52.584Z] [PID: 260] [32m[NODE-CRON][32m [33m[WARN][0m missed execution at Wed Sep 30 2026 05:48:00 GMT+0530 (India Standard Time)! Possible blocking IO or high CPU user at the same process used by node-cron.
[2026-09-30T04:34:52.588Z] [PID: 260] [32m[NODE-CRON][32m [33m[WARN][0m missed execution at Wed Sep 30 2026 05:49:00 GMT+0530 (India Standard Time)! Possible blocking IO or high CPU user at the same process used by node-cron.
[2026-09-30T04:34:52.593Z] [PID: 260] [32m[NODE-CRON][32m [33m[WARN][0m missed execution at Wed Sep 30 2026 05:50:00 GMT+0530 (India Standard Time)! Possible blocking IO or high CPU user at the same process used by node-cron.
[2026-09-30T04:34:52.599Z] [PID: 260] [32m[NODE-CRON][32m [33m[WARN][0m missed execution at Wed Sep 30 2026 05:51:00 GMT+0530 (India Standard Time)! Possible blocking IO or high CPU user at the same process used by node-cron.
[2026-09-30T04:34:52.603Z] [PID: 260] [32m[NODE-CRON][32m [33m[WARN][0m missed execution at Wed Sep 30 2026 05:52:00 GMT+0530 (India Standard Time)! Possible blocking IO or high CPU user at the same process used by node-cron.
[2026-09-30T04:34:52.608Z] [PID: 260] [32m[NODE-CRON][32m [33m[WARN][0m missed execution at Wed Sep 30 2026 05:53:00 GMT+0530 (India Standard Time)! Possible blocking IO or high CPU user at the same process used by node-cron.
[2026-09-30T04:34:52.613Z] [PID: 260] [32m[NODE-CRON][32m [33m[WARN][0m missed execution at Wed Sep 30 2026 05:54:00 GMT+0530 (India Standard Time)! Possible blocking IO or high CPU user at the same process used by node-cron.
[2026-09-30T04:34:52.617Z] [PID: 260] [32m[NODE-CRON][32m [33m[WARN][0m missed execution at Wed Sep 30 2026 05:55:00 GMT+0530 (India Standard Time)! Possible blocking IO or high CPU user at the same process used by node-cron.
[2026-09-30T04:34:52.625Z] [PID: 260] [32m[NODE-CRON][32m [33m[WARN][0m missed execution at Wed Sep 30 2026 05:56:00 GMT+0530 (India Standard Time)! Possible blocking IO or high CPU user at the same process used by node-cron.
[2026-09-30T04:34:52.629Z] [PID: 260] [32m[NODE-CRON][32m [33m[WARN][0m missed execution at Wed Sep 30 2026 05:57:00 GMT+0530 (India Standard Time)! Possible blocking IO or high CPU user at the same process used by node-cron.
[2026-09-30T04:34:52.634Z] [PID: 260] [32m[NODE-CRON][32m [33m[WARN][0m missed execution at Wed Sep 30 2026 05:58:00 GMT+0530 (India Standard Time)! Possible blocking IO or high CPU user at the same process used by node-cron.
[2026-09-30T04:34:52.639Z] [PID: 260] [32m[NODE-CRON][32m [33m[WARN][0m missed execution at Wed Sep 30 2026 05:59:00 GMT+0530 (India Standard Time)! Possible blocking IO or high CPU user at the same process used by node-cron.
[2026-09-30T04:34:52.644Z] [PID: 260] [32m[NODE-CRON][32m [33m[WARN][0m missed execution at Wed Sep 30 2026 06:00:00 GMT+0530 (India Standard Time)! Possible blocking IO or high CPU user at the same process used by node-cron.
[2026-09-30T04:34:52.649Z] [PID: 260] [32m[NODE-CRON][32m [33m[WARN][0m missed execution at Wed Sep 30 2026 06:01:00 GMT+0530 (India Standard Time)! Possible blocking IO or high CPU user at the same process used by node-cron.
[2026-09-30T04:34:52.654Z] [PID: 260] [32m[NODE-CRON][32m [33m[WARN][0m missed execution at Wed Sep 30 2026 06:02:00 GMT+0530 (India Standard Time)! Possible blocking IO or high CPU user at the same process used by node-cron.
[2026-09-30T04:34:52.659Z] [PID: 260] [32m[NODE-CRON][32m [33m[WARN][0m missed execution at Wed Sep 30 2026 06:03:00 GMT+0530 (India Standard Time)! Possible blocking IO or high CPU user at the same process used by node-cron.
[2026-09-30T04:34:52.664Z] [PID: 260] [32m[NODE-CRON][32m [33m[WARN][0m missed execution at Wed Sep 30 2026 06:04:00 GMT+0530 (India Standard Time)! Possible blocking IO or high CPU user at the same process used by node-cron.
[2026-09-30T04:34:52.670Z] [PID: 260] [32m[NODE-CRON][32m [33m[WARN][0m missed execution at Wed Sep 30 2026 06:05:00 GMT+0530 (India Standard Time)! Possible blocking IO or high CPU user at the same process used by node-cron.
[2026-09-30T04:34:52.675Z] [PID: 260] [32m[NODE-CRON][32m [33m[WARN][0m missed execution at Wed Sep 30 2026 06:06:00 GMT+0530 (India Standard Time)! Possible blocking IO or high CPU user at the same process used by node-cron.
[2026-09-30T04:34:52.685Z] [PID: 260] [32m[NODE-CRON][32m [33m[WARN][0m missed execution at Wed Sep 30 2026 06:07:00 GMT+0530 (India Standard Time)! Possible blocking IO or high CPU user at the same process used by node-cron.
[2026-09-30T04:34:52.689Z] [PID: 260] [32m[NODE-CRON][32m [33m[WARN][0m missed execution at Wed Sep 30 2026 06:08:00 GMT+0530 (India Standard Time)! Possible blocking IO or high CPU user at the same process used by node-cron.
[2026-09-30T04:34:52.695Z] [PID: 260] [32m[NODE-CRON][32m [33m[WARN][0m missed execution at Wed Sep 30 2026 06:09:00 GMT+0530 (India Standard Time)! Possible blocking IO or high CPU user at the same process used by node-cron.
[2026-09-30T04:34:52.699Z] [PID: 260] [32m[NODE-CRON][32m [33m[WARN][0m missed execution at Wed Sep 30 2026 06:10:00 GMT+0530 (India Standard Time)! Possible blocking IO or high CPU user at the same process used by node-cron.
[2026-09-30T04:34:52.704Z] [PID: 260] [32m[NODE-CRON][32m [33m[WARN][0m missed execution at Wed Sep 30 2026 06:11:00 GMT+0530 (India Standard Time)! Possible blocking IO or high CPU user at the same process used by node-cron.
[2026-09-30T04:34:52.709Z] [PID: 260] [32m[NODE-CRON][32m [33m[WARN][0m missed execution at Wed Sep 30 2026 06:12:00 GMT+0530 (India Standard Time)! Possible blocking IO or high CPU user at the same process used by node-cron.
[2026-09-30T04:34:52.713Z] [PID: 260] [32m[NODE-CRON][32m [33m[WARN][0m missed execution at Wed Sep 30 2026 06:13:00 GMT+0530 (India Standard Time)! Possible blocking IO or high CPU user at the same process used by node-cron.
[2026-09-30T04:34:52.718Z] [PID: 260] [32m[NODE-CRON][32m [33m[WARN][0m missed execution at Wed Sep 30 2026 06:14:00 GMT+0530 (India Standard Time)! Possible blocking IO or high CPU user at the same process used by node-cron.
[2026-09-30T04:34:52.723Z] [PID: 260] [32m[NODE-CRON][32m [33m[WARN][0m missed execution at Wed Sep 30 2026 06:15:00 GMT+0530 (India Standard Time)! Possible blocking IO or high CPU user at the same process used by node-cron.
[2026-09-30T04:34:52.729Z] [PID: 260] [32m[NODE-CRON][32m [33m[WARN][0m missed execution at Wed Sep 30 2026 06:16:00 GMT+0530 (India Standard Time)! Possible blocking IO or high CPU user at the same process used by node-cron.
[2026-09-30T04:34:52.735Z] [PID: 260] [32m[NODE-CRON][32m [33m[WARN][0m missed execution at Wed Sep 30 2026 06:17:00 GMT+0530 (India Standard Time)! Possible blocking IO or high CPU user at the same process used by node-cron.
[2026-09-30T04:34:52.742Z] [PID: 260] [32m[NODE-CRON][32m [33m[WARN][0m missed execution at Wed Sep 30 2026 06:18:00 GMT+0530 (India Standard Time)! Possible blocking IO or high CPU user at the same process used by node-cron.
[2026-09-30T04:34:52.747Z] [PID: 260] [32m[NODE-CRON][32m [33m[WARN][0m missed execution at Wed Sep 30 2026 06:19:00 GMT+0530 (India Standard Time)! Possible blocking IO or high CPU user at the same process used by node-cron.
[2026-09-30T04:34:52.752Z] [PID: 260] [32m[NODE-CRON][32m [33m[WARN][0m missed execution at Wed Sep 30 2026 06:20:00 GMT+0530 (India Standard Time)! Possible blocking IO or high CPU user at the same process used by node-cron.
[2026-09-30T04:34:52.758Z] [PID: 260] [32m[NODE-CRON][32m [33m[WARN][0m missed execution at Wed Sep 30 2026 06:21:00 GMT+0530 (India Standard Time)! Possible blocking IO or high CPU user at the same process used by node-cron.
[2026-09-30T04:34:52.764Z] [PID: 260] [32m[NODE-CRON][32m [33m[WARN][0m missed execution at Wed Sep 30 2026 06:22:00 GMT+0530 (India Standard Time)! Possible blocking IO or high CPU user at the same process used by node-cron.
[2026-09-30T04:34:52.770Z] [PID: 260] [32m[NODE-CRON][32m [33m[WARN][0m missed execution at Wed Sep 30 2026 06:23:00 GMT+0530 (India Standard Time)! Possible blocking IO or high CPU user at the same process used by node-cron.
[2026-09-30T04:34:52.775Z] [PID: 260] [32m[NODE-CRON][32m [33m[WARN][0m missed execution at Wed Sep 30 2026 06:24:00 GMT+0530 (India Standard Time)! Possible blocking IO or high CPU user at the same process used by node-cron.
[2026-09-30T04:34:52.780Z] [PID: 260] [32m[NODE-CRON][32m [33m[WARN][0m missed execution at Wed Sep 30 2026 06:25:00 GMT+0530 (India Standard Time)! Possible blocking IO or high CPU user at the same process used by node-cron.
[2026-09-30T04:34:52.793Z] [PID: 260] [32m[NODE-CRON][32m [33m[WARN][0m missed execution at Wed Sep 30 2026 06:26:00 GMT+0530 (India Standard Time)! Possible blocking IO or high CPU user at the same process used by node-cron.
[2026-09-30T04:34:52.799Z] [PID: 260] [32m[NODE-CRON][32m [33m[WARN][0m missed execution at Wed Sep 30 2026 06:27:00 GMT+0530 (India Standard Time)! Possible blocking IO or high CPU user at the same process used by node-cron.
[2026-09-30T04:34:52.804Z] [PID: 260] [32m[NODE-CRON][32m [33m[WARN][0m missed execution at Wed Sep 30 2026 06:28:00 GMT+0530 (India Standard Time)! Possible blocking IO or high CPU user at the same process used by node-cron.
[2026-09-30T04:34:52.809Z] [PID: 260] [32m[NODE-CRON][32m [33m[WARN][0m missed execution at Wed Sep 30 2026 06:29:00 GMT+0530 (India Standard Time)! Possible blocking IO or high CPU user at the same process used by node-cron.
[2026-09-30T04:34:52.813Z] [PID: 260] [32m[NODE-CRON][32m [33m[WARN][0m missed execution at Wed Sep 30 2026 06:30:00 GMT+0530 (India Standard Time)! Possible blocking IO or high CPU user at the same process used by node-cron.
[2026-09-30T04:34:52.819Z] [PID: 260] [32m[NODE-CRON][32m [33m[WARN][0m missed execution at Wed Sep 30 2026 06:31:00 GMT+0530 (India Standard Time)! Possible blocking IO or high CPU user at the same process used by node-cron.
[2026-09-30T04:34:52.824Z] [PID: 260] [32m[NODE-CRON][32m [33m[WARN][0m missed execution at Wed Sep 30 2026 06:32:00 GMT+0530 (India Standard Time)! Possible blocking IO or high CPU user at the same process used by node-cron.
[2026-09-30T04:34:52.829Z] [PID: 260] [32m[NODE-CRON][32m [33m[WARN][0m missed execution at Wed Sep 30 2026 06:33:00 GMT+0530 (India Standard Time)! Possible blocking IO or high CPU user at the same process used by node-cron.
[2026-09-30T04:34:52.834Z] [PID: 260] [32m[NODE-CRON][32m [33m[WARN][0m missed execution at Wed Sep 30 2026 06:34:00 GMT+0530 (India Standard Time)! Possible blocking IO or high CPU user at the same process used by node-cron.
[2026-09-30T04:34:52.841Z] [PID: 260] [32m[NODE-CRON][32m [33m[WARN][0m missed execution at Wed Sep 30 2026 06:35:00 GMT+0530 (India Standard Time)! Possible blocking IO or high CPU user at the same process used by node-cron.
[2026-09-30T04:34:52.846Z] [PID: 260] [32m[NODE-CRON][32m [33m[WARN][0m missed execution at Wed Sep 30 2026 06:36:00 GMT+0530 (India Standard Time)! Possible blocking IO or high CPU user at the same process used by node-cron.
[2026-09-30T04:34:52.853Z] [PID: 260] [32m[NODE-CRON][32m [33m[WARN][0m missed execution at Wed Sep 30 2026 06:37:00 GMT+0530 (India Standard Time)! Possible blocking IO or high CPU user at the same process used by node-cron.
[2026-09-30T04:34:52.861Z] [PID: 260] [32m[NODE-CRON][32m [33m[WARN][0m missed execution at Wed Sep 30 2026 06:38:00 GMT+0530 (India Standard Time)! Possible blocking IO or high CPU user at the same process used by node-cron.
[2026-09-30T04:34:52.866Z] [PID: 260] [32m[NODE-CRON][32m [33m[WARN][0m missed execution at Wed Sep 30 2026 06:39:00 GMT+0530 (India Standard Time)! Possible blocking IO or high CPU user at the same process used by node-cron.
[2026-09-30T04:34:52.870Z] [PID: 260] [32m[NODE-CRON][32m [33m[WARN][0m missed execution at Wed Sep 30 2026 06:40:00 GMT+0530 (India Standard Time)! Possible blocking IO or high CPU user at the same process used by node-cron.
[2026-09-30T04:34:52.875Z] [PID: 260] [32m[NODE-CRON][32m [33m[WARN][0m missed execution at Wed Sep 30 2026 06:41:00 GMT+0530 (India Standard Time)! Possible blocking IO or high CPU user at the same process used by node-cron.
[2026-09-30T04:34:52.879Z] [PID: 260] [32m[NODE-CRON][32m [33m[WARN][0m missed execution at Wed Sep 30 2026 06:42:00 GMT+0530 (India Standard Time)! Possible blocking IO or high CPU user at the same process used by node-cron.
[2026-09-30T04:34:52.884Z] [PID: 260] [32m[NODE-CRON][32m [33m[WARN][0m missed execution at Wed Sep 30 2026 06:43:00 GMT+0530 (India Standard Time)! Possible blocking IO or high CPU user at the same process used by node-cron.
[2026-09-30T04:34:52.888Z] [PID: 260] [32m[NODE-CRON][32m [33m[WARN][0m missed execution at Wed Sep 30 2026 06:44:00 GMT+0530 (India Standard Time)! Possible blocking IO or high CPU user at the same process used by node-cron.
[2026-09-30T04:34:52.893Z] [PID: 260] [32m[NODE-CRON][32m [33m[WARN][0m missed execution at Wed Sep 30 2026 06:45:00 GMT+0530 (India Standard Time)! Possible blocking IO or high CPU user at the same process used by node-cron.
[2026-09-30T04:34:52.901Z] [PID: 260] [32m[NODE-CRON][32m [33m[WARN][0m missed execution at Wed Sep 30 2026 06:46:00 GMT+0530 (India Standard Time)! Possible blocking IO or high CPU user at the same process used by node-cron.
[2026-09-30T04:34:52.905Z] [PID: 260] [32m[NODE-CRON][32m [33m[WARN][0m missed execution at Wed Sep 30 2026 06:47:00 GMT+0530 (India Standard Time)! Possible blocking IO or high CPU user at the same process used by node-cron.
[2026-09-30T04:34:52.910Z] [PID: 260] [32m[NODE-CRON][32m [33m[WARN][0m missed execution at Wed Sep 30 2026 06:48:00 GMT+0530 (India Standard Time)! Possible blocking IO or high CPU user at the same process used by node-cron.
[2026-09-30T04:34:52.914Z] [PID: 260] [32m[NODE-CRON][32m [33m[WARN][0m missed execution at Wed Sep 30 2026 06:49:00 GMT+0530 (India Standard Time)! Possible blocking IO or high CPU user at the same process used by node-cron.
[2026-09-30T04:34:52.919Z] [PID: 260] [32m[NODE-CRON][32m [33m[WARN][0m missed execution at Wed Sep 30 2026 06:50:00 GMT+0530 (India Standard Time)! Possible blocking IO or high CPU user at the same process used by node-cron.
[2026-09-30T04:34:52.923Z] [PID: 260] [32m[NODE-CRON][32m [33m[WARN][0m missed execution at Wed Sep 30 2026 06:51:00 GMT+0530 (India Standard Time)! Possible blocking IO or high CPU user at the same process used by node-cron.
[2026-09-30T04:34:52.927Z] [PID: 260] [32m[NODE-CRON][32m [33m[WARN][0m missed execution at Wed Sep 30 2026 06:52:00 GMT+0530 (India Standard Time)! Possible blocking IO or high CPU user at the same process used by node-cron.
[2026-09-30T04:34:52.932Z] [PID: 260] [32m[NODE-CRON][32m [33m[WARN][0m missed execution at Wed Sep 30 2026 06:53:00 GMT+0530 (India Standard Time)! Possible blocking IO or high CPU user at the same process used by node-cron.
[2026-09-30T04:34:52.937Z] [PID: 260] [32m[NODE-CRON][32m [33m[WARN][0m missed execution at Wed Sep 30 2026 06:54:00 GMT+0530 (India Standard Time)! Possible blocking IO or high CPU user at the same process used by node-cron.
[2026-09-30T04:34:52.945Z] [PID: 260] [32m[NODE-CRON][32m [33m[WARN][0m missed execution at Wed Sep 30 2026 06:55:00 GMT+0530 (India Standard Time)! Possible blocking IO or high CPU user at the same process used by node-cron.
[2026-09-30T04:34:52.954Z] [PID: 260] [32m[NODE-CRON][32m [33m[WARN][0m missed execution at Wed Sep 30 2026 06:56:00 GMT+0530 (India Standard Time)! Possible blocking IO or high CPU user at the same process used by node-cron.
[2026-09-30T04:34:52.960Z] [PID: 260] [32m[NODE-CRON][32m [33m[WARN][0m missed execution at Wed Sep 30 2026 06:57:00 GMT+0530 (India Standard Time)! Possible blocking IO or high CPU user at the same process used by node-cron.
[2026-09-30T04:34:52.969Z] [PID: 260] [32m[NODE-CRON][32m [33m[WARN][0m missed execution at Wed Sep 30 2026 06:58:00 GMT+0530 (India Standard Time)! Possible blocking IO or high CPU user at the same process used by node-cron.
[2026-09-30T04:34:52.976Z] [PID: 260] [32m[NODE-CRON][32m [33m[WARN][0m missed execution at Wed Sep 30 2026 06:59:00 GMT+0530 (India Standard Time)! Possible blocking IO or high CPU user at the same process used by node-cron.
[2026-09-30T04:34:52.982Z] [PID: 260] [32m[NODE-CRON][32m [33m[WARN][0m missed execution at Wed Sep 30 2026 07:00:00 GMT+0530 (India Standard Time)! Possible blocking IO or high CPU user at the same process used by node-cron.
[2026-09-30T04:34:52.988Z] [PID: 260] [32m[NODE-CRON][32m [33m[WARN][0m missed execution at Wed Sep 30 2026 07:01:00 GMT+0530 (India Standard Time)! Possible blocking IO or high CPU user at the same process used by node-cron.
[2026-09-30T04:34:52.992Z] [PID: 260] [32m[NODE-CRON][32m [33m[WARN][0m missed execution at Wed Sep 30 2026 07:02:00 GMT+0530 (India Standard Time)! Possible blocking IO or high CPU user at the same process used by node-cron.
[2026-09-30T04:34:52.997Z] [PID: 260] [32m[NODE-CRON][32m [33m[WARN][0m missed execution at Wed Sep 30 2026 07:03:00 GMT+0530 (India Standard Time)! Possible blocking IO or high CPU user at the same process used by node-cron.
[2026-09-30T04:34:53.002Z] [PID: 260] [32m[NODE-CRON][32m [33m[WARN][0m missed execution at Wed Sep 30 2026 07:04:00 GMT+0530 (India Standard Time)! Possible blocking IO or high CPU user at the same process used by node-cron.
[2026-09-30T04:34:53.011Z] [PID: 260] [32m[NODE-CRON][32m [33m[WARN][0m missed execution at Wed Sep 30 2026 07:05:00 GMT+0530 (India Standard Time)! Possible blocking IO or high CPU user at the same process used by node-cron.
[2026-09-30T04:34:53.015Z] [PID: 260] [32m[NODE-CRON][32m [33m[WARN][0m missed execution at Wed Sep 30 2026 07:06:00 GMT+0530 (India Standard Time)! Possible blocking IO or high CPU user at the same process used by node-cron.
[2026-09-30T04:34:53.019Z] [PID: 260] [32m[NODE-CRON][32m [33m[WARN][0m missed execution at Wed Sep 30 2026 07:07:00 GMT+0530 (India Standard Time)! Possible blocking IO or high CPU user at the same process used by node-cron.
[2026-09-30T04:34:53.023Z] [PID: 260] [32m[NODE-CRON][32m [33m[WARN][0m missed execution at Wed Sep 30 2026 07:08:00 GMT+0530 (India Standard Time)! Possible blocking IO or high CPU user at the same process used by node-cron.
[2026-09-30T04:34:53.027Z] [PID: 260] [32m[NODE-CRON][32m [33m[WARN][0m missed execution at Wed Sep 30 2026 07:09:00 GMT+0530 (India Standard Time)! Possible blocking IO or high CPU user at the same process used by node-cron.
[2026-09-30T04:34:53.032Z] [PID: 260] [32m[NODE-CRON][32m [33m[WARN][0m missed execution at Wed Sep 30 2026 07:10:00 GMT+0530 (India Standard Time)! Possible blocking IO or high CPU user at the same process used by node-cron.
[2026-09-30T04:34:53.036Z] [PID: 260] [32m[NODE-CRON][32m [33m[WARN][0m missed execution at Wed Sep 30 2026 07:11:00 GMT+0530 (India Standard Time)! Possible blocking IO or high CPU user at the same process used by node-cron.
[2026-09-30T04:34:53.040Z] [PID: 260] [32m[NODE-CRON][32m [33m[WARN][0m missed execution at Wed Sep 30 2026 07:12:00 GMT+0530 (India Standard Time)! Possible blocking IO or high CPU user at the same process used by node-cron.
[2026-09-30T04:34:53.045Z] [PID: 260] [32m[NODE-CRON][32m [33m[WARN][0m missed execution at Wed Sep 30 2026 07:13:00 GMT+0530 (India Standard Time)! Possible blocking IO or high CPU user at the same process used by node-cron.
[2026-09-30T04:34:53.050Z] [PID: 260] [32m[NODE-CRON][32m [33m[WARN][0m missed execution at Wed Sep 30 2026 07:14:00 GMT+0530 (India Standard Time)! Possible blocking IO or high CPU user at the same process used by node-cron.
[2026-09-30T04:34:53.055Z] [PID: 260] [32m[NODE-CRON][32m [33m[WARN][0m missed execution at Wed Sep 30 2026 07:15:00 GMT+0530 (India Standard Time)! Possible blocking IO or high CPU user at the same process used by node-cron.
[2026-09-30T04:34:53.060Z] [PID: 260] [32m[NODE-CRON][32m [33m[WARN][0m missed execution at Wed Sep 30 2026 07:16:00 GMT+0530 (India Standard Time)! Possible blocking IO or high CPU user at the same process used by node-cron.
[2026-09-30T04:34:53.065Z] [PID: 260] [32m[NODE-CRON][32m [33m[WARN][0m missed execution at Wed Sep 30 2026 07:17:00 GMT+0530 (India Standard Time)! Possible blocking IO or high CPU user at the same process used by node-cron.
[2026-09-30T04:34:53.070Z] [PID: 260] [32m[NODE-CRON][32m [33m[WARN][0m missed execution at Wed Sep 30 2026 07:18:00 GMT+0530 (India Standard Time)! Possible blocking IO or high CPU user at the same process used by node-cron.
[2026-09-30T04:34:53.074Z] [PID: 260] [32m[NODE-CRON][32m [33m[WARN][0m missed execution at Wed Sep 30 2026 07:19:00 GMT+0530 (India Standard Time)! Possible blocking IO or high CPU user at the same process used by node-cron.
[2026-09-30T04:34:53.079Z] [PID: 260] [32m[NODE-CRON][32m [33m[WARN][0m missed execution at Wed Sep 30 2026 07:20:00 GMT+0530 (India Standard Time)! Possible blocking IO or high CPU user at the same process used by node-cron.
[2026-09-30T04:34:53.084Z] [PID: 260] [32m[NODE-CRON][32m [33m[WARN][0m missed execution at Wed Sep 30 2026 07:21:00 GMT+0530 (India Standard Time)! Possible blocking IO or high CPU user at the same process used by node-cron.
[2026-09-30T04:34:53.088Z] [PID: 260] [32m[NODE-CRON][32m [33m[WARN][0m missed execution at Wed Sep 30 2026 07:22:00 GMT+0530 (India Standard Time)! Possible blocking IO or high CPU user at the same process used by node-cron.
[2026-09-30T04:34:53.093Z] [PID: 260] [32m[NODE-CRON][32m [33m[WARN][0m missed execution at Wed Sep 30 2026 07:23:00 GMT+0530 (India Standard Time)! Possible blocking IO or high CPU user at the same process used by node-cron.
[2026-09-30T04:34:53.102Z] [PID: 260] [32m[NODE-CRON][32m [33m[WARN][0m missed execution at Wed Sep 30 2026 07:24:00 GMT+0530 (India Standard Time)! Possible blocking IO or high CPU user at the same process used by node-cron.
[2026-09-30T04:34:53.107Z] [PID: 260] [32m[NODE-CRON][32m [33m[WARN][0m missed execution at Wed Sep 30 2026 07:25:00 GMT+0530 (India Standard Time)! Possible blocking IO or high CPU user at the same process used by node-cron.
[2026-09-30T04:34:53.112Z] [PID: 260] [32m[NODE-CRON][32m [33m[WARN][0m missed execution at Wed Sep 30 2026 07:26:00 GMT+0530 (India Standard Time)! Possible blocking IO or high CPU user at the same process used by node-cron.
[2026-09-30T04:34:53.117Z] [PID: 260] [32m[NODE-CRON][32m [33m[WARN][0m missed execution at Wed Sep 30 2026 07:27:00 GMT+0530 (India Standard Time)! Possible blocking IO or high CPU user at the same process used by node-cron.
[2026-09-30T04:34:53.122Z] [PID: 260] [32m[NODE-CRON][32m [33m[WARN][0m missed execution at Wed Sep 30 2026 07:28:00 GMT+0530 (India Standard Time)! Possible blocking IO or high CPU user at the same process used by node-cron.
[2026-09-30T04:34:53.127Z] [PID: 260] [32m[NODE-CRON][32m [33m[WARN][0m missed execution at Wed Sep 30 2026 07:29:00 GMT+0530 (India Standard Time)! Possible blocking IO or high CPU user at the same process used by node-cron.
[2026-09-30T04:34:53.132Z] [PID: 260] [32m[NODE-CRON][32m [33m[WARN][0m missed execution at Wed Sep 30 2026 07:30:00 GMT+0530 (India Standard Time)! Possible blocking IO or high CPU user at the same process used by node-cron.
[2026-09-30T04:34:53.136Z] [PID: 260] [32m[NODE-CRON][32m [33m[WARN][0m missed execution at Wed Sep 30 2026 07:31:00 GMT+0530 (India Standard Time)! Possible blocking IO or high CPU user at the same process used by node-cron.
[2026-09-30T04:34:53.142Z] [PID: 260] [32m[NODE-CRON][32m [33m[WARN][0m missed execution at Wed Sep 30 2026 07:32:00 GMT+0530 (India Standard Time)! Possible blocking IO or high CPU user at the same process used by node-cron.
[2026-09-30T04:34:53.147Z] [PID: 260] [32m[NODE-CRON][32m [33m[WARN][0m missed execution at Wed Sep 30 2026 07:33:00 GMT+0530 (India Standard Time)! Possible blocking IO or high CPU user at the same process used by node-cron.
[2026-09-30T04:34:53.153Z] [PID: 260] [32m[NODE-CRON][32m [33m[WARN][0m missed execution at Wed Sep 30 2026 07:34:00 GMT+0530 (India Standard Time)! Possible blocking IO or high CPU user at the same process used by node-cron.
[2026-09-30T04:34:53.158Z] [PID: 260] [32m[NODE-CRON][32m [33m[WARN][0m missed execution at Wed Sep 30 2026 07:35:00 GMT+0530 (India Standard Time)! Possible blocking IO or high CPU user at the same process used by node-cron.
[2026-09-30T04:34:53.162Z] [PID: 260] [32m[NODE-CRON][32m [33m[WARN][0m missed execution at Wed Sep 30 2026 07:36:00 GMT+0530 (India Standard Time)! Possible blocking IO or high CPU user at the same process used by node-cron.
[2026-09-30T04:34:53.167Z] [PID: 260] [32m[NODE-CRON][32m [33m[WARN][0m missed execution at Wed Sep 30 2026 07:37:00 GMT+0530 (India Standard Time)! Possible blocking IO or high CPU user at the same process used by node-cron.
[2026-09-30T04:34:53.171Z] [PID: 260] [32m[NODE-CRON][32m [33m[WARN][0m missed execution at Wed Sep 30 2026 07:38:00 GMT+0530 (India Standard Time)! Possible blocking IO or high CPU user at the same process used by node-cron.
[2026-09-30T04:34:53.176Z] [PID: 260] [32m[NODE-CRON][32m [33m[WARN][0m missed execution at Wed Sep 30 2026 07:39:00 GMT+0530 (India Standard Time)! Possible blocking IO or high CPU user at the same process used by node-cron.
[2026-09-30T04:34:53.180Z] [PID: 260] [32m[NODE-CRON][32m [33m[WARN][0m missed execution at Wed Sep 30 2026 07:40:00 GMT+0530 (India Standard Time)! Possible blocking IO or high CPU user at the same process used by node-cron.
[2026-09-30T04:34:53.185Z] [PID: 260] [32m[NODE-CRON][32m [33m[WARN][0m missed execution at Wed Sep 30 2026 07:41:00 GMT+0530 (India Standard Time)! Possible blocking IO or high CPU user at the same process used by node-cron.
[2026-09-30T04:34:53.191Z] [PID: 260] [32m[NODE-CRON][32m [33m[WARN][0m missed execution at Wed Sep 30 2026 07:42:00 GMT+0530 (India Standard Time)! Possible blocking IO or high CPU user at the same process used by node-cron.
[2026-09-30T04:34:53.201Z] [PID: 260] [32m[NODE-CRON][32m [33m[WARN][0m missed execution at Wed Sep 30 2026 07:43:00 GMT+0530 (India Standard Time)! Possible blocking IO or high CPU user at the same process used by node-cron.
[2026-09-30T04:34:53.205Z] [PID: 260] [32m[NODE-CRON][32m [33m[WARN][0m missed execution at Wed Sep 30 2026 07:44:00 GMT+0530 (India Standard Time)! Possible blocking IO or high CPU user at the same process used by node-cron.
[2026-09-30T04:34:53.210Z] [PID: 260] [32m[NODE-CRON][32m [33m[WARN][0m missed execution at Wed Sep 30 2026 07:45:00 GMT+0530 (India Standard Time)! Possible blocking IO or high CPU user at the same process used by node-cron.
[2026-09-30T04:34:53.216Z] [PID: 260] [32m[NODE-CRON][32m [33m[WARN][0m missed execution at Wed Sep 30 2026 07:46:00 GMT+0530 (India Standard Time)! Possible blocking IO or high CPU user at the same process used by node-cron.
[2026-09-30T04:34:53.220Z] [PID: 260] [32m[NODE-CRON][32m [33m[WARN][0m missed execution at Wed Sep 30 2026 07:47:00 GMT+0530 (India Standard Time)! Possible blocking IO or high CPU user at the same process used by node-cron.
[2026-09-30T04:34:53.226Z] [PID: 260] [32m[NODE-CRON][32m [33m[WARN][0m missed execution at Wed Sep 30 2026 07:48:00 GMT+0530 (India Standard Time)! Possible blocking IO or high CPU user at the same process used by node-cron.
[2026-09-30T04:34:53.231Z] [PID: 260] [32m[NODE-CRON][32m [33m[WARN][0m missed execution at Wed Sep 30 2026 07:49:00 GMT+0530 (India Standard Time)! Possible blocking IO or high CPU user at the same process used by node-cron.
[2026-09-30T04:34:53.236Z] [PID: 260] [32m[NODE-CRON][32m [33m[WARN][0m missed execution at Wed Sep 30 2026 07:50:00 GMT+0530 (India Standard Time)! Possible blocking IO or high CPU user at the same process used by node-cron.
[2026-09-30T04:34:53.241Z] [PID: 260] [32m[NODE-CRON][32m [33m[WARN][0m missed execution at Wed Sep 30 2026 07:51:00 GMT+0530 (India Standard Time)! Possible blocking IO or high CPU user at the same process used by node-cron.
[2026-09-30T04:34:53.246Z] [PID: 260] [32m[NODE-CRON][32m [33m[WARN][0m missed execution at Wed Sep 30 2026 07:52:00 GMT+0530 (India Standard Time)! Possible blocking IO or high CPU user at the same process used by node-cron.
[2026-09-30T04:34:53.251Z] [PID: 260] [32m[NODE-CRON][32m [33m[WARN][0m missed execution at Wed Sep 30 2026 07:53:00 GMT+0530 (India Standard Time)! Possible blocking IO or high CPU user at the same process used by node-cron.
[2026-09-30T04:34:53.257Z] [PID: 260] [32m[NODE-CRON][32m [33m[WARN][0m missed execution at Wed Sep 30 2026 07:54:00 GMT+0530 (India Standard Time)! Possible blocking IO or high CPU user at the same process used by node-cron.
[2026-09-30T04:34:53.263Z] [PID: 260] [32m[NODE-CRON][32m [33m[WARN][0m missed execution at Wed Sep 30 2026 07:55:00 GMT+0530 (India Standard Time)! Possible blocking IO or high CPU user at the same process used by node-cron.
[2026-09-30T04:34:53.268Z] [PID: 260] [32m[NODE-CRON][32m [33m[WARN][0m missed execution at Wed Sep 30 2026 07:56:00 GMT+0530 (India Standard Time)! Possible blocking IO or high CPU user at the same process used by node-cron.
[2026-09-30T04:34:53.273Z] [PID: 260] [32m[NODE-CRON][32m [33m[WARN][0m missed execution at Wed Sep 30 2026 07:57:00 GMT+0530 (India Standard Time)! Possible blocking IO or high CPU user at the same process used by node-cron.
[2026-09-30T04:34:53.278Z] [PID: 260] [32m[NODE-CRON][32m [33m[WARN][0m missed execution at Wed Sep 30 2026 07:58:00 GMT+0530 (India Standard Time)! Possible blocking IO or high CPU user at the same process used by node-cron.
[2026-09-30T04:34:53.283Z] [PID: 260] [32m[NODE-CRON][32m [33m[WARN][0m missed execution at Wed Sep 30 2026 07:59:00 GMT+0530 (India Standard Time)! Possible blocking IO or high CPU user at the same process used by node-cron.
[2026-09-30T04:34:53.288Z] [PID: 260] [32m[NODE-CRON][32m [33m[WARN][0m missed execution at Wed Sep 30 2026 08:00:00 GMT+0530 (India Standard Time)! Possible blocking IO or high CPU user at the same process used by node-cron.
[2026-09-30T04:34:53.294Z] [PID: 260] [32m[NODE-CRON][32m [33m[WARN][0m missed execution at Wed Sep 30 2026 08:01:00 GMT+0530 (India Standard Time)! Possible blocking IO or high CPU user at the same process used by node-cron.
[2026-09-30T04:34:53.304Z] [PID: 260] [32m[NODE-CRON][32m [33m[WARN][0m missed execution at Wed Sep 30 2026 08:02:00 GMT+0530 (India Standard Time)! Possible blocking IO or high CPU user at the same process used by node-cron.
[2026-09-30T04:34:53.309Z] [PID: 260] [32m[NODE-CRON][32m [33m[WARN][0m missed execution at Wed Sep 30 2026 08:03:00 GMT+0530 (India Standard Time)! Possible blocking IO or high CPU user at the same process used by node-cron.
[2026-09-30T04:34:53.313Z] [PID: 260] [32m[NODE-CRON][32m [33m[WARN][0m missed execution at Wed Sep 30 2026 08:04:00 GMT+0530 (India Standard Time)! Possible blocking IO or high CPU user at the same process used by node-cron.
[2026-09-30T04:34:53.318Z] [PID: 260] [32m[NODE-CRON][32m [33m[WARN][0m missed execution at Wed Sep 30 2026 08:05:00 GMT+0530 (India Standard Time)! Possible blocking IO or high CPU user at the same process used by node-cron.
[2026-09-30T04:34:53.323Z] [PID: 260] [32m[NODE-CRON][32m [33m[WARN][0m missed execution at Wed Sep 30 2026 08:06:00 GMT+0530 (India Standard Time)! Possible blocking IO or high CPU user at the same process used by node-cron.
[2026-09-30T04:34:53.328Z] [PID: 260] [32m[NODE-CRON][32m [33m[WARN][0m missed execution at Wed Sep 30 2026 08:07:00 GMT+0530 (India Standard Time)! Possible blocking IO or high CPU user at the same process used by node-cron.
[2026-09-30T04:34:53.333Z] [PID: 260] [32m[NODE-CRON][32m [33m[WARN][0m missed execution at Wed Sep 30 2026 08:08:00 GMT+0530 (India Standard Time)! Possible blocking IO or high CPU user at the same process used by node-cron.
[2026-09-30T04:34:53.337Z] [PID: 260] [32m[NODE-CRON][32m [33m[WARN][0m missed execution at Wed Sep 30 2026 08:09:00 GMT+0530 (India Standard Time)! Possible blocking IO or high CPU user at the same process used by node-cron.
[2026-09-30T04:34:53.342Z] [PID: 260] [32m[NODE-CRON][32m [33m[WARN][0m missed execution at Wed Sep 30 2026 08:10:00 GMT+0530 (India Standard Time)! Possible blocking IO or high CPU user at the same process used by node-cron.
[2026-09-30T04:34:53.347Z] [PID: 260] [32m[NODE-CRON][32m [33m[WARN][0m missed execution at Wed Sep 30 2026 08:11:00 GMT+0530 (India Standard Time)! Possible blocking IO or high CPU user at the same process used by node-cron.
[2026-09-30T04:34:53.352Z] [PID: 260] [32m[NODE-CRON][32m [33m[WARN][0m missed execution at Wed Sep 30 2026 08:12:00 GMT+0530 (India Standard Time)! Possible blocking IO or high CPU user at the same process used by node-cron.
[2026-09-30T04:34:53.357Z] [PID: 260] [32m[NODE-CRON][32m [33m[WARN][0m missed execution at Wed Sep 30 2026 08:13:00 GMT+0530 (India Standard Time)! Possible blocking IO or high CPU user at the same process used by node-cron.
[2026-09-30T04:34:53.361Z] [PID: 260] [32m[NODE-CRON][32m [33m[WARN][0m missed execution at Wed Sep 30 2026 08:14:00 GMT+0530 (India Standard Time)! Possible blocking IO or high CPU user at the same process used by node-cron.
[2026-09-30T04:34:53.366Z] [PID: 260] [32m[NODE-CRON][32m [33m[WARN][0m missed execution at Wed Sep 30 2026 08:15:00 GMT+0530 (India Standard Time)! Possible blocking IO or high CPU user at the same process used by node-cron.
[2026-09-30T04:34:53.370Z] [PID: 260] [32m[NODE-CRON][32m [33m[WARN][0m missed execution at Wed Sep 30 2026 08:16:00 GMT+0530 (India Standard Time)! Possible blocking IO or high CPU user at the same process used by node-cron.
[2026-09-30T04:34:53.376Z] [PID: 260] [32m[NODE-CRON][32m [33m[WARN][0m missed execution at Wed Sep 30 2026 08:17:00 GMT+0530 (India Standard Time)! Possible blocking IO or high CPU user at the same process used by node-cron.
[2026-09-30T04:34:53.380Z] [PID: 260] [32m[NODE-CRON][32m [33m[WARN][0m missed execution at Wed Sep 30 2026 08:18:00 GMT+0530 (India Standard Time)! Possible blocking IO or high CPU user at the same process used by node-cron.
[2026-09-30T04:34:53.386Z] [PID: 260] [32m[NODE-CRON][32m [33m[WARN][0m missed execution at Wed Sep 30 2026 08:19:00 GMT+0530 (India Standard Time)! Possible blocking IO or high CPU user at the same process used by node-cron.
[2026-09-30T04:34:53.392Z] [PID: 260] [32m[NODE-CRON][32m [33m[WARN][0m missed execution at Wed Sep 30 2026 08:20:00 GMT+0530 (India Standard Time)! Possible blocking IO or high CPU user at the same process used by node-cron.
[2026-09-30T04:34:53.403Z] [PID: 260] [32m[NODE-CRON][32m [33m[WARN][0m missed execution at Wed Sep 30 2026 08:21:00 GMT+0530 (India Standard Time)! Possible blocking IO or high CPU user at the same process used by node-cron.
[2026-09-30T04:34:53.408Z] [PID: 260] [32m[NODE-CRON][32m [33m[WARN][0m missed execution at Wed Sep 30 2026 08:22:00 GMT+0530 (India Standard Time)! Possible blocking IO or high CPU user at the same process used by node-cron.
[2026-09-30T04:34:53.413Z] [PID: 260] [32m[NODE-CRON][32m [33m[WARN][0m missed execution at Wed Sep 30 2026 08:23:00 GMT+0530 (India Standard Time)! Possible blocking IO or high CPU user at the same process used by node-cron.
[2026-09-30T04:34:53.417Z] [PID: 260] [32m[NODE-CRON][32m [33m[WARN][0m missed execution at Wed Sep 30 2026 08:24:00 GMT+0530 (India Standard Time)! Possible blocking IO or high CPU user at the same process used by node-cron.
[2026-09-30T04:34:53.422Z] [PID: 260] [32m[NODE-CRON][32m [33m[WARN][0m missed execution at Wed Sep 30 2026 08:25:00 GMT+0530 (India Standard Time)! Possible blocking IO or high CPU user at the same process used by node-cron.
[2026-09-30T04:34:53.426Z] [PID: 260] [32m[NODE-CRON][32m [33m[WARN][0m missed execution at Wed Sep 30 2026 08:26:00 GMT+0530 (India Standard Time)! Possible blocking IO or high CPU user at the same process used by node-cron.
[2026-09-30T04:34:53.431Z] [PID: 260] [32m[NODE-CRON][32m [33m[WARN][0m missed execution at Wed Sep 30 2026 08:27:00 GMT+0530 (India Standard Time)! Possible blocking IO or high CPU user at the same process used by node-cron.
[2026-09-30T04:34:53.435Z] [PID: 260] [32m[NODE-CRON][32m [33m[WARN][0m missed execution at Wed Sep 30 2026 08:28:00 GMT+0530 (India Standard Time)! Possible blocking IO or high CPU user at the same process used by node-cron.
[2026-09-30T04:34:53.440Z] [PID: 260] [32m[NODE-CRON][32m [33m[WARN][0m missed execution at Wed Sep 30 2026 08:29:00 GMT+0530 (India Standard Time)! Possible blocking IO or high CPU user at the same process used by node-cron.
[2026-09-30T04:34:53.444Z] [PID: 260] [32m[NODE-CRON][32m [33m[WARN][0m missed execution at Wed Sep 30 2026 08:30:00 GMT+0530 (India Standard Time)! Possible blocking IO or high CPU user at the same process used by node-cron.
[2026-09-30T04:34:53.449Z] [PID: 260] [32m[NODE-CRON][32m [33m[WARN][0m missed execution at Wed Sep 30 2026 08:31:00 GMT+0530 (India Standard Time)! Possible blocking IO or high CPU user at the same process used by node-cron.
[2026-09-30T04:34:53.454Z] [PID: 260] [32m[NODE-CRON][32m [33m[WARN][0m missed execution at Wed Sep 30 2026 08:32:00 GMT+0530 (India Standard Time)! Possible blocking IO or high CPU user at the same process used by node-cron.
[2026-09-30T04:34:53.458Z] [PID: 260] [32m[NODE-CRON][32m [33m[WARN][0m missed execution at Wed Sep 30 2026 08:33:00 GMT+0530 (India Standard Time)! Possible blocking IO or high CPU user at the same process used by node-cron.
[2026-09-30T04:34:53.463Z] [PID: 260] [32m[NODE-CRON][32m [33m[WARN][0m missed execution at Wed Sep 30 2026 08:34:00 GMT+0530 (India Standard Time)! Possible blocking IO or high CPU user at the same process used by node-cron.
[2026-09-30T04:34:53.468Z] [PID: 260] [32m[NODE-CRON][32m [33m[WARN][0m missed execution at Wed Sep 30 2026 08:35:00 GMT+0530 (India Standard Time)! Possible blocking IO or high CPU user at the same process used by node-cron.
[2026-09-30T04:34:53.473Z] [PID: 260] [32m[NODE-CRON][32m [33m[WARN][0m missed execution at Wed Sep 30 2026 08:36:00 GMT+0530 (India Standard Time)! Possible blocking IO or high CPU user at the same process used by node-cron.
[2026-09-30T04:34:53.477Z] [PID: 260] [32m[NODE-CRON][32m [33m[WARN][0m missed execution at Wed Sep 30 2026 08:37:00 GMT+0530 (India Standard Time)! Possible blocking IO or high CPU user at the same process used by node-cron.
[2026-09-30T04:34:53.482Z] [PID: 260] [32m[NODE-CRON][32m [33m[WARN][0m missed execution at Wed Sep 30 2026 08:38:00 GMT+0530 (India Standard Time)! Possible blocking IO or high CPU user at the same process used by node-cron.
[2026-09-30T04:34:53.487Z] [PID: 260] [32m[NODE-CRON][32m [33m[WARN][0m missed execution at Wed Sep 30 2026 08:39:00 GMT+0530 (India Standard Time)! Possible blocking IO or high CPU user at the same process used by node-cron.
[2026-09-30T04:34:53.492Z] [PID: 260] [32m[NODE-CRON][32m [33m[WARN][0m missed execution at Wed Sep 30 2026 08:40:00 GMT+0530 (India Standard Time)! Possible blocking IO or high CPU user at the same process used by node-cron.
[2026-09-30T04:34:53.498Z] [PID: 260] [32m[NODE-CRON][32m [33m[WARN][0m missed execution at Wed Sep 30 2026 08:41:00 GMT+0530 (India Standard Time)! Possible blocking IO or high CPU user at the same process used by node-cron.
[2026-09-30T04:34:53.503Z] [PID: 260] [32m[NODE-CRON][32m [33m[WARN][0m missed execution at Wed Sep 30 2026 08:42:00 GMT+0530 (India Standard Time)! Possible blocking IO or high CPU user at the same process used by node-cron.
[2026-09-30T04:34:53.508Z] [PID: 260] [32m[NODE-CRON][32m [33m[WARN][0m missed execution at Wed Sep 30 2026 08:43:00 GMT+0530 (India Standard Time)! Possible blocking IO or high CPU user at the same process used by node-cron.
[2026-09-30T04:34:53.514Z] [PID: 260] [32m[NODE-CRON][32m [33m[WARN][0m missed execution at Wed Sep 30 2026 08:44:00 GMT+0530 (India Standard Time)! Possible blocking IO or high CPU user at the same process used by node-cron.
[2026-09-30T04:34:53.518Z] [PID: 260] [32m[NODE-CRON][32m [33m[WARN][0m missed execution at Wed Sep 30 2026 08:45:00 GMT+0530 (India Standard Time)! Possible blocking IO or high CPU user at the same process used by node-cron.
[2026-09-30T04:34:53.525Z] [PID: 260] [32m[NODE-CRON][32m [33m[WARN][0m missed execution at Wed Sep 30 2026 08:46:00 GMT+0530 (India Standard Time)! Possible blocking IO or high CPU user at the same process used by node-cron.
[2026-09-30T04:34:53.530Z] [PID: 260] [32m[NODE-CRON][32m [33m[WARN][0m missed execution at Wed Sep 30 2026 08:47:00 GMT+0530 (India Standard Time)! Possible blocking IO or high CPU user at the same process used by node-cron.
[2026-09-30T04:34:53.534Z] [PID: 260] [32m[NODE-CRON][32m [33m[WARN][0m missed execution at Wed Sep 30 2026 08:48:00 GMT+0530 (India Standard Time)! Possible blocking IO or high CPU user at the same process used by node-cron.
[2026-09-30T04:34:53.541Z] [PID: 260] [32m[NODE-CRON][32m [33m[WARN][0m missed execution at Wed Sep 30 2026 08:49:00 GMT+0530 (India Standard Time)! Possible blocking IO or high CPU user at the same process used by node-cron.
[2026-09-30T04:34:53.548Z] [PID: 260] [32m[NODE-CRON][32m [33m[WARN][0m missed execution at Wed Sep 30 2026 08:50:00 GMT+0530 (India Standard Time)! Possible blocking IO or high CPU user at the same process used by node-cron.
[2026-09-30T04:34:53.557Z] [PID: 260] [32m[NODE-CRON][32m [33m[WARN][0m missed execution at Wed Sep 30 2026 08:51:00 GMT+0530 (India Standard Time)! Possible blocking IO or high CPU user at the same process used by node-cron.
[2026-09-30T04:34:53.562Z] [PID: 260] [32m[NODE-CRON][32m [33m[WARN][0m missed execution at Wed Sep 30 2026 08:52:00 GMT+0530 (India Standard Time)! Possible blocking IO or high CPU user at the same process used by node-cron.
[2026-09-30T04:34:53.569Z] [PID: 260] [32m[NODE-CRON][32m [33m[WARN][0m missed execution at Wed Sep 30 2026 08:53:00 GMT+0530 (India Standard Time)! Possible blocking IO or high CPU user at the same process used by node-cron.
[2026-09-30T04:34:53.579Z] [PID: 260] [32m[NODE-CRON][32m [33m[WARN][0m missed execution at Wed Sep 30 2026 08:54:00 GMT+0530 (India Standard Time)! Possible blocking IO or high CPU user at the same process used by node-cron.
[2026-09-30T04:34:53.585Z] [PID: 260] [32m[NODE-CRON][32m [33m[WARN][0m missed execution at Wed Sep 30 2026 08:55:00 GMT+0530 (India Standard Time)! Possible blocking IO or high CPU user at the same process used by node-cron.
[2026-09-30T04:34:53.597Z] [PID: 260] [32m[NODE-CRON][32m [33m[WARN][0m missed execution at Wed Sep 30 2026 08:56:00 GMT+0530 (India Standard Time)! Possible blocking IO or high CPU user at the same process used by node-cron.
[2026-09-30T04:34:53.604Z] [PID: 260] [32m[NODE-CRON][32m [33m[WARN][0m missed execution at Wed Sep 30 2026 08:57:00 GMT+0530 (India Standard Time)! Possible blocking IO or high CPU user at the same process used by node-cron.
[2026-09-30T04:34:53.609Z] [PID: 260] [32m[NODE-CRON][32m [33m[WARN][0m missed execution at Wed Sep 30 2026 08:58:00 GMT+0530 (India Standard Time)! Possible blocking IO or high CPU user at the same process used by node-cron.
[2026-09-30T04:34:53.614Z] [PID: 260] [32m[NODE-CRON][32m [33m[WARN][0m missed execution at Wed Sep 30 2026 08:59:00 GMT+0530 (India Standard Time)! Possible blocking IO or high CPU user at the same process used by node-cron.
[2026-09-30T04:34:53.629Z] [PID: 260] [32m[NODE-CRON][32m [33m[WARN][0m missed execution at Wed Sep 30 2026 09:00:00 GMT+0530 (India Standard Time)! Possible blocking IO or high CPU user at the same process used by node-cron.
[2026-09-30T04:34:53.634Z] [PID: 260] [32m[NODE-CRON][32m [33m[WARN][0m missed execution at Wed Sep 30 2026 09:01:00 GMT+0530 (India Standard Time)! Possible blocking IO or high CPU user at the same process used by node-cron.
[2026-09-30T04:34:53.639Z] [PID: 260] [32m[NODE-CRON][32m [33m[WARN][0m missed execution at Wed Sep 30 2026 09:02:00 GMT+0530 (India Standard Time)! Possible blocking IO or high CPU user at the same process used by node-cron.
[2026-09-30T04:34:53.644Z] [PID: 260] [32m[NODE-CRON][32m [33m[WARN][0m missed execution at Wed Sep 30 2026 09:03:00 GMT+0530 (India Standard Time)! Possible blocking IO or high CPU user at the same process used by node-cron.
[2026-09-30T04:34:53.649Z] [PID: 260] [32m[NODE-CRON][32m [33m[WARN][0m missed execution at Wed Sep 30 2026 09:04:00 GMT+0530 (India Standard Time)! Possible blocking IO or high CPU user at the same process used by node-cron.
[2026-09-30T04:34:53.655Z] [PID: 260] [32m[NODE-CRON][32m [33m[WARN][0m missed execution at Wed Sep 30 2026 09:05:00 GMT+0530 (India Standard Time)! Possible blocking IO or high CPU user at the same process used by node-cron.
[2026-09-30T04:34:53.660Z] [PID: 260] [32m[NODE-CRON][32m [33m[WARN][0m missed execution at Wed Sep 30 2026 09:06:00 GMT+0530 (India Standard Time)! Possible blocking IO or high CPU user at the same process used by node-cron.
[2026-09-30T04:34:53.665Z] [PID: 260] [32m[NODE-CRON][32m [33m[WARN][0m missed execution at Wed Sep 30 2026 09:07:00 GMT+0530 (India Standard Time)! Possible blocking IO or high CPU user at the same process used by node-cron.
[2026-09-30T04:34:53.670Z] [PID: 260] [32m[NODE-CRON][32m [33m[WARN][0m missed execution at Wed Sep 30 2026 09:08:00 GMT+0530 (India Standard Time)! Possible blocking IO or high CPU user at the same process used by node-cron.
[2026-09-30T04:34:53.675Z] [PID: 260] [32m[NODE-CRON][32m [33m[WARN][0m missed execution at Wed Sep 30 2026 09:09:00 GMT+0530 (India Standard Time)! Possible blocking IO or high CPU user at the same process used by node-cron.
[2026-09-30T04:34:53.680Z] [PID: 260] [32m[NODE-CRON][32m [33m[WARN][0m missed execution at Wed Sep 30 2026 09:10:00 GMT+0530 (India Standard Time)! Possible blocking IO or high CPU user at the same process used by node-cron.
[2026-09-30T04:34:53.686Z] [PID: 260] [32m[NODE-CRON][32m [33m[WARN][0m missed execution at Wed Sep 30 2026 09:11:00 GMT+0530 (India Standard Time)! Possible blocking IO or high CPU user at the same process used by node-cron.
[2026-09-30T04:34:53.691Z] [PID: 260] [32m[NODE-CRON][32m [33m[WARN][0m missed execution at Wed Sep 30 2026 09:12:00 GMT+0530 (India Standard Time)! Possible blocking IO or high CPU user at the same process used by node-cron.
[2026-09-30T04:34:53.696Z] [PID: 260] [32m[NODE-CRON][32m [33m[WARN][0m missed execution at Wed Sep 30 2026 09:13:00 GMT+0530 (India Standard Time)! Possible blocking IO or high CPU user at the same process used by node-cron.
[2026-09-30T04:34:53.701Z] [PID: 260] [32m[NODE-CRON][32m [33m[WARN][0m missed execution at Wed Sep 30 2026 09:14:00 GMT+0530 (India Standard Time)! Possible blocking IO or high CPU user at the same process used by node-cron.
[2026-09-30T04:34:53.706Z] [PID: 260] [32m[NODE-CRON][32m [33m[WARN][0m missed execution at Wed Sep 30 2026 09:15:00 GMT+0530 (India Standard Time)! Possible blocking IO or high CPU user at the same process used by node-cron.
[2026-09-30T04:34:53.711Z] [PID: 260] [32m[NODE-CRON][32m [33m[WARN][0m missed execution at Wed Sep 30 2026 09:16:00 GMT+0530 (India Standard Time)! Possible blocking IO or high CPU user at the same process used by node-cron.
[2026-09-30T04:34:53.720Z] [PID: 260] [32m[NODE-CRON][32m [33m[WARN][0m missed execution at Wed Sep 30 2026 09:17:00 GMT+0530 (India Standard Time)! Possible blocking IO or high CPU user at the same process used by node-cron.
[2026-09-30T04:34:53.726Z] [PID: 260] [32m[NODE-CRON][32m [33m[WARN][0m missed execution at Wed Sep 30 2026 09:18:00 GMT+0530 (India Standard Time)! Possible blocking IO or high CPU user at the same process used by node-cron.
[2026-09-30T04:34:53.731Z] [PID: 260] [32m[NODE-CRON][32m [33m[WARN][0m missed execution at Wed Sep 30 2026 09:19:00 GMT+0530 (India Standard Time)! Possible blocking IO or high CPU user at the same process used by node-cron.
[2026-09-30T04:34:53.737Z] [PID: 260] [32m[NODE-CRON][32m [33m[WARN][0m missed execution at Wed Sep 30 2026 09:20:00 GMT+0530 (India Standard Time)! Possible blocking IO or high CPU user at the same process used by node-cron.
[2026-09-30T04:34:53.744Z] [PID: 260] [32m[NODE-CRON][32m [33m[WARN][0m missed execution at Wed Sep 30 2026 09:21:00 GMT+0530 (India Standard Time)! Possible blocking IO or high CPU user at the same process used by node-cron.
[2026-09-30T04:34:53.749Z] [PID: 260] [32m[NODE-CRON][32m [33m[WARN][0m missed execution at Wed Sep 30 2026 09:22:00 GMT+0530 (India Standard Time)! Possible blocking IO or high CPU user at the same process used by node-cron.
[2026-09-30T04:34:53.753Z] [PID: 260] [32m[NODE-CRON][32m [33m[WARN][0m missed execution at Wed Sep 30 2026 09:23:00 GMT+0530 (India Standard Time)! Possible blocking IO or high CPU user at the same process used by node-cron.
[2026-09-30T04:34:53.761Z] [PID: 260] [32m[NODE-CRON][32m [33m[WARN][0m missed execution at Wed Sep 30 2026 09:24:00 GMT+0530 (India Standard Time)! Possible blocking IO or high CPU user at the same process used by node-cron.
[2026-09-30T04:34:53.766Z] [PID: 260] [32m[NODE-CRON][32m [33m[WARN][0m missed execution at Wed Sep 30 2026 09:25:00 GMT+0530 (India Standard Time)! Possible blocking IO or high CPU user at the same process used by node-cron.
[2026-09-30T04:34:53.774Z] [PID: 260] [32m[NODE-CRON][32m [33m[WARN][0m missed execution at Wed Sep 30 2026 09:26:00 GMT+0530 (India Standard Time)! Possible blocking IO or high CPU user at the same process used by node-cron.
[2026-09-30T04:34:53.780Z] [PID: 260] [32m[NODE-CRON][32m [33m[WARN][0m missed execution at Wed Sep 30 2026 09:27:00 GMT+0530 (India Standard Time)! Possible blocking IO or high CPU user at the same process used by node-cron.
[2026-09-30T04:34:53.785Z] [PID: 260] [32m[NODE-CRON][32m [33m[WARN][0m missed execution at Wed Sep 30 2026 09:28:00 GMT+0530 (India Standard Time)! Possible blocking IO or high CPU user at the same process used by node-cron.
[2026-09-30T04:34:53.792Z] [PID: 260] [32m[NODE-CRON][32m [33m[WARN][0m missed execution at Wed Sep 30 2026 09:29:00 GMT+0530 (India Standard Time)! Possible blocking IO or high CPU user at the same process used by node-cron.
[2026-09-30T04:34:53.798Z] [PID: 260] [32m[NODE-CRON][32m [33m[WARN][0m missed execution at Wed Sep 30 2026 09:30:00 GMT+0530 (India Standard Time)! Possible blocking IO or high CPU user at the same process used by node-cron.
[2026-09-30T04:34:53.805Z] [PID: 260] [32m[NODE-CRON][32m [33m[WARN][0m missed execution at Wed Sep 30 2026 09:31:00 GMT+0530 (India Standard Time)! Possible blocking IO or high CPU user at the same process used by node-cron.
[2026-09-30T04:34:53.810Z] [PID: 260] [32m[NODE-CRON][32m [33m[WARN][0m missed execution at Wed Sep 30 2026 09:32:00 GMT+0530 (India Standard Time)! Possible blocking IO or high CPU user at the same process used by node-cron.
[2026-09-30T04:34:53.815Z] [PID: 260] [32m[NODE-CRON][32m [33m[WARN][0m missed execution at Wed Sep 30 2026 09:33:00 GMT+0530 (India Standard Time)! Possible blocking IO or high CPU user at the same process used by node-cron.
[2026-09-30T04:34:53.822Z] [PID: 260] [32m[NODE-CRON][32m [33m[WARN][0m missed execution at Wed Sep 30 2026 09:34:00 GMT+0530 (India Standard Time)! Possible blocking IO or high CPU user at the same process used by node-cron.
[2026-09-30T04:34:53.829Z] [PID: 260] [32m[NODE-CRON][32m [33m[WARN][0m missed execution at Wed Sep 30 2026 09:35:00 GMT+0530 (India Standard Time)! Possible blocking IO or high CPU user at the same process used by node-cron.
[2026-09-30T04:34:53.834Z] [PID: 260] [32m[NODE-CRON][32m [33m[WARN][0m missed execution at Wed Sep 30 2026 09:36:00 GMT+0530 (India Standard Time)! Possible blocking IO or high CPU user at the same process used by node-cron.
[2026-09-30T04:34:53.841Z] [PID: 260] [32m[NODE-CRON][32m [33m[WARN][0m missed execution at Wed Sep 30 2026 09:37:00 GMT+0530 (India Standard Time)! Possible blocking IO or high CPU user at the same process used by node-cron.
[2026-09-30T04:34:53.846Z] [PID: 260] [32m[NODE-CRON][32m [33m[WARN][0m missed execution at Wed Sep 30 2026 09:38:00 GMT+0530 (India Standard Time)! Possible blocking IO or high CPU user at the same process used by node-cron.
[2026-09-30T04:34:53.866Z] [PID: 260] [32m[NODE-CRON][32m [33m[WARN][0m missed execution at Wed Sep 30 2026 09:39:00 GMT+0530 (India Standard Time)! Possible blocking IO or high CPU user at the same process used by node-cron.
[2026-09-30T04:34:53.873Z] [PID: 260] [32m[NODE-CRON][32m [33m[WARN][0m missed execution at Wed Sep 30 2026 09:40:00 GMT+0530 (India Standard Time)! Possible blocking IO or high CPU user at the same process used by node-cron.
[2026-09-30T04:34:53.878Z] [PID: 260] [32m[NODE-CRON][32m [33m[WARN][0m missed execution at Wed Sep 30 2026 09:41:00 GMT+0530 (India Standard Time)! Possible blocking IO or high CPU user at the same process used by node-cron.
[2026-09-30T04:34:53.883Z] [PID: 260] [32m[NODE-CRON][32m [33m[WARN][0m missed execution at Wed Sep 30 2026 09:42:00 GMT+0530 (India Standard Time)! Possible blocking IO or high CPU user at the same process used by node-cron.
[2026-09-30T04:34:53.891Z] [PID: 260] [32m[NODE-CRON][32m [33m[WARN][0m missed execution at Wed Sep 30 2026 09:43:00 GMT+0530 (India Standard Time)! Possible blocking IO or high CPU user at the same process used by node-cron.
[2026-09-30T04:34:53.896Z] [PID: 260] [32m[NODE-CRON][32m [33m[WARN][0m missed execution at Wed Sep 30 2026 09:44:00 GMT+0530 (India Standard Time)! Possible blocking IO or high CPU user at the same process used by node-cron.
[2026-09-30T04:34:53.901Z] [PID: 260] [32m[NODE-CRON][32m [33m[WARN][0m missed execution at Wed Sep 30 2026 09:45:00 GMT+0530 (India Standard Time)! Possible blocking IO or high CPU user at the same process used by node-cron.
[2026-09-30T04:34:53.908Z] [PID: 260] [32m[NODE-CRON][32m [33m[WARN][0m missed execution at Wed Sep 30 2026 09:46:00 GMT+0530 (India Standard Time)! Possible blocking IO or high CPU user at the same process used by node-cron.
[2026-09-30T04:34:53.913Z] [PID: 260] [32m[NODE-CRON][32m [33m[WARN][0m missed execution at Wed Sep 30 2026 09:47:00 GMT+0530 (India Standard Time)! Possible blocking IO or high CPU user at the same process used by node-cron.
[2026-09-30T04:34:53.918Z] [PID: 260] [32m[NODE-CRON][32m [33m[WARN][0m missed execution at Wed Sep 30 2026 09:48:00 GMT+0530 (India Standard Time)! Possible blocking IO or high CPU user at the same process used by node-cron.
[2026-09-30T04:34:53.925Z] [PID: 260] [32m[NODE-CRON][32m [33m[WARN][0m missed execution at Wed Sep 30 2026 09:49:00 GMT+0530 (India Standard Time)! Possible blocking IO or high CPU user at the same process used by node-cron.
[2026-09-30T04:34:53.930Z] [PID: 260] [32m[NODE-CRON][32m [33m[WARN][0m missed execution at Wed Sep 30 2026 09:50:00 GMT+0530 (India Standard Time)! Possible blocking IO or high CPU user at the same process used by node-cron.
[2026-09-30T04:34:53.935Z] [PID: 260] [32m[NODE-CRON][32m [33m[WARN][0m missed execution at Wed Sep 30 2026 09:51:00 GMT+0530 (India Standard Time)! Possible blocking IO or high CPU user at the same process used by node-cron.
[2026-09-30T04:34:53.942Z] [PID: 260] [32m[NODE-CRON][32m [33m[WARN][0m missed execution at Wed Sep 30 2026 09:52:00 GMT+0530 (India Standard Time)! Possible blocking IO or high CPU user at the same process used by node-cron.
[2026-09-30T04:34:53.947Z] [PID: 260] [32m[NODE-CRON][32m [33m[WARN][0m missed execution at Wed Sep 30 2026 09:53:00 GMT+0530 (India Standard Time)! Possible blocking IO or high CPU user at the same process used by node-cron.
[2026-09-30T04:34:53.952Z] [PID: 260] [32m[NODE-CRON][32m [33m[WARN][0m missed execution at Wed Sep 30 2026 09:54:00 GMT+0530 (India Standard Time)! Possible blocking IO or high CPU user at the same process used by node-cron.
[2026-09-30T04:34:53.960Z] [PID: 260] [32m[NODE-CRON][32m [33m[WARN][0m missed execution at Wed Sep 30 2026 09:55:00 GMT+0530 (India Standard Time)! Possible blocking IO or high CPU user at the same process used by node-cron.
[2026-09-30T04:34:53.966Z] [PID: 260] [32m[NODE-CRON][32m [33m[WARN][0m missed execution at Wed Sep 30 2026 09:56:00 GMT+0530 (India Standard Time)! Possible blocking IO or high CPU user at the same process used by node-cron.
[2026-09-30T04:34:53.973Z] [PID: 260] [32m[NODE-CRON][32m [33m[WARN][0m missed execution at Wed Sep 30 2026 09:57:00 GMT+0530 (India Standard Time)! Possible blocking IO or high CPU user at the same process used by node-cron.
[2026-09-30T04:34:53.978Z] [PID: 260] [32m[NODE-CRON][32m [33m[WARN][0m missed execution at Wed Sep 30 2026 09:58:00 GMT+0530 (India Standard Time)! Possible blocking IO or high CPU user at the same process used by node-cron.
[2026-09-30T04:34:53.983Z] [PID: 260] [32m[NODE-CRON][32m [33m[WARN][0m missed execution at Wed Sep 30 2026 09:59:00 GMT+0530 (India Standard Time)! Possible blocking IO or high CPU user at the same process used by node-cron.
[2026-09-30T04:34:53.991Z] [PID: 260] [32m[NODE-CRON][32m [33m[WARN][0m missed execution at Wed Sep 30 2026 10:00:00 GMT+0530 (India Standard Time)! Possible blocking IO or high CPU user at the same process used by node-cron.
[2026-09-30T04:34:53.997Z] [PID: 260] [32m[NODE-CRON][32m [33m[WARN][0m missed execution at Wed Sep 30 2026 10:01:00 GMT+0530 (India Standard Time)! Possible blocking IO or high CPU user at the same process used by node-cron.
[2026-09-30T04:34:54.002Z] [PID: 260] [32m[NODE-CRON][32m [33m[WARN][0m missed execution at Wed Sep 30 2026 10:02:00 GMT+0530 (India Standard Time)! Possible blocking IO or high CPU user at the same process used by node-cron.
[2026-09-30T04:34:54.009Z] [PID: 260] [32m[NODE-CRON][32m [33m[WARN][0m missed execution at Wed Sep 30 2026 10:03:00 GMT+0530 (India Standard Time)! Possible blocking IO or high CPU user at the same process used by node-cron.
[2026-09-30T04:34:54.015Z] [PID: 260] [32m[NODE-CRON][32m [33m[WARN][0m missed execution at Wed Sep 30 2026 10:04:00 GMT+0530 (India Standard Time)! Possible blocking IO or high CPU user at the same process used by node-cron.
[2026-09-30T04:34:54.031Z] [PID: 260] [32m[NODE-CRON][32m [33m[WARN][0m missed execution at Tue Sep 29 2026 21:15:00 GMT+0530 (India Standard Time)! Possible blocking IO or high CPU user at the same process used by node-cron.
[2026-09-30T04:34:54.039Z] [PID: 260] [32m[NODE-CRON][32m [33m[WARN][0m missed execution at Tue Sep 29 2026 21:20:00 GMT+0530 (India Standard Time)! Possible blocking IO or high CPU user at the same process used by node-cron.
[2026-09-30T04:34:54.044Z] [PID: 260] [32m[NODE-CRON][32m [33m[WARN][0m missed execution at Tue Sep 29 2026 21:25:00 GMT+0530 (India Standard Time)! Possible blocking IO or high CPU user at the same process used by node-cron.
[2026-09-30T04:34:54.049Z] [PID: 260] [32m[NODE-CRON][32m [33m[WARN][0m missed execution at Tue Sep 29 2026 21:30:00 GMT+0530 (India Standard Time)! Possible blocking IO or high CPU user at the same process used by node-cron.
[2026-09-30T04:34:54.057Z] [PID: 260] [32m[NODE-CRON][32m [33m[WARN][0m missed execution at Tue Sep 29 2026 21:35:00 GMT+0530 (India Standard Time)! Possible blocking IO or high CPU user at the same process used by node-cron.
[2026-09-30T04:34:54.062Z] [PID: 260] [32m[NODE-CRON][32m [33m[WARN][0m missed execution at Tue Sep 29 2026 21:40:00 GMT+0530 (India Standard Time)! Possible blocking IO or high CPU user at the same process used by node-cron.
[2026-09-30T04:34:54.066Z] [PID: 260] [32m[NODE-CRON][32m [33m[WARN][0m missed execution at Tue Sep 29 2026 21:45:00 GMT+0530 (India Standard Time)! Possible blocking IO or high CPU user at the same process used by node-cron.
[2026-09-30T04:34:54.074Z] [PID: 260] [32m[NODE-CRON][32m [33m[WARN][0m missed execution at Tue Sep 29 2026 21:50:00 GMT+0530 (India Standard Time)! Possible blocking IO or high CPU user at the same process used by node-cron.
[2026-09-30T04:34:54.080Z] [PID: 260] [32m[NODE-CRON][32m [33m[WARN][0m missed execution at Tue Sep 29 2026 21:55:00 GMT+0530 (India Standard Time)! Possible blocking IO or high CPU user at the same process used by node-cron.
[2026-09-30T04:34:54.085Z] [PID: 260] [32m[NODE-CRON][32m [33m[WARN][0m missed execution at Tue Sep 29 2026 22:00:00 GMT+0530 (India Standard Time)! Possible blocking IO or high CPU user at the same process used by node-cron.
[2026-09-30T04:34:54.093Z] [PID: 260] [32m[NODE-CRON][32m [33m[WARN][0m missed execution at Tue Sep 29 2026 22:05:00 GMT+0530 (India Standard Time)! Possible blocking IO or high CPU user at the same process used by node-cron.
[2026-09-30T04:34:54.112Z] [PID: 260] [32m[NODE-CRON][32m [33m[WARN][0m missed execution at Tue Sep 29 2026 22:10:00 GMT+0530 (India Standard Time)! Possible blocking IO or high CPU user at the same process used by node-cron.
[2026-09-30T04:34:54.118Z] [PID: 260] [32m[NODE-CRON][32m [33m[WARN][0m missed execution at Tue Sep 29 2026 22:15:00 GMT+0530 (India Standard Time)! Possible blocking IO or high CPU user at the same process used by node-cron.
[2026-09-30T04:34:54.157Z] [PID: 260] [32m[NODE-CRON][32m [33m[WARN][0m missed execution at Tue Sep 29 2026 22:20:00 GMT+0530 (India Standard Time)! Possible blocking IO or high CPU user at the same process used by node-cron.
[2026-09-30T04:34:54.169Z] [PID: 260] [32m[NODE-CRON][32m [33m[WARN][0m missed execution at Tue Sep 29 2026 22:25:00 GMT+0530 (India Standard Time)! Possible blocking IO or high CPU user at the same process used by node-cron.
[2026-09-30T04:34:54.179Z] [PID: 260] [32m[NODE-CRON][32m [33m[WARN][0m missed execution at Tue Sep 29 2026 22:30:00 GMT+0530 (India Standard Time)! Possible blocking IO or high CPU user at the same process used by node-cron.
[2026-09-30T04:34:54.187Z] [PID: 260] [32m[NODE-CRON][32m [33m[WARN][0m missed execution at Tue Sep 29 2026 22:35:00 GMT+0530 (India Standard Time)! Possible blocking IO or high CPU user at the same process used by node-cron.
[2026-09-30T04:34:54.196Z] [PID: 260] [32m[NODE-CRON][32m [33m[WARN][0m missed execution at Tue Sep 29 2026 22:40:00 GMT+0530 (India Standard Time)! Possible blocking IO or high CPU user at the same process used by node-cron.
[2026-09-30T04:34:54.201Z] [PID: 260] [32m[NODE-CRON][32m [33m[WARN][0m missed execution at Tue Sep 29 2026 22:45:00 GMT+0530 (India Standard Time)! Possible blocking IO or high CPU user at the same process used by node-cron.
[2026-09-30T04:34:54.208Z] [PID: 260] [32m[NODE-CRON][32m [33m[WARN][0m missed execution at Tue Sep 29 2026 22:50:00 GMT+0530 (India Standard Time)! Possible blocking IO or high CPU user at the same process used by node-cron.
[2026-09-30T04:34:54.212Z] [PID: 260] [32m[NODE-CRON][32m [33m[WARN][0m missed execution at Tue Sep 29 2026 22:55:00 GMT+0530 (India Standard Time)! Possible blocking IO or high CPU user at the same process used by node-cron.
[2026-09-30T04:34:54.218Z] [PID: 260] [32m[NODE-CRON][32m [33m[WARN][0m missed execution at Tue Sep 29 2026 23:00:00 GMT+0530 (India Standard Time)! Possible blocking IO or high CPU user at the same process used by node-cron.
[2026-09-30T04:34:54.224Z] [PID: 260] [32m[NODE-CRON][32m [33m[WARN][0m missed execution at Tue Sep 29 2026 23:05:00 GMT+0530 (India Standard Time)! Possible blocking IO or high CPU user at the same process used by node-cron.
[2026-09-30T04:34:54.229Z] [PID: 260] [32m[NODE-CRON][32m [33m[WARN][0m missed execution at Tue Sep 29 2026 23:10:00 GMT+0530 (India Standard Time)! Possible blocking IO or high CPU user at the same process used by node-cron.
[2026-09-30T04:34:54.234Z] [PID: 260] [32m[NODE-CRON][32m [33m[WARN][0m missed execution at Tue Sep 29 2026 23:15:00 GMT+0530 (India Standard Time)! Possible blocking IO or high CPU user at the same process used by node-cron.
[2026-09-30T04:34:54.240Z] [PID: 260] [32m[NODE-CRON][32m [33m[WARN][0m missed execution at Tue Sep 29 2026 23:20:00 GMT+0530 (India Standard Time)! Possible blocking IO or high CPU user at the same process used by node-cron.
[2026-09-30T04:34:54.246Z] [PID: 260] [32m[NODE-CRON][32m [33m[WARN][0m missed execution at Tue Sep 29 2026 23:25:00 GMT+0530 (India Standard Time)! Possible blocking IO or high CPU user at the same process used by node-cron.
[2026-09-30T04:34:54.251Z] [PID: 260] [32m[NODE-CRON][32m [33m[WARN][0m missed execution at Tue Sep 29 2026 23:30:00 GMT+0530 (India Standard Time)! Possible blocking IO or high CPU user at the same process used by node-cron.
[2026-09-30T04:34:54.258Z] [PID: 260] [32m[NODE-CRON][32m [33m[WARN][0m missed execution at Tue Sep 29 2026 23:35:00 GMT+0530 (India Standard Time)! Possible blocking IO or high CPU user at the same process used by node-cron.
[2026-09-30T04:34:54.263Z] [PID: 260] [32m[NODE-CRON][32m [33m[WARN][0m missed execution at Tue Sep 29 2026 23:40:00 GMT+0530 (India Standard Time)! Possible blocking IO or high CPU user at the same process used by node-cron.
[2026-09-30T04:34:54.268Z] [PID: 260] [32m[NODE-CRON][32m [33m[WARN][0m missed execution at Tue Sep 29 2026 23:45:00 GMT+0530 (India Standard Time)! Possible blocking IO or high CPU user at the same process used by node-cron.
[2026-09-30T04:34:54.273Z] [PID: 260] [32m[NODE-CRON][32m [33m[WARN][0m missed execution at Tue Sep 29 2026 23:50:00 GMT+0530 (India Standard Time)! Possible blocking IO or high CPU user at the same process used by node-cron.
[2026-09-30T04:34:54.278Z] [PID: 260] [32m[NODE-CRON][32m [33m[WARN][0m missed execution at Tue Sep 29 2026 23:55:00 GMT+0530 (India Standard Time)! Possible blocking IO or high CPU user at the same process used by node-cron.
[2026-09-30T04:34:54.285Z] [PID: 260] [32m[NODE-CRON][32m [33m[WARN][0m missed execution at Wed Sep 30 2026 00:00:00 GMT+0530 (India Standard Time)! Possible blocking IO or high CPU user at the same process used by node-cron.
[2026-09-30T04:34:54.290Z] [PID: 260] [32m[NODE-CRON][32m [33m[WARN][0m missed execution at Wed Sep 30 2026 00:05:00 GMT+0530 (India Standard Time)! Possible blocking IO or high CPU user at the same process used by node-cron.
[2026-09-30T04:34:54.295Z] [PID: 260] [32m[NODE-CRON][32m [33m[WARN][0m missed execution at Wed Sep 30 2026 00:10:00 GMT+0530 (India Standard Time)! Possible blocking IO or high CPU user at the same process used by node-cron.
[2026-09-30T04:34:54.300Z] [PID: 260] [32m[NODE-CRON][32m [33m[WARN][0m missed execution at Wed Sep 30 2026 00:15:00 GMT+0530 (India Standard Time)! Possible blocking IO or high CPU user at the same process used by node-cron.
[2026-09-30T04:34:54.306Z] [PID: 260] [32m[NODE-CRON][32m [33m[WARN][0m missed execution at Wed Sep 30 2026 00:20:00 GMT+0530 (India Standard Time)! Possible blocking IO or high CPU user at the same process used by node-cron.
[2026-09-30T04:34:54.312Z] [PID: 260] [32m[NODE-CRON][32m [33m[WARN][0m missed execution at Wed Sep 30 2026 00:25:00 GMT+0530 (India Standard Time)! Possible blocking IO or high CPU user at the same process used by node-cron.
[2026-09-30T04:34:54.317Z] [PID: 260] [32m[NODE-CRON][32m [33m[WARN][0m missed execution at Wed Sep 30 2026 00:30:00 GMT+0530 (India Standard Time)! Possible blocking IO or high CPU user at the same process used by node-cron.
[2026-09-30T04:34:54.323Z] [PID: 260] [32m[NODE-CRON][32m [33m[WARN][0m missed execution at Wed Sep 30 2026 00:35:00 GMT+0530 (India Standard Time)! Possible blocking IO or high CPU user at the same process used by node-cron.
[2026-09-30T04:34:54.329Z] [PID: 260] [32m[NODE-CRON][32m [33m[WARN][0m missed execution at Wed Sep 30 2026 00:40:00 GMT+0530 (India Standard Time)! Possible blocking IO or high CPU user at the same process used by node-cron.
[2026-09-30T04:34:54.334Z] [PID: 260] [32m[NODE-CRON][32m [33m[WARN][0m missed execution at Wed Sep 30 2026 00:45:00 GMT+0530 (India Standard Time)! Possible blocking IO or high CPU user at the same process used by node-cron.
[2026-09-30T04:34:54.340Z] [PID: 260] [32m[NODE-CRON][32m [33m[WARN][0m missed execution at Wed Sep 30 2026 00:50:00 GMT+0530 (India Standard Time)! Possible blocking IO or high CPU user at the same process used by node-cron.
[2026-09-30T04:34:54.346Z] [PID: 260] [32m[NODE-CRON][32m [33m[WARN][0m missed execution at Wed Sep 30 2026 00:55:00 GMT+0530 (India Standard Time)! Possible blocking IO or high CPU user at the same process used by node-cron.
[2026-09-30T04:34:54.353Z] [PID: 260] [32m[NODE-CRON][32m [33m[WARN][0m missed execution at Wed Sep 30 2026 01:00:00 GMT+0530 (India Standard Time)! Possible blocking IO or high CPU user at the same process used by node-cron.
[2026-09-30T04:34:54.358Z] [PID: 260] [32m[NODE-CRON][32m [33m[WARN][0m missed execution at Wed Sep 30 2026 01:05:00 GMT+0530 (India Standard Time)! Possible blocking IO or high CPU user at the same process used by node-cron.
[2026-09-30T04:34:54.364Z] [PID: 260] [32m[NODE-CRON][32m [33m[WARN][0m missed execution at Wed Sep 30 2026 01:10:00 GMT+0530 (India Standard Time)! Possible blocking IO or high CPU user at the same process used by node-cron.
[2026-09-30T04:34:54.369Z] [PID: 260] [32m[NODE-CRON][32m [33m[WARN][0m missed execution at Wed Sep 30 2026 01:15:00 GMT+0530 (India Standard Time)! Possible blocking IO or high CPU user at the same process used by node-cron.
[2026-09-30T04:34:54.375Z] [PID: 260] [32m[NODE-CRON][32m [33m[WARN][0m missed execution at Wed Sep 30 2026 01:20:00 GMT+0530 (India Standard Time)! Possible blocking IO or high CPU user at the same process used by node-cron.
[2026-09-30T04:34:54.380Z] [PID: 260] [32m[NODE-CRON][32m [33m[WARN][0m missed execution at Wed Sep 30 2026 01:25:00 GMT+0530 (India Standard Time)! Possible blocking IO or high CPU user at the same process used by node-cron.
[2026-09-30T04:34:54.386Z] [PID: 260] [32m[NODE-CRON][32m [33m[WARN][0m missed execution at Wed Sep 30 2026 01:30:00 GMT+0530 (India Standard Time)! Possible blocking IO or high CPU user at the same process used by node-cron.
[2026-09-30T04:34:54.392Z] [PID: 260] [32m[NODE-CRON][32m [33m[WARN][0m missed execution at Wed Sep 30 2026 01:35:00 GMT+0530 (India Standard Time)! Possible blocking IO or high CPU user at the same process used by node-cron.
[2026-09-30T04:34:54.408Z] [PID: 260] [32m[NODE-CRON][32m [33m[WARN][0m missed execution at Wed Sep 30 2026 01:40:00 GMT+0530 (India Standard Time)! Possible blocking IO or high CPU user at the same process used by node-cron.
[2026-09-30T04:34:54.413Z] [PID: 260] [32m[NODE-CRON][32m [33m[WARN][0m missed execution at Wed Sep 30 2026 01:45:00 GMT+0530 (India Standard Time)! Possible blocking IO or high CPU user at the same process used by node-cron.
[2026-09-30T04:34:54.418Z] [PID: 260] [32m[NODE-CRON][32m [33m[WARN][0m missed execution at Wed Sep 30 2026 01:50:00 GMT+0530 (India Standard Time)! Possible blocking IO or high CPU user at the same process used by node-cron.
[2026-09-30T04:34:54.422Z] [PID: 260] [32m[NODE-CRON][32m [33m[WARN][0m missed execution at Wed Sep 30 2026 01:55:00 GMT+0530 (India Standard Time)! Possible blocking IO or high CPU user at the same process used by node-cron.
[2026-09-30T04:34:54.427Z] [PID: 260] [32m[NODE-CRON][32m [33m[WARN][0m missed execution at Wed Sep 30 2026 02:00:00 GMT+0530 (India Standard Time)! Possible blocking IO or high CPU user at the same process used by node-cron.
[2026-09-30T04:34:54.432Z] [PID: 260] [32m[NODE-CRON][32m [33m[WARN][0m missed execution at Wed Sep 30 2026 02:05:00 GMT+0530 (India Standard Time)! Possible blocking IO or high CPU user at the same process used by node-cron.
[2026-09-30T04:34:54.436Z] [PID: 260] [32m[NODE-CRON][32m [33m[WARN][0m missed execution at Wed Sep 30 2026 02:10:00 GMT+0530 (India Standard Time)! Possible blocking IO or high CPU user at the same process used by node-cron.
[2026-09-30T04:34:54.442Z] [PID: 260] [32m[NODE-CRON][32m [33m[WARN][0m missed execution at Wed Sep 30 2026 02:15:00 GMT+0530 (India Standard Time)! Possible blocking IO or high CPU user at the same process used by node-cron.
[2026-09-30T04:34:54.447Z] [PID: 260] [32m[NODE-CRON][32m [33m[WARN][0m missed execution at Wed Sep 30 2026 02:20:00 GMT+0530 (India Standard Time)! Possible blocking IO or high CPU user at the same process used by node-cron.
[2026-09-30T04:34:54.452Z] [PID: 260] [32m[NODE-CRON][32m [33m[WARN][0m missed execution at Wed Sep 30 2026 02:25:00 GMT+0530 (India Standard Time)! Possible blocking IO or high CPU user at the same process used by node-cron.
[2026-09-30T04:34:54.457Z] [PID: 260] [32m[NODE-CRON][32m [33m[WARN][0m missed execution at Wed Sep 30 2026 02:30:00 GMT+0530 (India Standard Time)! Possible blocking IO or high CPU user at the same process used by node-cron.
[2026-09-30T04:34:54.463Z] [PID: 260] [32m[NODE-CRON][32m [33m[WARN][0m missed execution at Wed Sep 30 2026 02:35:00 GMT+0530 (India Standard Time)! Possible blocking IO or high CPU user at the same process used by node-cron.
[2026-09-30T04:34:54.468Z] [PID: 260] [32m[NODE-CRON][32m [33m[WARN][0m missed execution at Wed Sep 30 2026 02:40:00 GMT+0530 (India Standard Time)! Possible blocking IO or high CPU user at the same process used by node-cron.
[2026-09-30T04:34:54.473Z] [PID: 260] [32m[NODE-CRON][32m [33m[WARN][0m missed execution at Wed Sep 30 2026 02:45:00 GMT+0530 (India Standard Time)! Possible blocking IO or high CPU user at the same process used by node-cron.
[2026-09-30T04:34:54.479Z] [PID: 260] [32m[NODE-CRON][32m [33m[WARN][0m missed execution at Wed Sep 30 2026 02:50:00 GMT+0530 (India Standard Time)! Possible blocking IO or high CPU user at the same process used by node-cron.
[2026-09-30T04:34:54.484Z] [PID: 260] [32m[NODE-CRON][32m [33m[WARN][0m missed execution at Wed Sep 30 2026 02:55:00 GMT+0530 (India Standard Time)! Possible blocking IO or high CPU user at the same process used by node-cron.
[2026-09-30T04:34:54.490Z] [PID: 260] [32m[NODE-CRON][32m [33m[WARN][0m missed execution at Wed Sep 30 2026 03:00:00 GMT+0530 (India Standard Time)! Possible blocking IO or high CPU user at the same process used by node-cron.
[2026-09-30T04:34:54.496Z] [PID: 260] [32m[NODE-CRON][32m [33m[WARN][0m missed execution at Wed Sep 30 2026 03:05:00 GMT+0530 (India Standard Time)! Possible blocking IO or high CPU user at the same process used by node-cron.
[2026-09-30T04:34:54.501Z] [PID: 260] [32m[NODE-CRON][32m [33m[WARN][0m missed execution at Wed Sep 30 2026 03:10:00 GMT+0530 (India Standard Time)! Possible blocking IO or high CPU user at the same process used by node-cron.
[2026-09-30T04:34:54.507Z] [PID: 260] [32m[NODE-CRON][32m [33m[WARN][0m missed execution at Wed Sep 30 2026 03:15:00 GMT+0530 (India Standard Time)! Possible blocking IO or high CPU user at the same process used by node-cron.
[2026-09-30T04:34:54.512Z] [PID: 260] [32m[NODE-CRON][32m [33m[WARN][0m missed execution at Wed Sep 30 2026 03:20:00 GMT+0530 (India Standard Time)! Possible blocking IO or high CPU user at the same process used by node-cron.
[2026-09-30T04:34:54.518Z] [PID: 260] [32m[NODE-CRON][32m [33m[WARN][0m missed execution at Wed Sep 30 2026 03:25:00 GMT+0530 (India Standard Time)! Possible blocking IO or high CPU user at the same process used by node-cron.
[2026-09-30T04:34:54.523Z] [PID: 260] [32m[NODE-CRON][32m [33m[WARN][0m missed execution at Wed Sep 30 2026 03:30:00 GMT+0530 (India Standard Time)! Possible blocking IO or high CPU user at the same process used by node-cron.
[2026-09-30T04:34:54.528Z] [PID: 260] [32m[NODE-CRON][32m [33m[WARN][0m missed execution at Wed Sep 30 2026 03:35:00 GMT+0530 (India Standard Time)! Possible blocking IO or high CPU user at the same process used by node-cron.
[2026-09-30T04:34:54.533Z] [PID: 260] [32m[NODE-CRON][32m [33m[WARN][0m missed execution at Wed Sep 30 2026 03:40:00 GMT+0530 (India Standard Time)! Possible blocking IO or high CPU user at the same process used by node-cron.
[2026-09-30T04:34:54.537Z] [PID: 260] [32m[NODE-CRON][32m [33m[WARN][0m missed execution at Wed Sep 30 2026 03:45:00 GMT+0530 (India Standard Time)! Possible blocking IO or high CPU user at the same process used by node-cron.
[2026-09-30T04:34:54.542Z] [PID: 260] [32m[NODE-CRON][32m [33m[WARN][0m missed execution at Wed Sep 30 2026 03:50:00 GMT+0530 (India Standard Time)! Possible blocking IO or high CPU user at the same process used by node-cron.
[2026-09-30T04:34:54.548Z] [PID: 260] [32m[NODE-CRON][32m [33m[WARN][0m missed execution at Wed Sep 30 2026 03:55:00 GMT+0530 (India Standard Time)! Possible blocking IO or high CPU user at the same process used by node-cron.
[2026-09-30T04:34:54.557Z] [PID: 260] [32m[NODE-CRON][32m [33m[WARN][0m missed execution at Wed Sep 30 2026 04:00:00 GMT+0530 (India Standard Time)! Possible blocking IO or high CPU user at the same process used by node-cron.
[2026-09-30T04:34:54.561Z] [PID: 260] [32m[NODE-CRON][32m [33m[WARN][0m missed execution at Wed Sep 30 2026 04:05:00 GMT+0530 (India Standard Time)! Possible blocking IO or high CPU user at the same process used by node-cron.
[2026-09-30T04:34:54.565Z] [PID: 260] [32m[NODE-CRON][32m [33m[WARN][0m missed execution at Wed Sep 30 2026 04:10:00 GMT+0530 (India Standard Time)! Possible blocking IO or high CPU user at the same process used by node-cron.
[2026-09-30T04:34:54.569Z] [PID: 260] [32m[NODE-CRON][32m [33m[WARN][0m missed execution at Wed Sep 30 2026 04:15:00 GMT+0530 (India Standard Time)! Possible blocking IO or high CPU user at the same process used by node-cron.
[2026-09-30T04:34:54.573Z] [PID: 260] [32m[NODE-CRON][32m [33m[WARN][0m missed execution at Wed Sep 30 2026 04:20:00 GMT+0530 (India Standard Time)! Possible blocking IO or high CPU user at the same process used by node-cron.
[2026-09-30T04:34:54.577Z] [PID: 260] [32m[NODE-CRON][32m [33m[WARN][0m missed execution at Wed Sep 30 2026 04:25:00 GMT+0530 (India Standard Time)! Possible blocking IO or high CPU user at the same process used by node-cron.
[2026-09-30T04:34:54.581Z] [PID: 260] [32m[NODE-CRON][32m [33m[WARN][0m missed execution at Wed Sep 30 2026 04:30:00 GMT+0530 (India Standard Time)! Possible blocking IO or high CPU user at the same process used by node-cron.
[2026-09-30T04:34:54.585Z] [PID: 260] [32m[NODE-CRON][32m [33m[WARN][0m missed execution at Wed Sep 30 2026 04:35:00 GMT+0530 (India Standard Time)! Possible blocking IO or high CPU user at the same process used by node-cron.
[2026-09-30T04:34:54.589Z] [PID: 260] [32m[NODE-CRON][32m [33m[WARN][0m missed execution at Wed Sep 30 2026 04:40:00 GMT+0530 (India Standard Time)! Possible blocking IO or high CPU user at the same process used by node-cron.
[2026-09-30T04:34:54.593Z] [PID: 260] [32m[NODE-CRON][32m [33m[WARN][0m missed execution at Wed Sep 30 2026 04:45:00 GMT+0530 (India Standard Time)! Possible blocking IO or high CPU user at the same process used by node-cron.
[2026-09-30T04:34:54.597Z] [PID: 260] [32m[NODE-CRON][32m [33m[WARN][0m missed execution at Wed Sep 30 2026 04:50:00 GMT+0530 (India Standard Time)! Possible blocking IO or high CPU user at the same process used by node-cron.
[2026-09-30T04:34:54.603Z] [PID: 260] [32m[NODE-CRON][32m [33m[WARN][0m missed execution at Wed Sep 30 2026 04:55:00 GMT+0530 (India Standard Time)! Possible blocking IO or high CPU user at the same process used by node-cron.
[2026-09-30T04:34:54.608Z] [PID: 260] [32m[NODE-CRON][32m [33m[WARN][0m missed execution at Wed Sep 30 2026 05:00:00 GMT+0530 (India Standard Time)! Possible blocking IO or high CPU user at the same process used by node-cron.
[2026-09-30T04:34:54.624Z] [PID: 260] [32m[NODE-CRON][32m [33m[WARN][0m missed execution at Wed Sep 30 2026 05:05:00 GMT+0530 (India Standard Time)! Possible blocking IO or high CPU user at the same process used by node-cron.
[2026-09-30T04:34:54.629Z] [PID: 260] [32m[NODE-CRON][32m [33m[WARN][0m missed execution at Wed Sep 30 2026 05:10:00 GMT+0530 (India Standard Time)! Possible blocking IO or high CPU user at the same process used by node-cron.
[2026-09-30T04:34:54.635Z] [PID: 260] [32m[NODE-CRON][32m [33m[WARN][0m missed execution at Wed Sep 30 2026 05:15:00 GMT+0530 (India Standard Time)! Possible blocking IO or high CPU user at the same process used by node-cron.
[2026-09-30T04:34:54.640Z] [PID: 260] [32m[NODE-CRON][32m [33m[WARN][0m missed execution at Wed Sep 30 2026 05:20:00 GMT+0530 (India Standard Time)! Possible blocking IO or high CPU user at the same process used by node-cron.
[2026-09-30T04:34:54.647Z] [PID: 260] [32m[NODE-CRON][32m [33m[WARN][0m missed execution at Wed Sep 30 2026 05:25:00 GMT+0530 (India Standard Time)! Possible blocking IO or high CPU user at the same process used by node-cron.
[2026-09-30T04:34:54.655Z] [PID: 260] [32m[NODE-CRON][32m [33m[WARN][0m missed execution at Wed Sep 30 2026 05:30:00 GMT+0530 (India Standard Time)! Possible blocking IO or high CPU user at the same process used by node-cron.
[2026-09-30T04:34:54.660Z] [PID: 260] [32m[NODE-CRON][32m [33m[WARN][0m missed execution at Wed Sep 30 2026 05:35:00 GMT+0530 (India Standard Time)! Possible blocking IO or high CPU user at the same process used by node-cron.
[2026-09-30T04:34:54.666Z] [PID: 260] [32m[NODE-CRON][32m [33m[WARN][0m missed execution at Wed Sep 30 2026 05:40:00 GMT+0530 (India Standard Time)! Possible blocking IO or high CPU user at the same process used by node-cron.
[2026-09-30T04:34:54.671Z] [PID: 260] [32m[NODE-CRON][32m [33m[WARN][0m missed execution at Wed Sep 30 2026 05:45:00 GMT+0530 (India Standard Time)! Possible blocking IO or high CPU user at the same process used by node-cron.
[2026-09-30T04:34:54.676Z] [PID: 260] [32m[NODE-CRON][32m [33m[WARN][0m missed execution at Wed Sep 30 2026 05:50:00 GMT+0530 (India Standard Time)! Possible blocking IO or high CPU user at the same process used by node-cron.
[2026-09-30T04:34:54.682Z] [PID: 260] [32m[NODE-CRON][32m [33m[WARN][0m missed execution at Wed Sep 30 2026 05:55:00 GMT+0530 (India Standard Time)! Possible blocking IO or high CPU user at the same process used by node-cron.
[2026-09-30T04:34:54.689Z] [PID: 260] [32m[NODE-CRON][32m [33m[WARN][0m missed execution at Wed Sep 30 2026 06:00:00 GMT+0530 (India Standard Time)! Possible blocking IO or high CPU user at the same process used by node-cron.
[2026-09-30T04:34:54.694Z] [PID: 260] [32m[NODE-CRON][32m [33m[WARN][0m missed execution at Wed Sep 30 2026 06:05:00 GMT+0530 (India Standard Time)! Possible blocking IO or high CPU user at the same process used by node-cron.
[2026-09-30T04:34:54.700Z] [PID: 260] [32m[NODE-CRON][32m [33m[WARN][0m missed execution at Wed Sep 30 2026 06:10:00 GMT+0530 (India Standard Time)! Possible blocking IO or high CPU user at the same process used by node-cron.
[2026-09-30T04:34:54.705Z] [PID: 260] [32m[NODE-CRON][32m [33m[WARN][0m missed execution at Wed Sep 30 2026 06:15:00 GMT+0530 (India Standard Time)! Possible blocking IO or high CPU user at the same process used by node-cron.
[2026-09-30T04:34:54.712Z] [PID: 260] [32m[NODE-CRON][32m [33m[WARN][0m missed execution at Wed Sep 30 2026 06:20:00 GMT+0530 (India Standard Time)! Possible blocking IO or high CPU user at the same process used by node-cron.
[2026-09-30T04:34:54.718Z] [PID: 260] [32m[NODE-CRON][32m [33m[WARN][0m missed execution at Wed Sep 30 2026 06:25:00 GMT+0530 (India Standard Time)! Possible blocking IO or high CPU user at the same process used by node-cron.
[2026-09-30T04:34:54.724Z] [PID: 260] [32m[NODE-CRON][32m [33m[WARN][0m missed execution at Wed Sep 30 2026 06:30:00 GMT+0530 (India Standard Time)! Possible blocking IO or high CPU user at the same process used by node-cron.
[2026-09-30T04:34:54.731Z] [PID: 260] [32m[NODE-CRON][32m [33m[WARN][0m missed execution at Wed Sep 30 2026 06:35:00 GMT+0530 (India Standard Time)! Possible blocking IO or high CPU user at the same process used by node-cron.
[2026-09-30T04:34:54.736Z] [PID: 260] [32m[NODE-CRON][32m [33m[WARN][0m missed execution at Wed Sep 30 2026 06:40:00 GMT+0530 (India Standard Time)! Possible blocking IO or high CPU user at the same process used by node-cron.
[2026-09-30T04:34:54.741Z] [PID: 260] [32m[NODE-CRON][32m [33m[WARN][0m missed execution at Wed Sep 30 2026 06:45:00 GMT+0530 (India Standard Time)! Possible blocking IO or high CPU user at the same process used by node-cron.
[2026-09-30T04:34:54.747Z] [PID: 260] [32m[NODE-CRON][32m [33m[WARN][0m missed execution at Wed Sep 30 2026 06:50:00 GMT+0530 (India Standard Time)! Possible blocking IO or high CPU user at the same process used by node-cron.
[2026-09-30T04:34:54.752Z] [PID: 260] [32m[NODE-CRON][32m [33m[WARN][0m missed execution at Wed Sep 30 2026 06:55:00 GMT+0530 (India Standard Time)! Possible blocking IO or high CPU user at the same process used by node-cron.
[2026-09-30T04:34:54.758Z] [PID: 260] [32m[NODE-CRON][32m [33m[WARN][0m missed execution at Wed Sep 30 2026 07:00:00 GMT+0530 (India Standard Time)! Possible blocking IO or high CPU user at the same process used by node-cron.
[2026-09-30T04:34:54.764Z] [PID: 260] [32m[NODE-CRON][32m [33m[WARN][0m missed execution at Wed Sep 30 2026 07:05:00 GMT+0530 (India Standard Time)! Possible blocking IO or high CPU user at the same process used by node-cron.
[2026-09-30T04:34:54.769Z] [PID: 260] [32m[NODE-CRON][32m [33m[WARN][0m missed execution at Wed Sep 30 2026 07:10:00 GMT+0530 (India Standard Time)! Possible blocking IO or high CPU user at the same process used by node-cron.
[2026-09-30T04:34:54.775Z] [PID: 260] [32m[NODE-CRON][32m [33m[WARN][0m missed execution at Wed Sep 30 2026 07:15:00 GMT+0530 (India Standard Time)! Possible blocking IO or high CPU user at the same process used by node-cron.
[2026-09-30T04:34:54.780Z] [PID: 260] [32m[NODE-CRON][32m [33m[WARN][0m missed execution at Wed Sep 30 2026 07:20:00 GMT+0530 (India Standard Time)! Possible blocking IO or high CPU user at the same process used by node-cron.
[2026-09-30T04:34:54.788Z] [PID: 260] [32m[NODE-CRON][32m [33m[WARN][0m missed execution at Wed Sep 30 2026 07:25:00 GMT+0530 (India Standard Time)! Possible blocking IO or high CPU user at the same process used by node-cron.
[2026-09-30T04:34:54.793Z] [PID: 260] [32m[NODE-CRON][32m [33m[WARN][0m missed execution at Wed Sep 30 2026 07:30:00 GMT+0530 (India Standard Time)! Possible blocking IO or high CPU user at the same process used by node-cron.
[2026-09-30T04:34:54.799Z] [PID: 260] [32m[NODE-CRON][32m [33m[WARN][0m missed execution at Wed Sep 30 2026 07:35:00 GMT+0530 (India Standard Time)! Possible blocking IO or high CPU user at the same process used by node-cron.
[2026-09-30T04:34:54.806Z] [PID: 260] [32m[NODE-CRON][32m [33m[WARN][0m missed execution at Wed Sep 30 2026 07:40:00 GMT+0530 (India Standard Time)! Possible blocking IO or high CPU user at the same process used by node-cron.
[2026-09-30T04:34:54.812Z] [PID: 260] [32m[NODE-CRON][32m [33m[WARN][0m missed execution at Wed Sep 30 2026 07:45:00 GMT+0530 (India Standard Time)! Possible blocking IO or high CPU user at the same process used by node-cron.
[2026-09-30T04:34:54.819Z] [PID: 260] [32m[NODE-CRON][32m [33m[WARN][0m missed execution at Wed Sep 30 2026 07:50:00 GMT+0530 (India Standard Time)! Possible blocking IO or high CPU user at the same process used by node-cron.
[2026-09-30T04:34:54.824Z] [PID: 260] [32m[NODE-CRON][32m [33m[WARN][0m missed execution at Wed Sep 30 2026 07:55:00 GMT+0530 (India Standard Time)! Possible blocking IO or high CPU user at the same process used by node-cron.
[2026-09-30T04:34:54.830Z] [PID: 260] [32m[NODE-CRON][32m [33m[WARN][0m missed execution at Wed Sep 30 2026 08:00:00 GMT+0530 (India Standard Time)! Possible blocking IO or high CPU user at the same process used by node-cron.
[2026-09-30T04:34:54.835Z] [PID: 260] [32m[NODE-CRON][32m [33m[WARN][0m missed execution at Wed Sep 30 2026 08:05:00 GMT+0530 (India Standard Time)! Possible blocking IO or high CPU user at the same process used by node-cron.
[2026-09-30T04:34:54.842Z] [PID: 260] [32m[NODE-CRON][32m [33m[WARN][0m missed execution at Wed Sep 30 2026 08:10:00 GMT+0530 (India Standard Time)! Possible blocking IO or high CPU user at the same process used by node-cron.
[2026-09-30T04:34:54.848Z] [PID: 260] [32m[NODE-CRON][32m [33m[WARN][0m missed execution at Wed Sep 30 2026 08:15:00 GMT+0530 (India Standard Time)! Possible blocking IO or high CPU user at the same process used by node-cron.
[2026-09-30T04:34:54.858Z] [PID: 260] [32m[NODE-CRON][32m [33m[WARN][0m missed execution at Wed Sep 30 2026 08:20:00 GMT+0530 (India Standard Time)! Possible blocking IO or high CPU user at the same process used by node-cron.
[2026-09-30T04:34:54.864Z] [PID: 260] [32m[NODE-CRON][32m [33m[WARN][0m missed execution at Wed Sep 30 2026 08:25:00 GMT+0530 (India Standard Time)! Possible blocking IO or high CPU user at the same process used by node-cron.
[2026-09-30T04:34:54.871Z] [PID: 260] [32m[NODE-CRON][32m [33m[WARN][0m missed execution at Wed Sep 30 2026 08:30:00 GMT+0530 (India Standard Time)! Possible blocking IO or high CPU user at the same process used by node-cron.
[2026-09-30T04:34:54.888Z] [PID: 260] [32m[NODE-CRON][32m [33m[WARN][0m missed execution at Wed Sep 30 2026 08:35:00 GMT+0530 (India Standard Time)! Possible blocking IO or high CPU user at the same process used by node-cron.
[2026-09-30T04:34:54.894Z] [PID: 260] [32m[NODE-CRON][32m [33m[WARN][0m missed execution at Wed Sep 30 2026 08:40:00 GMT+0530 (India Standard Time)! Possible blocking IO or high CPU user at the same process used by node-cron.
[2026-09-30T04:34:54.899Z] [PID: 260] [32m[NODE-CRON][32m [33m[WARN][0m missed execution at Wed Sep 30 2026 08:45:00 GMT+0530 (India Standard Time)! Possible blocking IO or high CPU user at the same process used by node-cron.
[2026-09-30T04:34:54.903Z] [PID: 260] [32m[NODE-CRON][32m [33m[WARN][0m missed execution at Wed Sep 30 2026 08:50:00 GMT+0530 (India Standard Time)! Possible blocking IO or high CPU user at the same process used by node-cron.
[2026-09-30T04:34:54.909Z] [PID: 260] [32m[NODE-CRON][32m [33m[WARN][0m missed execution at Wed Sep 30 2026 08:55:00 GMT+0530 (India Standard Time)! Possible blocking IO or high CPU user at the same process used by node-cron.
[2026-09-30T04:34:54.915Z] [PID: 260] [32m[NODE-CRON][32m [33m[WARN][0m missed execution at Wed Sep 30 2026 09:00:00 GMT+0530 (India Standard Time)! Possible blocking IO or high CPU user at the same process used by node-cron.
[2026-09-30T04:34:54.920Z] [PID: 260] [32m[NODE-CRON][32m [33m[WARN][0m missed execution at Wed Sep 30 2026 09:05:00 GMT+0530 (India Standard Time)! Possible blocking IO or high CPU user at the same process used by node-cron.
[2026-09-30T04:34:54.926Z] [PID: 260] [32m[NODE-CRON][32m [33m[WARN][0m missed execution at Wed Sep 30 2026 09:10:00 GMT+0530 (India Standard Time)! Possible blocking IO or high CPU user at the same process used by node-cron.
[2026-09-30T04:34:54.932Z] [PID: 260] [32m[NODE-CRON][32m [33m[WARN][0m missed execution at Wed Sep 30 2026 09:15:00 GMT+0530 (India Standard Time)! Possible blocking IO or high CPU user at the same process used by node-cron.
[2026-09-30T04:34:54.939Z] [PID: 260] [32m[NODE-CRON][32m [33m[WARN][0m missed execution at Wed Sep 30 2026 09:20:00 GMT+0530 (India Standard Time)! Possible blocking IO or high CPU user at the same process used by node-cron.
[2026-09-30T04:34:54.945Z] [PID: 260] [32m[NODE-CRON][32m [33m[WARN][0m missed execution at Wed Sep 30 2026 09:25:00 GMT+0530 (India Standard Time)! Possible blocking IO or high CPU user at the same process used by node-cron.
[2026-09-30T04:34:54.951Z] [PID: 260] [32m[NODE-CRON][32m [33m[WARN][0m missed execution at Wed Sep 30 2026 09:30:00 GMT+0530 (India Standard Time)! Possible blocking IO or high CPU user at the same process used by node-cron.
[2026-09-30T04:34:54.957Z] [PID: 260] [32m[NODE-CRON][32m [33m[WARN][0m missed execution at Wed Sep 30 2026 09:35:00 GMT+0530 (India Standard Time)! Possible blocking IO or high CPU user at the same process used by node-cron.
[2026-09-30T04:34:54.962Z] [PID: 260] [32m[NODE-CRON][32m [33m[WARN][0m missed execution at Wed Sep 30 2026 09:40:00 GMT+0530 (India Standard Time)! Possible blocking IO or high CPU user at the same process used by node-cron.
[2026-09-30T04:34:54.967Z] [PID: 260] [32m[NODE-CRON][32m [33m[WARN][0m missed execution at Wed Sep 30 2026 09:45:00 GMT+0530 (India Standard Time)! Possible blocking IO or high CPU user at the same process used by node-cron.
[2026-09-30T04:34:54.973Z] [PID: 260] [32m[NODE-CRON][32m [33m[WARN][0m missed execution at Wed Sep 30 2026 09:50:00 GMT+0530 (India Standard Time)! Possible blocking IO or high CPU user at the same process used by node-cron.
[2026-09-30T04:34:54.980Z] [PID: 260] [32m[NODE-CRON][32m [33m[WARN][0m missed execution at Wed Sep 30 2026 09:55:00 GMT+0530 (India Standard Time)! Possible blocking IO or high CPU user at the same process used by node-cron.
[2026-09-30T04:34:54.987Z] [PID: 260] [32m[NODE-CRON][32m [33m[WARN][0m missed execution at Wed Sep 30 2026 10:00:00 GMT+0530 (India Standard Time)! Possible blocking IO or high CPU user at the same process used by node-cron.
[2026-09-30T04:34:55.001Z] [PID: 260] [32m[NODE-CRON][32m [33m[WARN][0m missed execution at Tue Sep 29 2026 21:15:00 GMT+0530 (India Standard Time)! Possible blocking IO or high CPU user at the same process used by node-cron.
[2026-09-30T04:34:55.007Z] [PID: 260] [32m[NODE-CRON][32m [33m[WARN][0m missed execution at Tue Sep 29 2026 21:16:00 GMT+0530 (India Standard Time)! Possible blocking IO or high CPU user at the same process used by node-cron.
[2026-09-30T04:34:55.013Z] [PID: 260] [32m[NODE-CRON][32m [33m[WARN][0m missed execution at Tue Sep 29 2026 21:17:00 GMT+0530 (India Standard Time)! Possible blocking IO or high CPU user at the same process used by node-cron.
[2026-09-30T04:34:55.019Z] [PID: 260] [32m[NODE-CRON][32m [33m[WARN][0m missed execution at Tue Sep 29 2026 21:18:00 GMT+0530 (India Standard Time)! Possible blocking IO or high CPU user at the same process used by node-cron.
[2026-09-30T04:34:55.025Z] [PID: 260] [32m[NODE-CRON][32m [33m[WARN][0m missed execution at Tue Sep 29 2026 21:19:00 GMT+0530 (India Standard Time)! Possible blocking IO or high CPU user at the same process used by node-cron.
[2026-09-30T04:34:55.030Z] [PID: 260] [32m[NODE-CRON][32m [33m[WARN][0m missed execution at Tue Sep 29 2026 21:20:00 GMT+0530 (India Standard Time)! Possible blocking IO or high CPU user at the same process used by node-cron.
[2026-09-30T04:34:55.036Z] [PID: 260] [32m[NODE-CRON][32m [33m[WARN][0m missed execution at Tue Sep 29 2026 21:21:00 GMT+0530 (India Standard Time)! Possible blocking IO or high CPU user at the same process used by node-cron.
[2026-09-30T04:34:55.043Z] [PID: 260] [32m[NODE-CRON][32m [33m[WARN][0m missed execution at Tue Sep 29 2026 21:22:00 GMT+0530 (India Standard Time)! Possible blocking IO or high CPU user at the same process used by node-cron.
[2026-09-30T04:34:55.049Z] [PID: 260] [32m[NODE-CRON][32m [33m[WARN][0m missed execution at Tue Sep 29 2026 21:23:00 GMT+0530 (India Standard Time)! Possible blocking IO or high CPU user at the same process used by node-cron.
[2026-09-30T04:34:55.055Z] [PID: 260] [32m[NODE-CRON][32m [33m[WARN][0m missed execution at Tue Sep 29 2026 21:24:00 GMT+0530 (India Standard Time)! Possible blocking IO or high CPU user at the same process used by node-cron.
[2026-09-30T04:34:55.061Z] [PID: 260] [32m[NODE-CRON][32m [33m[WARN][0m missed execution at Tue Sep 29 2026 21:25:00 GMT+0530 (India Standard Time)! Possible blocking IO or high CPU user at the same process used by node-cron.
[2026-09-30T04:34:55.065Z] [PID: 260] [32m[NODE-CRON][32m [33m[WARN][0m missed execution at Tue Sep 29 2026 21:26:00 GMT+0530 (India Standard Time)! Possible blocking IO or high CPU user at the same process used by node-cron.
[2026-09-30T04:34:55.069Z] [PID: 260] [32m[NODE-CRON][32m [33m[WARN][0m missed execution at Tue Sep 29 2026 21:27:00 GMT+0530 (India Standard Time)! Possible blocking IO or high CPU user at the same process used by node-cron.
[2026-09-30T04:34:55.074Z] [PID: 260] [32m[NODE-CRON][32m [33m[WARN][0m missed execution at Tue Sep 29 2026 21:28:00 GMT+0530 (India Standard Time)! Possible blocking IO or high CPU user at the same process used by node-cron.
[2026-09-30T04:34:55.079Z] [PID: 260] [32m[NODE-CRON][32m [33m[WARN][0m missed execution at Tue Sep 29 2026 21:29:00 GMT+0530 (India Standard Time)! Possible blocking IO or high CPU user at the same process used by node-cron.
[2026-09-30T04:34:55.085Z] [PID: 260] [32m[NODE-CRON][32m [33m[WARN][0m missed execution at Tue Sep 29 2026 21:30:00 GMT+0530 (India Standard Time)! Possible blocking IO or high CPU user at the same process used by node-cron.
[2026-09-30T04:34:55.090Z] [PID: 260] [32m[NODE-CRON][32m [33m[WARN][0m missed execution at Tue Sep 29 2026 21:31:00 GMT+0530 (India Standard Time)! Possible blocking IO or high CPU user at the same process used by node-cron.
[2026-09-30T04:34:55.095Z] [PID: 260] [32m[NODE-CRON][32m [33m[WARN][0m missed execution at Tue Sep 29 2026 21:32:00 GMT+0530 (India Standard Time)! Possible blocking IO or high CPU user at the same process used by node-cron.
[2026-09-30T04:34:55.101Z] [PID: 260] [32m[NODE-CRON][32m [33m[WARN][0m missed execution at Tue Sep 29 2026 21:33:00 GMT+0530 (India Standard Time)! Possible blocking IO or high CPU user at the same process used by node-cron.
[2026-09-30T04:34:55.106Z] [PID: 260] [32m[NODE-CRON][32m [33m[WARN][0m missed execution at Tue Sep 29 2026 21:34:00 GMT+0530 (India Standard Time)! Possible blocking IO or high CPU user at the same process used by node-cron.
[2026-09-30T04:34:55.111Z] [PID: 260] [32m[NODE-CRON][32m [33m[WARN][0m missed execution at Tue Sep 29 2026 21:35:00 GMT+0530 (India Standard Time)! Possible blocking IO or high CPU user at the same process used by node-cron.
[2026-09-30T04:34:55.129Z] [PID: 260] [32m[NODE-CRON][32m [33m[WARN][0m missed execution at Tue Sep 29 2026 21:36:00 GMT+0530 (India Standard Time)! Possible blocking IO or high CPU user at the same process used by node-cron.
[2026-09-30T04:34:55.138Z] [PID: 260] [32m[NODE-CRON][32m [33m[WARN][0m missed execution at Tue Sep 29 2026 21:37:00 GMT+0530 (India Standard Time)! Possible blocking IO or high CPU user at the same process used by node-cron.
[2026-09-30T04:34:55.145Z] [PID: 260] [32m[NODE-CRON][32m [33m[WARN][0m missed execution at Tue Sep 29 2026 21:38:00 GMT+0530 (India Standard Time)! Possible blocking IO or high CPU user at the same process used by node-cron.
[2026-09-30T04:34:55.152Z] [PID: 260] [32m[NODE-CRON][32m [33m[WARN][0m missed execution at Tue Sep 29 2026 21:39:00 GMT+0530 (India Standard Time)! Possible blocking IO or high CPU user at the same process used by node-cron.
[2026-09-30T04:34:55.160Z] [PID: 260] [32m[NODE-CRON][32m [33m[WARN][0m missed execution at Tue Sep 29 2026 21:40:00 GMT+0530 (India Standard Time)! Possible blocking IO or high CPU user at the same process used by node-cron.
[2026-09-30T04:34:55.171Z] [PID: 260] [32m[NODE-CRON][32m [33m[WARN][0m missed execution at Tue Sep 29 2026 21:41:00 GMT+0530 (India Standard Time)! Possible blocking IO or high CPU user at the same process used by node-cron.
[2026-09-30T04:34:55.177Z] [PID: 260] [32m[NODE-CRON][32m [33m[WARN][0m missed execution at Tue Sep 29 2026 21:42:00 GMT+0530 (India Standard Time)! Possible blocking IO or high CPU user at the same process used by node-cron.
[2026-09-30T04:34:55.183Z] [PID: 260] [32m[NODE-CRON][32m [33m[WARN][0m missed execution at Tue Sep 29 2026 21:43:00 GMT+0530 (India Standard Time)! Possible blocking IO or high CPU user at the same process used by node-cron.
[2026-09-30T04:34:55.189Z] [PID: 260] [32m[NODE-CRON][32m [33m[WARN][0m missed execution at Tue Sep 29 2026 21:44:00 GMT+0530 (India Standard Time)! Possible blocking IO or high CPU user at the same process used by node-cron.
[2026-09-30T04:34:55.195Z] [PID: 260] [32m[NODE-CRON][32m [33m[WARN][0m missed execution at Tue Sep 29 2026 21:45:00 GMT+0530 (India Standard Time)! Possible blocking IO or high CPU user at the same process used by node-cron.
[2026-09-30T04:34:55.201Z] [PID: 260] [32m[NODE-CRON][32m [33m[WARN][0m missed execution at Tue Sep 29 2026 21:46:00 GMT+0530 (India Standard Time)! Possible blocking IO or high CPU user at the same process used by node-cron.
[2026-09-30T04:34:55.208Z] [PID: 260] [32m[NODE-CRON][32m [33m[WARN][0m missed execution at Tue Sep 29 2026 21:47:00 GMT+0530 (India Standard Time)! Possible blocking IO or high CPU user at the same process used by node-cron.
[2026-09-30T04:34:55.213Z] [PID: 260] [32m[NODE-CRON][32m [33m[WARN][0m missed execution at Tue Sep 29 2026 21:48:00 GMT+0530 (India Standard Time)! Possible blocking IO or high CPU user at the same process used by node-cron.
[2026-09-30T04:34:55.218Z] [PID: 260] [32m[NODE-CRON][32m [33m[WARN][0m missed execution at Tue Sep 29 2026 21:49:00 GMT+0530 (India Standard Time)! Possible blocking IO or high CPU user at the same process used by node-cron.
[2026-09-30T04:34:55.224Z] [PID: 260] [32m[NODE-CRON][32m [33m[WARN][0m missed execution at Tue Sep 29 2026 21:50:00 GMT+0530 (India Standard Time)! Possible blocking IO or high CPU user at the same process used by node-cron.
[2026-09-30T04:34:55.229Z] [PID: 260] [32m[NODE-CRON][32m [33m[WARN][0m missed execution at Tue Sep 29 2026 21:51:00 GMT+0530 (India Standard Time)! Possible blocking IO or high CPU user at the same process used by node-cron.
[2026-09-30T04:34:55.236Z] [PID: 260] [32m[NODE-CRON][32m [33m[WARN][0m missed execution at Tue Sep 29 2026 21:52:00 GMT+0530 (India Standard Time)! Possible blocking IO or high CPU user at the same process used by node-cron.
[2026-09-30T04:34:55.241Z] [PID: 260] [32m[NODE-CRON][32m [33m[WARN][0m missed execution at Tue Sep 29 2026 21:53:00 GMT+0530 (India Standard Time)! Possible blocking IO or high CPU user at the same process used by node-cron.
[2026-09-30T04:34:55.247Z] [PID: 260] [32m[NODE-CRON][32m [33m[WARN][0m missed execution at Tue Sep 29 2026 21:54:00 GMT+0530 (India Standard Time)! Possible blocking IO or high CPU user at the same process used by node-cron.
[2026-09-30T04:34:55.253Z] [PID: 260] [32m[NODE-CRON][32m [33m[WARN][0m missed execution at Tue Sep 29 2026 21:55:00 GMT+0530 (India Standard Time)! Possible blocking IO or high CPU user at the same process used by node-cron.
[2026-09-30T04:34:55.258Z] [PID: 260] [32m[NODE-CRON][32m [33m[WARN][0m missed execution at Tue Sep 29 2026 21:56:00 GMT+0530 (India Standard Time)! Possible blocking IO or high CPU user at the same process used by node-cron.
[2026-09-30T04:34:55.263Z] [PID: 260] [32m[NODE-CRON][32m [33m[WARN][0m missed execution at Tue Sep 29 2026 21:57:00 GMT+0530 (India Standard Time)! Possible blocking IO or high CPU user at the same process used by node-cron.
[2026-09-30T04:34:55.269Z] [PID: 260] [32m[NODE-CRON][32m [33m[WARN][0m missed execution at Tue Sep 29 2026 21:58:00 GMT+0530 (India Standard Time)! Possible blocking IO or high CPU user at the same process used by node-cron.
[2026-09-30T04:34:55.274Z] [PID: 260] [32m[NODE-CRON][32m [33m[WARN][0m missed execution at Tue Sep 29 2026 21:59:00 GMT+0530 (India Standard Time)! Possible blocking IO or high CPU user at the same process used by node-cron.
[2026-09-30T04:34:55.279Z] [PID: 260] [32m[NODE-CRON][32m [33m[WARN][0m missed execution at Tue Sep 29 2026 22:00:00 GMT+0530 (India Standard Time)! Possible blocking IO or high CPU user at the same process used by node-cron.
[2026-09-30T04:34:55.283Z] [PID: 260] [32m[NODE-CRON][32m [33m[WARN][0m missed execution at Tue Sep 29 2026 22:01:00 GMT+0530 (India Standard Time)! Possible blocking IO or high CPU user at the same process used by node-cron.
[2026-09-30T04:34:55.289Z] [PID: 260] [32m[NODE-CRON][32m [33m[WARN][0m missed execution at Tue Sep 29 2026 22:02:00 GMT+0530 (India Standard Time)! Possible blocking IO or high CPU user at the same process used by node-cron.
[2026-09-30T04:34:55.293Z] [PID: 260] [32m[NODE-CRON][32m [33m[WARN][0m missed execution at Tue Sep 29 2026 22:03:00 GMT+0530 (India Standard Time)! Possible blocking IO or high CPU user at the same process used by node-cron.
[2026-09-30T04:34:55.299Z] [PID: 260] [32m[NODE-CRON][32m [33m[WARN][0m missed execution at Tue Sep 29 2026 22:04:00 GMT+0530 (India Standard Time)! Possible blocking IO or high CPU user at the same process used by node-cron.
[2026-09-30T04:34:55.305Z] [PID: 260] [32m[NODE-CRON][32m [33m[WARN][0m missed execution at Tue Sep 29 2026 22:05:00 GMT+0530 (India Standard Time)! Possible blocking IO or high CPU user at the same process used by node-cron.
[2026-09-30T04:34:55.310Z] [PID: 260] [32m[NODE-CRON][32m [33m[WARN][0m missed execution at Tue Sep 29 2026 22:06:00 GMT+0530 (India Standard Time)! Possible blocking IO or high CPU user at the same process used by node-cron.
[2026-09-30T04:34:55.315Z] [PID: 260] [32m[NODE-CRON][32m [33m[WARN][0m missed execution at Tue Sep 29 2026 22:07:00 GMT+0530 (India Standard Time)! Possible blocking IO or high CPU user at the same process used by node-cron.
[2026-09-30T04:34:55.320Z] [PID: 260] [32m[NODE-CRON][32m [33m[WARN][0m missed execution at Tue Sep 29 2026 22:08:00 GMT+0530 (India Standard Time)! Possible blocking IO or high CPU user at the same process used by node-cron.
[2026-09-30T04:34:55.325Z] [PID: 260] [32m[NODE-CRON][32m [33m[WARN][0m missed execution at Tue Sep 29 2026 22:09:00 GMT+0530 (India Standard Time)! Possible blocking IO or high CPU user at the same process used by node-cron.
[2026-09-30T04:34:55.330Z] [PID: 260] [32m[NODE-CRON][32m [33m[WARN][0m missed execution at Tue Sep 29 2026 22:10:00 GMT+0530 (India Standard Time)! Possible blocking IO or high CPU user at the same process used by node-cron.
[2026-09-30T04:34:55.336Z] [PID: 260] [32m[NODE-CRON][32m [33m[WARN][0m missed execution at Tue Sep 29 2026 22:11:00 GMT+0530 (India Standard Time)! Possible blocking IO or high CPU user at the same process used by node-cron.
[2026-09-30T04:34:55.340Z] [PID: 260] [32m[NODE-CRON][32m [33m[WARN][0m missed execution at Tue Sep 29 2026 22:12:00 GMT+0530 (India Standard Time)! Possible blocking IO or high CPU user at the same process used by node-cron.
[2026-09-30T04:34:55.345Z] [PID: 260] [32m[NODE-CRON][32m [33m[WARN][0m missed execution at Tue Sep 29 2026 22:13:00 GMT+0530 (India Standard Time)! Possible blocking IO or high CPU user at the same process used by node-cron.
[2026-09-30T04:34:55.365Z] [PID: 260] [32m[NODE-CRON][32m [33m[WARN][0m missed execution at Tue Sep 29 2026 22:14:00 GMT+0530 (India Standard Time)! Possible blocking IO or high CPU user at the same process used by node-cron.
[2026-09-30T04:34:55.371Z] [PID: 260] [32m[NODE-CRON][32m [33m[WARN][0m missed execution at Tue Sep 29 2026 22:15:00 GMT+0530 (India Standard Time)! Possible blocking IO or high CPU user at the same process used by node-cron.
[2026-09-30T04:34:55.377Z] [PID: 260] [32m[NODE-CRON][32m [33m[WARN][0m missed execution at Tue Sep 29 2026 22:16:00 GMT+0530 (India Standard Time)! Possible blocking IO or high CPU user at the same process used by node-cron.
[2026-09-30T04:34:55.382Z] [PID: 260] [32m[NODE-CRON][32m [33m[WARN][0m missed execution at Tue Sep 29 2026 22:17:00 GMT+0530 (India Standard Time)! Possible blocking IO or high CPU user at the same process used by node-cron.
[2026-09-30T04:34:55.387Z] [PID: 260] [32m[NODE-CRON][32m [33m[WARN][0m missed execution at Tue Sep 29 2026 22:18:00 GMT+0530 (India Standard Time)! Possible blocking IO or high CPU user at the same process used by node-cron.
[2026-09-30T04:34:55.392Z] [PID: 260] [32m[NODE-CRON][32m [33m[WARN][0m missed execution at Tue Sep 29 2026 22:19:00 GMT+0530 (India Standard Time)! Possible blocking IO or high CPU user at the same process used by node-cron.
[2026-09-30T04:34:55.397Z] [PID: 260] [32m[NODE-CRON][32m [33m[WARN][0m missed execution at Tue Sep 29 2026 22:20:00 GMT+0530 (India Standard Time)! Possible blocking IO or high CPU user at the same process used by node-cron.
[2026-09-30T04:34:55.407Z] [PID: 260] [32m[NODE-CRON][32m [33m[WARN][0m missed execution at Tue Sep 29 2026 22:21:00 GMT+0530 (India Standard Time)! Possible blocking IO or high CPU user at the same process used by node-cron.
[2026-09-30T04:34:55.418Z] [PID: 260] [32m[NODE-CRON][32m [33m[WARN][0m missed execution at Tue Sep 29 2026 22:22:00 GMT+0530 (India Standard Time)! Possible blocking IO or high CPU user at the same process used by node-cron.
[2026-09-30T04:34:55.422Z] [PID: 260] [32m[NODE-CRON][32m [33m[WARN][0m missed execution at Tue Sep 29 2026 22:23:00 GMT+0530 (India Standard Time)! Possible blocking IO or high CPU user at the same process used by node-cron.
[2026-09-30T04:34:55.429Z] [PID: 260] [32m[NODE-CRON][32m [33m[WARN][0m missed execution at Tue Sep 29 2026 22:24:00 GMT+0530 (India Standard Time)! Possible blocking IO or high CPU user at the same process used by node-cron.
[2026-09-30T04:34:55.435Z] [PID: 260] [32m[NODE-CRON][32m [33m[WARN][0m missed execution at Tue Sep 29 2026 22:25:00 GMT+0530 (India Standard Time)! Possible blocking IO or high CPU user at the same process used by node-cron.
[2026-09-30T04:34:55.441Z] [PID: 260] [32m[NODE-CRON][32m [33m[WARN][0m missed execution at Tue Sep 29 2026 22:26:00 GMT+0530 (India Standard Time)! Possible blocking IO or high CPU user at the same process used by node-cron.
[2026-09-30T04:34:55.447Z] [PID: 260] [32m[NODE-CRON][32m [33m[WARN][0m missed execution at Tue Sep 29 2026 22:27:00 GMT+0530 (India Standard Time)! Possible blocking IO or high CPU user at the same process used by node-cron.
[2026-09-30T04:34:55.451Z] [PID: 260] [32m[NODE-CRON][32m [33m[WARN][0m missed execution at Tue Sep 29 2026 22:28:00 GMT+0530 (India Standard Time)! Possible blocking IO or high CPU user at the same process used by node-cron.
[2026-09-30T04:34:55.456Z] [PID: 260] [32m[NODE-CRON][32m [33m[WARN][0m missed execution at Tue Sep 29 2026 22:29:00 GMT+0530 (India Standard Time)! Possible blocking IO or high CPU user at the same process used by node-cron.
[2026-09-30T04:34:55.461Z] [PID: 260] [32m[NODE-CRON][32m [33m[WARN][0m missed execution at Tue Sep 29 2026 22:30:00 GMT+0530 (India Standard Time)! Possible blocking IO or high CPU user at the same process used by node-cron.
[2026-09-30T04:34:55.465Z] [PID: 260] [32m[NODE-CRON][32m [33m[WARN][0m missed execution at Tue Sep 29 2026 22:31:00 GMT+0530 (India Standard Time)! Possible blocking IO or high CPU user at the same process used by node-cron.
[2026-09-30T04:34:55.470Z] [PID: 260] [32m[NODE-CRON][32m [33m[WARN][0m missed execution at Tue Sep 29 2026 22:32:00 GMT+0530 (India Standard Time)! Possible blocking IO or high CPU user at the same process used by node-cron.
[2026-09-30T04:34:55.474Z] [PID: 260] [32m[NODE-CRON][32m [33m[WARN][0m missed execution at Tue Sep 29 2026 22:33:00 GMT+0530 (India Standard Time)! Possible blocking IO or high CPU user at the same process used by node-cron.
[2026-09-30T04:34:55.479Z] [PID: 260] [32m[NODE-CRON][32m [33m[WARN][0m missed execution at Tue Sep 29 2026 22:34:00 GMT+0530 (India Standard Time)! Possible blocking IO or high CPU user at the same process used by node-cron.
[2026-09-30T04:34:55.489Z] [PID: 260] [32m[NODE-CRON][32m [33m[WARN][0m missed execution at Tue Sep 29 2026 22:35:00 GMT+0530 (India Standard Time)! Possible blocking IO or high CPU user at the same process used by node-cron.
[2026-09-30T04:34:55.495Z] [PID: 260] [32m[NODE-CRON][32m [33m[WARN][0m missed execution at Tue Sep 29 2026 22:36:00 GMT+0530 (India Standard Time)! Possible blocking IO or high CPU user at the same process used by node-cron.
[2026-09-30T04:34:55.503Z] [PID: 260] [32m[NODE-CRON][32m [33m[WARN][0m missed execution at Tue Sep 29 2026 22:37:00 GMT+0530 (India Standard Time)! Possible blocking IO or high CPU user at the same process used by node-cron.
[2026-09-30T04:34:55.507Z] [PID: 260] [32m[NODE-CRON][32m [33m[WARN][0m missed execution at Tue Sep 29 2026 22:38:00 GMT+0530 (India Standard Time)! Possible blocking IO or high CPU user at the same process used by node-cron.
[2026-09-30T04:34:55.511Z] [PID: 260] [32m[NODE-CRON][32m [33m[WARN][0m missed execution at Tue Sep 29 2026 22:39:00 GMT+0530 (India Standard Time)! Possible blocking IO or high CPU user at the same process used by node-cron.
[2026-09-30T04:34:55.515Z] [PID: 260] [32m[NODE-CRON][32m [33m[WARN][0m missed execution at Tue Sep 29 2026 22:40:00 GMT+0530 (India Standard Time)! Possible blocking IO or high CPU user at the same process used by node-cron.
[2026-09-30T04:34:55.521Z] [PID: 260] [32m[NODE-CRON][32m [33m[WARN][0m missed execution at Tue Sep 29 2026 22:41:00 GMT+0530 (India Standard Time)! Possible blocking IO or high CPU user at the same process used by node-cron.
[2026-09-30T04:34:55.525Z] [PID: 260] [32m[NODE-CRON][32m [33m[WARN][0m missed execution at Tue Sep 29 2026 22:42:00 GMT+0530 (India Standard Time)! Possible blocking IO or high CPU user at the same process used by node-cron.
[2026-09-30T04:34:55.529Z] [PID: 260] [32m[NODE-CRON][32m [33m[WARN][0m missed execution at Tue Sep 29 2026 22:43:00 GMT+0530 (India Standard Time)! Possible blocking IO or high CPU user at the same process used by node-cron.
[2026-09-30T04:34:55.534Z] [PID: 260] [32m[NODE-CRON][32m [33m[WARN][0m missed execution at Tue Sep 29 2026 22:44:00 GMT+0530 (India Standard Time)! Possible blocking IO or high CPU user at the same process used by node-cron.
[2026-09-30T04:34:55.538Z] [PID: 260] [32m[NODE-CRON][32m [33m[WARN][0m missed execution at Tue Sep 29 2026 22:45:00 GMT+0530 (India Standard Time)! Possible blocking IO or high CPU user at the same process used by node-cron.
[2026-09-30T04:34:55.542Z] [PID: 260] [32m[NODE-CRON][32m [33m[WARN][0m missed execution at Tue Sep 29 2026 22:46:00 GMT+0530 (India Standard Time)! Possible blocking IO or high CPU user at the same process used by node-cron.
[2026-09-30T04:34:55.552Z] [PID: 260] [32m[NODE-CRON][32m [33m[WARN][0m missed execution at Tue Sep 29 2026 22:47:00 GMT+0530 (India Standard Time)! Possible blocking IO or high CPU user at the same process used by node-cron.
[2026-09-30T04:34:55.569Z] [PID: 260] [32m[NODE-CRON][32m [33m[WARN][0m missed execution at Tue Sep 29 2026 22:48:00 GMT+0530 (India Standard Time)! Possible blocking IO or high CPU user at the same process used by node-cron.
[2026-09-30T04:34:55.575Z] [PID: 260] [32m[NODE-CRON][32m [33m[WARN][0m missed execution at Tue Sep 29 2026 22:49:00 GMT+0530 (India Standard Time)! Possible blocking IO or high CPU user at the same process used by node-cron.
[2026-09-30T04:34:55.581Z] [PID: 260] [32m[NODE-CRON][32m [33m[WARN][0m missed execution at Tue Sep 29 2026 22:50:00 GMT+0530 (India Standard Time)! Possible blocking IO or high CPU user at the same process used by node-cron.
[2026-09-30T04:34:55.590Z] [PID: 260] [32m[NODE-CRON][32m [33m[WARN][0m missed execution at Tue Sep 29 2026 22:51:00 GMT+0530 (India Standard Time)! Possible blocking IO or high CPU user at the same process used by node-cron.
[2026-09-30T04:34:55.595Z] [PID: 260] [32m[NODE-CRON][32m [33m[WARN][0m missed execution at Tue Sep 29 2026 22:52:00 GMT+0530 (India Standard Time)! Possible blocking IO or high CPU user at the same process used by node-cron.
[2026-09-30T04:34:55.611Z] [PID: 260] [32m[NODE-CRON][32m [33m[WARN][0m missed execution at Tue Sep 29 2026 22:53:00 GMT+0530 (India Standard Time)! Possible blocking IO or high CPU user at the same process used by node-cron.
[2026-09-30T04:34:55.616Z] [PID: 260] [32m[NODE-CRON][32m [33m[WARN][0m missed execution at Tue Sep 29 2026 22:54:00 GMT+0530 (India Standard Time)! Possible blocking IO or high CPU user at the same process used by node-cron.
[2026-09-30T04:34:55.621Z] [PID: 260] [32m[NODE-CRON][32m [33m[WARN][0m missed execution at Tue Sep 29 2026 22:55:00 GMT+0530 (India Standard Time)! Possible blocking IO or high CPU user at the same process used by node-cron.
[2026-09-30T04:34:55.625Z] [PID: 260] [32m[NODE-CRON][32m [33m[WARN][0m missed execution at Tue Sep 29 2026 22:56:00 GMT+0530 (India Standard Time)! Possible blocking IO or high CPU user at the same process used by node-cron.
[2026-09-30T04:34:55.628Z] [PID: 260] [32m[NODE-CRON][32m [33m[WARN][0m missed execution at Tue Sep 29 2026 22:57:00 GMT+0530 (India Standard Time)! Possible blocking IO or high CPU user at the same process used by node-cron.
[2026-09-30T04:34:55.633Z] [PID: 260] [32m[NODE-CRON][32m [33m[WARN][0m missed execution at Tue Sep 29 2026 22:58:00 GMT+0530 (India Standard Time)! Possible blocking IO or high CPU user at the same process used by node-cron.
[2026-09-30T04:34:55.638Z] [PID: 260] [32m[NODE-CRON][32m [33m[WARN][0m missed execution at Tue Sep 29 2026 22:59:00 GMT+0530 (India Standard Time)! Possible blocking IO or high CPU user at the same process used by node-cron.
[2026-09-30T04:34:55.643Z] [PID: 260] [32m[NODE-CRON][32m [33m[WARN][0m missed execution at Tue Sep 29 2026 23:00:00 GMT+0530 (India Standard Time)! Possible blocking IO or high CPU user at the same process used by node-cron.
[2026-09-30T04:34:55.647Z] [PID: 260] [32m[NODE-CRON][32m [33m[WARN][0m missed execution at Tue Sep 29 2026 23:01:00 GMT+0530 (India Standard Time)! Possible blocking IO or high CPU user at the same process used by node-cron.
[2026-09-30T04:34:55.652Z] [PID: 260] [32m[NODE-CRON][32m [33m[WARN][0m missed execution at Tue Sep 29 2026 23:02:00 GMT+0530 (India Standard Time)! Possible blocking IO or high CPU user at the same process used by node-cron.
[2026-09-30T04:34:55.656Z] [PID: 260] [32m[NODE-CRON][32m [33m[WARN][0m missed execution at Tue Sep 29 2026 23:03:00 GMT+0530 (India Standard Time)! Possible blocking IO or high CPU user at the same process used by node-cron.
[2026-09-30T04:34:55.660Z] [PID: 260] [32m[NODE-CRON][32m [33m[WARN][0m missed execution at Tue Sep 29 2026 23:04:00 GMT+0530 (India Standard Time)! Possible blocking IO or high CPU user at the same process used by node-cron.
[2026-09-30T04:34:55.664Z] [PID: 260] [32m[NODE-CRON][32m [33m[WARN][0m missed execution at Tue Sep 29 2026 23:05:00 GMT+0530 (India Standard Time)! Possible blocking IO or high CPU user at the same process used by node-cron.
[2026-09-30T04:34:55.668Z] [PID: 260] [32m[NODE-CRON][32m [33m[WARN][0m missed execution at Tue Sep 29 2026 23:06:00 GMT+0530 (India Standard Time)! Possible blocking IO or high CPU user at the same process used by node-cron.
[2026-09-30T04:34:55.671Z] [PID: 260] [32m[NODE-CRON][32m [33m[WARN][0m missed execution at Tue Sep 29 2026 23:07:00 GMT+0530 (India Standard Time)! Possible blocking IO or high CPU user at the same process used by node-cron.
[2026-09-30T04:34:55.676Z] [PID: 260] [32m[NODE-CRON][32m [33m[WARN][0m missed execution at Tue Sep 29 2026 23:08:00 GMT+0530 (India Standard Time)! Possible blocking IO or high CPU user at the same process used by node-cron.
[2026-09-30T04:34:55.682Z] [PID: 260] [32m[NODE-CRON][32m [33m[WARN][0m missed execution at Tue Sep 29 2026 23:09:00 GMT+0530 (India Standard Time)! Possible blocking IO or high CPU user at the same process used by node-cron.
[2026-09-30T04:34:55.689Z] [PID: 260] [32m[NODE-CRON][32m [33m[WARN][0m missed execution at Tue Sep 29 2026 23:10:00 GMT+0530 (India Standard Time)! Possible blocking IO or high CPU user at the same process used by node-cron.
[2026-09-30T04:34:55.694Z] [PID: 260] [32m[NODE-CRON][32m [33m[WARN][0m missed execution at Tue Sep 29 2026 23:11:00 GMT+0530 (India Standard Time)! Possible blocking IO or high CPU user at the same process used by node-cron.
[2026-09-30T04:34:55.699Z] [PID: 260] [32m[NODE-CRON][32m [33m[WARN][0m missed execution at Tue Sep 29 2026 23:12:00 GMT+0530 (India Standard Time)! Possible blocking IO or high CPU user at the same process used by node-cron.
[2026-09-30T04:34:55.705Z] [PID: 260] [32m[NODE-CRON][32m [33m[WARN][0m missed execution at Tue Sep 29 2026 23:13:00 GMT+0530 (India Standard Time)! Possible blocking IO or high CPU user at the same process used by node-cron.
[2026-09-30T04:34:55.710Z] [PID: 260] [32m[NODE-CRON][32m [33m[WARN][0m missed execution at Tue Sep 29 2026 23:14:00 GMT+0530 (India Standard Time)! Possible blocking IO or high CPU user at the same process used by node-cron.
[2026-09-30T04:34:55.715Z] [PID: 260] [32m[NODE-CRON][32m [33m[WARN][0m missed execution at Tue Sep 29 2026 23:15:00 GMT+0530 (India Standard Time)! Possible blocking IO or high CPU user at the same process used by node-cron.
[2026-09-30T04:34:55.722Z] [PID: 260] [32m[NODE-CRON][32m [33m[WARN][0m missed execution at Tue Sep 29 2026 23:16:00 GMT+0530 (India Standard Time)! Possible blocking IO or high CPU user at the same process used by node-cron.
[2026-09-30T04:34:55.726Z] [PID: 260] [32m[NODE-CRON][32m [33m[WARN][0m missed execution at Tue Sep 29 2026 23:17:00 GMT+0530 (India Standard Time)! Possible blocking IO or high CPU user at the same process used by node-cron.
[2026-09-30T04:34:55.731Z] [PID: 260] [32m[NODE-CRON][32m [33m[WARN][0m missed execution at Tue Sep 29 2026 23:18:00 GMT+0530 (India Standard Time)! Possible blocking IO or high CPU user at the same process used by node-cron.
[2026-09-30T04:34:55.738Z] [PID: 260] [32m[NODE-CRON][32m [33m[WARN][0m missed execution at Tue Sep 29 2026 23:19:00 GMT+0530 (India Standard Time)! Possible blocking IO or high CPU user at the same process used by node-cron.
[2026-09-30T04:34:55.742Z] [PID: 260] [32m[NODE-CRON][32m [33m[WARN][0m missed execution at Tue Sep 29 2026 23:20:00 GMT+0530 (India Standard Time)! Possible blocking IO or high CPU user at the same process used by node-cron.
[2026-09-30T04:34:55.746Z] [PID: 260] [32m[NODE-CRON][32m [33m[WARN][0m missed execution at Tue Sep 29 2026 23:21:00 GMT+0530 (India Standard Time)! Possible blocking IO or high CPU user at the same process used by node-cron.
[2026-09-30T04:34:55.751Z] [PID: 260] [32m[NODE-CRON][32m [33m[WARN][0m missed execution at Tue Sep 29 2026 23:22:00 GMT+0530 (India Standard Time)! Possible blocking IO or high CPU user at the same process used by node-cron.
[2026-09-30T04:34:55.755Z] [PID: 260] [32m[NODE-CRON][32m [33m[WARN][0m missed execution at Tue Sep 29 2026 23:23:00 GMT+0530 (India Standard Time)! Possible blocking IO or high CPU user at the same process used by node-cron.
[2026-09-30T04:34:55.759Z] [PID: 260] [32m[NODE-CRON][32m [33m[WARN][0m missed execution at Tue Sep 29 2026 23:24:00 GMT+0530 (India Standard Time)! Possible blocking IO or high CPU user at the same process used by node-cron.
[2026-09-30T04:34:55.764Z] [PID: 260] [32m[NODE-CRON][32m [33m[WARN][0m missed execution at Tue Sep 29 2026 23:25:00 GMT+0530 (India Standard Time)! Possible blocking IO or high CPU user at the same process used by node-cron.
[2026-09-30T04:34:55.768Z] [PID: 260] [32m[NODE-CRON][32m [33m[WARN][0m missed execution at Tue Sep 29 2026 23:26:00 GMT+0530 (India Standard Time)! Possible blocking IO or high CPU user at the same process used by node-cron.
[2026-09-30T04:34:55.778Z] [PID: 260] [32m[NODE-CRON][32m [33m[WARN][0m missed execution at Tue Sep 29 2026 23:27:00 GMT+0530 (India Standard Time)! Possible blocking IO or high CPU user at the same process used by node-cron.
[2026-09-30T04:34:55.782Z] [PID: 260] [32m[NODE-CRON][32m [33m[WARN][0m missed execution at Tue Sep 29 2026 23:28:00 GMT+0530 (India Standard Time)! Possible blocking IO or high CPU user at the same process used by node-cron.
[2026-09-30T04:34:55.788Z] [PID: 260] [32m[NODE-CRON][32m [33m[WARN][0m missed execution at Tue Sep 29 2026 23:29:00 GMT+0530 (India Standard Time)! Possible blocking IO or high CPU user at the same process used by node-cron.
[2026-09-30T04:34:55.793Z] [PID: 260] [32m[NODE-CRON][32m [33m[WARN][0m missed execution at Tue Sep 29 2026 23:30:00 GMT+0530 (India Standard Time)! Possible blocking IO or high CPU user at the same process used by node-cron.
[2026-09-30T04:34:55.808Z] [PID: 260] [32m[NODE-CRON][32m [33m[WARN][0m missed execution at Tue Sep 29 2026 23:31:00 GMT+0530 (India Standard Time)! Possible blocking IO or high CPU user at the same process used by node-cron.
[2026-09-30T04:34:55.812Z] [PID: 260] [32m[NODE-CRON][32m [33m[WARN][0m missed execution at Tue Sep 29 2026 23:32:00 GMT+0530 (India Standard Time)! Possible blocking IO or high CPU user at the same process used by node-cron.
[2026-09-30T04:34:55.817Z] [PID: 260] [32m[NODE-CRON][32m [33m[WARN][0m missed execution at Tue Sep 29 2026 23:33:00 GMT+0530 (India Standard Time)! Possible blocking IO or high CPU user at the same process used by node-cron.
[2026-09-30T04:34:55.825Z] [PID: 260] [32m[NODE-CRON][32m [33m[WARN][0m missed execution at Tue Sep 29 2026 23:34:00 GMT+0530 (India Standard Time)! Possible blocking IO or high CPU user at the same process used by node-cron.
[2026-09-30T04:34:55.832Z] [PID: 260] [32m[NODE-CRON][32m [33m[WARN][0m missed execution at Tue Sep 29 2026 23:35:00 GMT+0530 (India Standard Time)! Possible blocking IO or high CPU user at the same process used by node-cron.
[2026-09-30T04:34:55.837Z] [PID: 260] [32m[NODE-CRON][32m [33m[WARN][0m missed execution at Tue Sep 29 2026 23:36:00 GMT+0530 (India Standard Time)! Possible blocking IO or high CPU user at the same process used by node-cron.
[2026-09-30T04:34:55.843Z] [PID: 260] [32m[NODE-CRON][32m [33m[WARN][0m missed execution at Tue Sep 29 2026 23:37:00 GMT+0530 (India Standard Time)! Possible blocking IO or high CPU user at the same process used by node-cron.
[2026-09-30T04:34:55.848Z] [PID: 260] [32m[NODE-CRON][32m [33m[WARN][0m missed execution at Tue Sep 29 2026 23:38:00 GMT+0530 (India Standard Time)! Possible blocking IO or high CPU user at the same process used by node-cron.
[2026-09-30T04:34:55.855Z] [PID: 260] [32m[NODE-CRON][32m [33m[WARN][0m missed execution at Tue Sep 29 2026 23:39:00 GMT+0530 (India Standard Time)! Possible blocking IO or high CPU user at the same process used by node-cron.
[2026-09-30T04:34:55.860Z] [PID: 260] [32m[NODE-CRON][32m [33m[WARN][0m missed execution at Tue Sep 29 2026 23:40:00 GMT+0530 (India Standard Time)! Possible blocking IO or high CPU user at the same process used by node-cron.
[2026-09-30T04:34:55.865Z] [PID: 260] [32m[NODE-CRON][32m [33m[WARN][0m missed execution at Tue Sep 29 2026 23:41:00 GMT+0530 (India Standard Time)! Possible blocking IO or high CPU user at the same process used by node-cron.
[2026-09-30T04:34:55.869Z] [PID: 260] [32m[NODE-CRON][32m [33m[WARN][0m missed execution at Tue Sep 29 2026 23:42:00 GMT+0530 (India Standard Time)! Possible blocking IO or high CPU user at the same process used by node-cron.
[2026-09-30T04:34:55.878Z] [PID: 260] [32m[NODE-CRON][32m [33m[WARN][0m missed execution at Tue Sep 29 2026 23:43:00 GMT+0530 (India Standard Time)! Possible blocking IO or high CPU user at the same process used by node-cron.
[2026-09-30T04:34:55.887Z] [PID: 260] [32m[NODE-CRON][32m [33m[WARN][0m missed execution at Tue Sep 29 2026 23:44:00 GMT+0530 (India Standard Time)! Possible blocking IO or high CPU user at the same process used by node-cron.
[2026-09-30T04:34:55.894Z] [PID: 260] [32m[NODE-CRON][32m [33m[WARN][0m missed execution at Tue Sep 29 2026 23:45:00 GMT+0530 (India Standard Time)! Possible blocking IO or high CPU user at the same process used by node-cron.
[2026-09-30T04:34:55.899Z] [PID: 260] [32m[NODE-CRON][32m [33m[WARN][0m missed execution at Tue Sep 29 2026 23:46:00 GMT+0530 (India Standard Time)! Possible blocking IO or high CPU user at the same process used by node-cron.
[2026-09-30T04:34:55.907Z] [PID: 260] [32m[NODE-CRON][32m [33m[WARN][0m missed execution at Tue Sep 29 2026 23:47:00 GMT+0530 (India Standard Time)! Possible blocking IO or high CPU user at the same process used by node-cron.
[2026-09-30T04:34:55.915Z] [PID: 260] [32m[NODE-CRON][32m [33m[WARN][0m missed execution at Tue Sep 29 2026 23:48:00 GMT+0530 (India Standard Time)! Possible blocking IO or high CPU user at the same process used by node-cron.
[2026-09-30T04:34:55.923Z] [PID: 260] [32m[NODE-CRON][32m [33m[WARN][0m missed execution at Tue Sep 29 2026 23:49:00 GMT+0530 (India Standard Time)! Possible blocking IO or high CPU user at the same process used by node-cron.
[2026-09-30T04:34:55.939Z] [PID: 260] [32m[NODE-CRON][32m [33m[WARN][0m missed execution at Tue Sep 29 2026 23:50:00 GMT+0530 (India Standard Time)! Possible blocking IO or high CPU user at the same process used by node-cron.
[2026-09-30T04:34:55.943Z] [PID: 260] [32m[NODE-CRON][32m [33m[WARN][0m missed execution at Tue Sep 29 2026 23:51:00 GMT+0530 (India Standard Time)! Possible blocking IO or high CPU user at the same process used by node-cron.
[2026-09-30T04:34:55.948Z] [PID: 260] [32m[NODE-CRON][32m [33m[WARN][0m missed execution at Tue Sep 29 2026 23:52:00 GMT+0530 (India Standard Time)! Possible blocking IO or high CPU user at the same process used by node-cron.
[2026-09-30T04:34:55.956Z] [PID: 260] [32m[NODE-CRON][32m [33m[WARN][0m missed execution at Tue Sep 29 2026 23:53:00 GMT+0530 (India Standard Time)! Possible blocking IO or high CPU user at the same process used by node-cron.
[2026-09-30T04:34:55.960Z] [PID: 260] [32m[NODE-CRON][32m [33m[WARN][0m missed execution at Tue Sep 29 2026 23:54:00 GMT+0530 (India Standard Time)! Possible blocking IO or high CPU user at the same process used by node-cron.
[2026-09-30T04:34:55.964Z] [PID: 260] [32m[NODE-CRON][32m [33m[WARN][0m missed execution at Tue Sep 29 2026 23:55:00 GMT+0530 (India Standard Time)! Possible blocking IO or high CPU user at the same process used by node-cron.
[2026-09-30T04:34:55.968Z] [PID: 260] [32m[NODE-CRON][32m [33m[WARN][0m missed execution at Tue Sep 29 2026 23:56:00 GMT+0530 (India Standard Time)! Possible blocking IO or high CPU user at the same process used by node-cron.
[2026-09-30T04:34:55.974Z] [PID: 260] [32m[NODE-CRON][32m [33m[WARN][0m missed execution at Tue Sep 29 2026 23:57:00 GMT+0530 (India Standard Time)! Possible blocking IO or high CPU user at the same process used by node-cron.
[2026-09-30T04:34:55.979Z] [PID: 260] [32m[NODE-CRON][32m [33m[WARN][0m missed execution at Tue Sep 29 2026 23:58:00 GMT+0530 (India Standard Time)! Possible blocking IO or high CPU user at the same process used by node-cron.
[2026-09-30T04:34:55.984Z] [PID: 260] [32m[NODE-CRON][32m [33m[WARN][0m missed execution at Tue Sep 29 2026 23:59:00 GMT+0530 (India Standard Time)! Possible blocking IO or high CPU user at the same process used by node-cron.
[2026-09-30T04:34:55.991Z] [PID: 260] [32m[NODE-CRON][32m [33m[WARN][0m missed execution at Wed Sep 30 2026 00:00:00 GMT+0530 (India Standard Time)! Possible blocking IO or high CPU user at the same process used by node-cron.
[2026-09-30T04:34:55.996Z] [PID: 260] [32m[NODE-CRON][32m [33m[WARN][0m missed execution at Wed Sep 30 2026 00:01:00 GMT+0530 (India Standard Time)! Possible blocking IO or high CPU user at the same process used by node-cron.
[2026-09-30T04:34:56.004Z] [PID: 260] [32m[NODE-CRON][32m [33m[WARN][0m missed execution at Wed Sep 30 2026 00:02:00 GMT+0530 (India Standard Time)! Possible blocking IO or high CPU user at the same process used by node-cron.
[2026-09-30T04:34:56.010Z] [PID: 260] [32m[NODE-CRON][32m [33m[WARN][0m missed execution at Wed Sep 30 2026 00:03:00 GMT+0530 (India Standard Time)! Possible blocking IO or high CPU user at the same process used by node-cron.
[2026-09-30T04:34:56.017Z] [PID: 260] [32m[NODE-CRON][32m [33m[WARN][0m missed execution at Wed Sep 30 2026 00:04:00 GMT+0530 (India Standard Time)! Possible blocking IO or high CPU user at the same process used by node-cron.
[2026-09-30T04:34:56.025Z] [PID: 260] [32m[NODE-CRON][32m [33m[WARN][0m missed execution at Wed Sep 30 2026 00:05:00 GMT+0530 (India Standard Time)! Possible blocking IO or high CPU user at the same process used by node-cron.
[2026-09-30T04:34:56.030Z] [PID: 260] [32m[NODE-CRON][32m [33m[WARN][0m missed execution at Wed Sep 30 2026 00:06:00 GMT+0530 (India Standard Time)! Possible blocking IO or high CPU user at the same process used by node-cron.
[2026-09-30T04:34:56.035Z] [PID: 260] [32m[NODE-CRON][32m [33m[WARN][0m missed execution at Wed Sep 30 2026 00:07:00 GMT+0530 (India Standard Time)! Possible blocking IO or high CPU user at the same process used by node-cron.
[2026-09-30T04:34:56.040Z] [PID: 260] [32m[NODE-CRON][32m [33m[WARN][0m missed execution at Wed Sep 30 2026 00:08:00 GMT+0530 (India Standard Time)! Possible blocking IO or high CPU user at the same process used by node-cron.
[2026-09-30T04:34:56.062Z] [PID: 260] [32m[NODE-CRON][32m [33m[WARN][0m missed execution at Wed Sep 30 2026 00:09:00 GMT+0530 (India Standard Time)! Possible blocking IO or high CPU user at the same process used by node-cron.
[2026-09-30T04:34:56.075Z] [PID: 260] [32m[NODE-CRON][32m [33m[WARN][0m missed execution at Wed Sep 30 2026 00:10:00 GMT+0530 (India Standard Time)! Possible blocking IO or high CPU user at the same process used by node-cron.
[2026-09-30T04:34:56.091Z] [PID: 260] [32m[NODE-CRON][32m [33m[WARN][0m missed execution at Wed Sep 30 2026 00:11:00 GMT+0530 (India Standard Time)! Possible blocking IO or high CPU user at the same process used by node-cron.
[2026-09-30T04:34:56.108Z] [PID: 260] [32m[NODE-CRON][32m [33m[WARN][0m missed execution at Wed Sep 30 2026 00:12:00 GMT+0530 (India Standard Time)! Possible blocking IO or high CPU user at the same process used by node-cron.
[2026-09-30T04:34:56.113Z] [PID: 260] [32m[NODE-CRON][32m [33m[WARN][0m missed execution at Wed Sep 30 2026 00:13:00 GMT+0530 (India Standard Time)! Possible blocking IO or high CPU user at the same process used by node-cron.
[2026-09-30T04:34:56.120Z] [PID: 260] [32m[NODE-CRON][32m [33m[WARN][0m missed execution at Wed Sep 30 2026 00:14:00 GMT+0530 (India Standard Time)! Possible blocking IO or high CPU user at the same process used by node-cron.
[2026-09-30T04:34:56.128Z] [PID: 260] [32m[NODE-CRON][32m [33m[WARN][0m missed execution at Wed Sep 30 2026 00:15:00 GMT+0530 (India Standard Time)! Possible blocking IO or high CPU user at the same process used by node-cron.
[2026-09-30T04:34:56.138Z] [PID: 260] [32m[NODE-CRON][32m [33m[WARN][0m missed execution at Wed Sep 30 2026 00:16:00 GMT+0530 (India Standard Time)! Possible blocking IO or high CPU user at the same process used by node-cron.
[2026-09-30T04:34:56.143Z] [PID: 260] [32m[NODE-CRON][32m [33m[WARN][0m missed execution at Wed Sep 30 2026 00:17:00 GMT+0530 (India Standard Time)! Possible blocking IO or high CPU user at the same process used by node-cron.
[2026-09-30T04:34:56.147Z] [PID: 260] [32m[NODE-CRON][32m [33m[WARN][0m missed execution at Wed Sep 30 2026 00:18:00 GMT+0530 (India Standard Time)! Possible blocking IO or high CPU user at the same process used by node-cron.
[2026-09-30T04:34:56.151Z] [PID: 260] [32m[NODE-CRON][32m [33m[WARN][0m missed execution at Wed Sep 30 2026 00:19:00 GMT+0530 (India Standard Time)! Possible blocking IO or high CPU user at the same process used by node-cron.
[2026-09-30T04:34:56.157Z] [PID: 260] [32m[NODE-CRON][32m [33m[WARN][0m missed execution at Wed Sep 30 2026 00:20:00 GMT+0530 (India Standard Time)! Possible blocking IO or high CPU user at the same process used by node-cron.
[2026-09-30T04:34:56.160Z] [PID: 260] [32m[NODE-CRON][32m [33m[WARN][0m missed execution at Wed Sep 30 2026 00:21:00 GMT+0530 (India Standard Time)! Possible blocking IO or high CPU user at the same process used by node-cron.
[2026-09-30T04:34:56.164Z] [PID: 260] [32m[NODE-CRON][32m [33m[WARN][0m missed execution at Wed Sep 30 2026 00:22:00 GMT+0530 (India Standard Time)! Possible blocking IO or high CPU user at the same process used by node-cron.
[2026-09-30T04:34:56.172Z] [PID: 260] [32m[NODE-CRON][32m [33m[WARN][0m missed execution at Wed Sep 30 2026 00:23:00 GMT+0530 (India Standard Time)! Possible blocking IO or high CPU user at the same process used by node-cron.
[2026-09-30T04:34:56.178Z] [PID: 260] [32m[NODE-CRON][32m [33m[WARN][0m missed execution at Wed Sep 30 2026 00:24:00 GMT+0530 (India Standard Time)! Possible blocking IO or high CPU user at the same process used by node-cron.
[2026-09-30T04:34:56.182Z] [PID: 260] [32m[NODE-CRON][32m [33m[WARN][0m missed execution at Wed Sep 30 2026 00:25:00 GMT+0530 (India Standard Time)! Possible blocking IO or high CPU user at the same process used by node-cron.
[2026-09-30T04:34:56.189Z] [PID: 260] [32m[NODE-CRON][32m [33m[WARN][0m missed execution at Wed Sep 30 2026 00:26:00 GMT+0530 (India Standard Time)! Possible blocking IO or high CPU user at the same process used by node-cron.
[2026-09-30T04:34:56.194Z] [PID: 260] [32m[NODE-CRON][32m [33m[WARN][0m missed execution at Wed Sep 30 2026 00:27:00 GMT+0530 (India Standard Time)! Possible blocking IO or high CPU user at the same process used by node-cron.
[2026-09-30T04:34:56.200Z] [PID: 260] [32m[NODE-CRON][32m [33m[WARN][0m missed execution at Wed Sep 30 2026 00:28:00 GMT+0530 (India Standard Time)! Possible blocking IO or high CPU user at the same process used by node-cron.
[2026-09-30T04:34:56.206Z] [PID: 260] [32m[NODE-CRON][32m [33m[WARN][0m missed execution at Wed Sep 30 2026 00:29:00 GMT+0530 (India Standard Time)! Possible blocking IO or high CPU user at the same process used by node-cron.
[2026-09-30T04:34:56.211Z] [PID: 260] [32m[NODE-CRON][32m [33m[WARN][0m missed execution at Wed Sep 30 2026 00:30:00 GMT+0530 (India Standard Time)! Possible blocking IO or high CPU user at the same process used by node-cron.
[2026-09-30T04:34:56.216Z] [PID: 260] [32m[NODE-CRON][32m [33m[WARN][0m missed execution at Wed Sep 30 2026 00:31:00 GMT+0530 (India Standard Time)! Possible blocking IO or high CPU user at the same process used by node-cron.
[2026-09-30T04:34:56.223Z] [PID: 260] [32m[NODE-CRON][32m [33m[WARN][0m missed execution at Wed Sep 30 2026 00:32:00 GMT+0530 (India Standard Time)! Possible blocking IO or high CPU user at the same process used by node-cron.
[2026-09-30T04:34:56.229Z] [PID: 260] [32m[NODE-CRON][32m [33m[WARN][0m missed execution at Wed Sep 30 2026 00:33:00 GMT+0530 (India Standard Time)! Possible blocking IO or high CPU user at the same process used by node-cron.
[2026-09-30T04:34:56.234Z] [PID: 260] [32m[NODE-CRON][32m [33m[WARN][0m missed execution at Wed Sep 30 2026 00:34:00 GMT+0530 (India Standard Time)! Possible blocking IO or high CPU user at the same process used by node-cron.
[2026-09-30T04:34:56.242Z] [PID: 260] [32m[NODE-CRON][32m [33m[WARN][0m missed execution at Wed Sep 30 2026 00:35:00 GMT+0530 (India Standard Time)! Possible blocking IO or high CPU user at the same process used by node-cron.
[2026-09-30T04:34:56.247Z] [PID: 260] [32m[NODE-CRON][32m [33m[WARN][0m missed execution at Wed Sep 30 2026 00:36:00 GMT+0530 (India Standard Time)! Possible blocking IO or high CPU user at the same process used by node-cron.
[2026-09-30T04:34:56.253Z] [PID: 260] [32m[NODE-CRON][32m [33m[WARN][0m missed execution at Wed Sep 30 2026 00:37:00 GMT+0530 (India Standard Time)! Possible blocking IO or high CPU user at the same process used by node-cron.
[2026-09-30T04:34:56.258Z] [PID: 260] [32m[NODE-CRON][32m [33m[WARN][0m missed execution at Wed Sep 30 2026 00:38:00 GMT+0530 (India Standard Time)! Possible blocking IO or high CPU user at the same process used by node-cron.
[2026-09-30T04:34:56.263Z] [PID: 260] [32m[NODE-CRON][32m [33m[WARN][0m missed execution at Wed Sep 30 2026 00:39:00 GMT+0530 (India Standard Time)! Possible blocking IO or high CPU user at the same process used by node-cron.
[2026-09-30T04:34:56.268Z] [PID: 260] [32m[NODE-CRON][32m [33m[WARN][0m missed execution at Wed Sep 30 2026 00:40:00 GMT+0530 (India Standard Time)! Possible blocking IO or high CPU user at the same process used by node-cron.
[2026-09-30T04:34:56.272Z] [PID: 260] [32m[NODE-CRON][32m [33m[WARN][0m missed execution at Wed Sep 30 2026 00:41:00 GMT+0530 (India Standard Time)! Possible blocking IO or high CPU user at the same process used by node-cron.
[2026-09-30T04:34:56.276Z] [PID: 260] [32m[NODE-CRON][32m [33m[WARN][0m missed execution at Wed Sep 30 2026 00:42:00 GMT+0530 (India Standard Time)! Possible blocking IO or high CPU user at the same process used by node-cron.
[2026-09-30T04:34:56.281Z] [PID: 260] [32m[NODE-CRON][32m [33m[WARN][0m missed execution at Wed Sep 30 2026 00:43:00 GMT+0530 (India Standard Time)! Possible blocking IO or high CPU user at the same process used by node-cron.
[2026-09-30T04:34:56.287Z] [PID: 260] [32m[NODE-CRON][32m [33m[WARN][0m missed execution at Wed Sep 30 2026 00:44:00 GMT+0530 (India Standard Time)! Possible blocking IO or high CPU user at the same process used by node-cron.
[2026-09-30T04:34:56.291Z] [PID: 260] [32m[NODE-CRON][32m [33m[WARN][0m missed execution at Wed Sep 30 2026 00:45:00 GMT+0530 (India Standard Time)! Possible blocking IO or high CPU user at the same process used by node-cron.
[2026-09-30T04:34:56.297Z] [PID: 260] [32m[NODE-CRON][32m [33m[WARN][0m missed execution at Wed Sep 30 2026 00:46:00 GMT+0530 (India Standard Time)! Possible blocking IO or high CPU user at the same process used by node-cron.
[2026-09-30T04:34:56.302Z] [PID: 260] [32m[NODE-CRON][32m [33m[WARN][0m missed execution at Wed Sep 30 2026 00:47:00 GMT+0530 (India Standard Time)! Possible blocking IO or high CPU user at the same process used by node-cron.
[2026-09-30T04:34:56.317Z] [PID: 260] [32m[NODE-CRON][32m [33m[WARN][0m missed execution at Wed Sep 30 2026 00:48:00 GMT+0530 (India Standard Time)! Possible blocking IO or high CPU user at the same process used by node-cron.
[2026-09-30T04:34:56.321Z] [PID: 260] [32m[NODE-CRON][32m [33m[WARN][0m missed execution at Wed Sep 30 2026 00:49:00 GMT+0530 (India Standard Time)! Possible blocking IO or high CPU user at the same process used by node-cron.
[2026-09-30T04:34:56.326Z] [PID: 260] [32m[NODE-CRON][32m [33m[WARN][0m missed execution at Wed Sep 30 2026 00:50:00 GMT+0530 (India Standard Time)! Possible blocking IO or high CPU user at the same process used by node-cron.
[2026-09-30T04:34:56.330Z] [PID: 260] [32m[NODE-CRON][32m [33m[WARN][0m missed execution at Wed Sep 30 2026 00:51:00 GMT+0530 (India Standard Time)! Possible blocking IO or high CPU user at the same process used by node-cron.
[2026-09-30T04:34:56.335Z] [PID: 260] [32m[NODE-CRON][32m [33m[WARN][0m missed execution at Wed Sep 30 2026 00:52:00 GMT+0530 (India Standard Time)! Possible blocking IO or high CPU user at the same process used by node-cron.
[2026-09-30T04:34:56.339Z] [PID: 260] [32m[NODE-CRON][32m [33m[WARN][0m missed execution at Wed Sep 30 2026 00:53:00 GMT+0530 (India Standard Time)! Possible blocking IO or high CPU user at the same process used by node-cron.
[2026-09-30T04:34:56.343Z] [PID: 260] [32m[NODE-CRON][32m [33m[WARN][0m missed execution at Wed Sep 30 2026 00:54:00 GMT+0530 (India Standard Time)! Possible blocking IO or high CPU user at the same process used by node-cron.
[2026-09-30T04:34:56.347Z] [PID: 260] [32m[NODE-CRON][32m [33m[WARN][0m missed execution at Wed Sep 30 2026 00:55:00 GMT+0530 (India Standard Time)! Possible blocking IO or high CPU user at the same process used by node-cron.
[2026-09-30T04:34:56.352Z] [PID: 260] [32m[NODE-CRON][32m [33m[WARN][0m missed execution at Wed Sep 30 2026 00:56:00 GMT+0530 (India Standard Time)! Possible blocking IO or high CPU user at the same process used by node-cron.
[2026-09-30T04:34:56.356Z] [PID: 260] [32m[NODE-CRON][32m [33m[WARN][0m missed execution at Wed Sep 30 2026 00:57:00 GMT+0530 (India Standard Time)! Possible blocking IO or high CPU user at the same process used by node-cron.
[2026-09-30T04:34:56.361Z] [PID: 260] [32m[NODE-CRON][32m [33m[WARN][0m missed execution at Wed Sep 30 2026 00:58:00 GMT+0530 (India Standard Time)! Possible blocking IO or high CPU user at the same process used by node-cron.
[2026-09-30T04:34:56.365Z] [PID: 260] [32m[NODE-CRON][32m [33m[WARN][0m missed execution at Wed Sep 30 2026 00:59:00 GMT+0530 (India Standard Time)! Possible blocking IO or high CPU user at the same process used by node-cron.
[2026-09-30T04:34:56.370Z] [PID: 260] [32m[NODE-CRON][32m [33m[WARN][0m missed execution at Wed Sep 30 2026 01:00:00 GMT+0530 (India Standard Time)! Possible blocking IO or high CPU user at the same process used by node-cron.
[2026-09-30T04:34:56.379Z] [PID: 260] [32m[NODE-CRON][32m [33m[WARN][0m missed execution at Wed Sep 30 2026 01:01:00 GMT+0530 (India Standard Time)! Possible blocking IO or high CPU user at the same process used by node-cron.
[2026-09-30T04:34:56.383Z] [PID: 260] [32m[NODE-CRON][32m [33m[WARN][0m missed execution at Wed Sep 30 2026 01:02:00 GMT+0530 (India Standard Time)! Possible blocking IO or high CPU user at the same process used by node-cron.
[2026-09-30T04:34:56.389Z] [PID: 260] [32m[NODE-CRON][32m [33m[WARN][0m missed execution at Wed Sep 30 2026 01:03:00 GMT+0530 (India Standard Time)! Possible blocking IO or high CPU user at the same process used by node-cron.
[2026-09-30T04:34:56.394Z] [PID: 260] [32m[NODE-CRON][32m [33m[WARN][0m missed execution at Wed Sep 30 2026 01:04:00 GMT+0530 (India Standard Time)! Possible blocking IO or high CPU user at the same process used by node-cron.
[2026-09-30T04:34:56.398Z] [PID: 260] [32m[NODE-CRON][32m [33m[WARN][0m missed execution at Wed Sep 30 2026 01:05:00 GMT+0530 (India Standard Time)! Possible blocking IO or high CPU user at the same process used by node-cron.
[2026-09-30T04:34:56.404Z] [PID: 260] [32m[NODE-CRON][32m [33m[WARN][0m missed execution at Wed Sep 30 2026 01:06:00 GMT+0530 (India Standard Time)! Possible blocking IO or high CPU user at the same process used by node-cron.
[2026-09-30T04:34:56.409Z] [PID: 260] [32m[NODE-CRON][32m [33m[WARN][0m missed execution at Wed Sep 30 2026 01:07:00 GMT+0530 (India Standard Time)! Possible blocking IO or high CPU user at the same process used by node-cron.
[2026-09-30T04:34:56.413Z] [PID: 260] [32m[NODE-CRON][32m [33m[WARN][0m missed execution at Wed Sep 30 2026 01:08:00 GMT+0530 (India Standard Time)! Possible blocking IO or high CPU user at the same process used by node-cron.
[2026-09-30T04:34:56.417Z] [PID: 260] [32m[NODE-CRON][32m [33m[WARN][0m missed execution at Wed Sep 30 2026 01:09:00 GMT+0530 (India Standard Time)! Possible blocking IO or high CPU user at the same process used by node-cron.
[2026-09-30T04:34:56.423Z] [PID: 260] [32m[NODE-CRON][32m [33m[WARN][0m missed execution at Wed Sep 30 2026 01:10:00 GMT+0530 (India Standard Time)! Possible blocking IO or high CPU user at the same process used by node-cron.
[2026-09-30T04:34:56.428Z] [PID: 260] [32m[NODE-CRON][32m [33m[WARN][0m missed execution at Wed Sep 30 2026 01:11:00 GMT+0530 (India Standard Time)! Possible blocking IO or high CPU user at the same process used by node-cron.
[2026-09-30T04:34:56.432Z] [PID: 260] [32m[NODE-CRON][32m [33m[WARN][0m missed execution at Wed Sep 30 2026 01:12:00 GMT+0530 (India Standard Time)! Possible blocking IO or high CPU user at the same process used by node-cron.
[2026-09-30T04:34:56.437Z] [PID: 260] [32m[NODE-CRON][32m [33m[WARN][0m missed execution at Wed Sep 30 2026 01:13:00 GMT+0530 (India Standard Time)! Possible blocking IO or high CPU user at the same process used by node-cron.
[2026-09-30T04:34:56.442Z] [PID: 260] [32m[NODE-CRON][32m [33m[WARN][0m missed execution at Wed Sep 30 2026 01:14:00 GMT+0530 (India Standard Time)! Possible blocking IO or high CPU user at the same process used by node-cron.
[2026-09-30T04:34:56.446Z] [PID: 260] [32m[NODE-CRON][32m [33m[WARN][0m missed execution at Wed Sep 30 2026 01:15:00 GMT+0530 (India Standard Time)! Possible blocking IO or high CPU user at the same process used by node-cron.
[2026-09-30T04:34:56.450Z] [PID: 260] [32m[NODE-CRON][32m [33m[WARN][0m missed execution at Wed Sep 30 2026 01:16:00 GMT+0530 (India Standard Time)! Possible blocking IO or high CPU user at the same process used by node-cron.
[2026-09-30T04:34:56.455Z] [PID: 260] [32m[NODE-CRON][32m [33m[WARN][0m missed execution at Wed Sep 30 2026 01:17:00 GMT+0530 (India Standard Time)! Possible blocking IO or high CPU user at the same process used by node-cron.
[2026-09-30T04:34:56.460Z] [PID: 260] [32m[NODE-CRON][32m [33m[WARN][0m missed execution at Wed Sep 30 2026 01:18:00 GMT+0530 (India Standard Time)! Possible blocking IO or high CPU user at the same process used by node-cron.
[2026-09-30T04:34:56.464Z] [PID: 260] [32m[NODE-CRON][32m [33m[WARN][0m missed execution at Wed Sep 30 2026 01:19:00 GMT+0530 (India Standard Time)! Possible blocking IO or high CPU user at the same process used by node-cron.
[2026-09-30T04:34:56.469Z] [PID: 260] [32m[NODE-CRON][32m [33m[WARN][0m missed execution at Wed Sep 30 2026 01:20:00 GMT+0530 (India Standard Time)! Possible blocking IO or high CPU user at the same process used by node-cron.
[2026-09-30T04:34:56.473Z] [PID: 260] [32m[NODE-CRON][32m [33m[WARN][0m missed execution at Wed Sep 30 2026 01:21:00 GMT+0530 (India Standard Time)! Possible blocking IO or high CPU user at the same process used by node-cron.
[2026-09-30T04:34:56.477Z] [PID: 260] [32m[NODE-CRON][32m [33m[WARN][0m missed execution at Wed Sep 30 2026 01:22:00 GMT+0530 (India Standard Time)! Possible blocking IO or high CPU user at the same process used by node-cron.
[2026-09-30T04:34:56.482Z] [PID: 260] [32m[NODE-CRON][32m [33m[WARN][0m missed execution at Wed Sep 30 2026 01:23:00 GMT+0530 (India Standard Time)! Possible blocking IO or high CPU user at the same process used by node-cron.
[2026-09-30T04:34:56.486Z] [PID: 260] [32m[NODE-CRON][32m [33m[WARN][0m missed execution at Wed Sep 30 2026 01:24:00 GMT+0530 (India Standard Time)! Possible blocking IO or high CPU user at the same process used by node-cron.
[2026-09-30T04:34:56.490Z] [PID: 260] [32m[NODE-CRON][32m [33m[WARN][0m missed execution at Wed Sep 30 2026 01:25:00 GMT+0530 (India Standard Time)! Possible blocking IO or high CPU user at the same process used by node-cron.
[2026-09-30T04:34:56.504Z] [PID: 260] [32m[NODE-CRON][32m [33m[WARN][0m missed execution at Wed Sep 30 2026 01:26:00 GMT+0530 (India Standard Time)! Possible blocking IO or high CPU user at the same process used by node-cron.
[2026-09-30T04:34:56.509Z] [PID: 260] [32m[NODE-CRON][32m [33m[WARN][0m missed execution at Wed Sep 30 2026 01:27:00 GMT+0530 (India Standard Time)! Possible blocking IO or high CPU user at the same process used by node-cron.
[2026-09-30T04:34:56.513Z] [PID: 260] [32m[NODE-CRON][32m [33m[WARN][0m missed execution at Wed Sep 30 2026 01:28:00 GMT+0530 (India Standard Time)! Possible blocking IO or high CPU user at the same process used by node-cron.
[2026-09-30T04:34:56.518Z] [PID: 260] [32m[NODE-CRON][32m [33m[WARN][0m missed execution at Wed Sep 30 2026 01:29:00 GMT+0530 (India Standard Time)! Possible blocking IO or high CPU user at the same process used by node-cron.
[2026-09-30T04:34:56.522Z] [PID: 260] [32m[NODE-CRON][32m [33m[WARN][0m missed execution at Wed Sep 30 2026 01:30:00 GMT+0530 (India Standard Time)! Possible blocking IO or high CPU user at the same process used by node-cron.
[2026-09-30T04:34:56.526Z] [PID: 260] [32m[NODE-CRON][32m [33m[WARN][0m missed execution at Wed Sep 30 2026 01:31:00 GMT+0530 (India Standard Time)! Possible blocking IO or high CPU user at the same process used by node-cron.
[2026-09-30T04:34:56.530Z] [PID: 260] [32m[NODE-CRON][32m [33m[WARN][0m missed execution at Wed Sep 30 2026 01:32:00 GMT+0530 (India Standard Time)! Possible blocking IO or high CPU user at the same process used by node-cron.
[2026-09-30T04:34:56.535Z] [PID: 260] [32m[NODE-CRON][32m [33m[WARN][0m missed execution at Wed Sep 30 2026 01:33:00 GMT+0530 (India Standard Time)! Possible blocking IO or high CPU user at the same process used by node-cron.
[2026-09-30T04:34:56.540Z] [PID: 260] [32m[NODE-CRON][32m [33m[WARN][0m missed execution at Wed Sep 30 2026 01:34:00 GMT+0530 (India Standard Time)! Possible blocking IO or high CPU user at the same process used by node-cron.
[2026-09-30T04:34:56.544Z] [PID: 260] [32m[NODE-CRON][32m [33m[WARN][0m missed execution at Wed Sep 30 2026 01:35:00 GMT+0530 (India Standard Time)! Possible blocking IO or high CPU user at the same process used by node-cron.
[2026-09-30T04:34:56.548Z] [PID: 260] [32m[NODE-CRON][32m [33m[WARN][0m missed execution at Wed Sep 30 2026 01:36:00 GMT+0530 (India Standard Time)! Possible blocking IO or high CPU user at the same process used by node-cron.
[2026-09-30T04:34:56.552Z] [PID: 260] [32m[NODE-CRON][32m [33m[WARN][0m missed execution at Wed Sep 30 2026 01:37:00 GMT+0530 (India Standard Time)! Possible blocking IO or high CPU user at the same process used by node-cron.
[2026-09-30T04:34:56.556Z] [PID: 260] [32m[NODE-CRON][32m [33m[WARN][0m missed execution at Wed Sep 30 2026 01:38:00 GMT+0530 (India Standard Time)! Possible blocking IO or high CPU user at the same process used by node-cron.
[2026-09-30T04:34:56.560Z] [PID: 260] [32m[NODE-CRON][32m [33m[WARN][0m missed execution at Wed Sep 30 2026 01:39:00 GMT+0530 (India Standard Time)! Possible blocking IO or high CPU user at the same process used by node-cron.
[2026-09-30T04:34:56.564Z] [PID: 260] [32m[NODE-CRON][32m [33m[WARN][0m missed execution at Wed Sep 30 2026 01:40:00 GMT+0530 (India Standard Time)! Possible blocking IO or high CPU user at the same process used by node-cron.
[2026-09-30T04:34:56.568Z] [PID: 260] [32m[NODE-CRON][32m [33m[WARN][0m missed execution at Wed Sep 30 2026 01:41:00 GMT+0530 (India Standard Time)! Possible blocking IO or high CPU user at the same process used by node-cron.
[2026-09-30T04:34:56.572Z] [PID: 260] [32m[NODE-CRON][32m [33m[WARN][0m missed execution at Wed Sep 30 2026 01:42:00 GMT+0530 (India Standard Time)! Possible blocking IO or high CPU user at the same process used by node-cron.
[2026-09-30T04:34:56.576Z] [PID: 260] [32m[NODE-CRON][32m [33m[WARN][0m missed execution at Wed Sep 30 2026 01:43:00 GMT+0530 (India Standard Time)! Possible blocking IO or high CPU user at the same process used by node-cron.
[2026-09-30T04:34:56.580Z] [PID: 260] [32m[NODE-CRON][32m [33m[WARN][0m missed execution at Wed Sep 30 2026 01:44:00 GMT+0530 (India Standard Time)! Possible blocking IO or high CPU user at the same process used by node-cron.
[2026-09-30T04:34:56.584Z] [PID: 260] [32m[NODE-CRON][32m [33m[WARN][0m missed execution at Wed Sep 30 2026 01:45:00 GMT+0530 (India Standard Time)! Possible blocking IO or high CPU user at the same process used by node-cron.
[2026-09-30T04:34:56.589Z] [PID: 260] [32m[NODE-CRON][32m [33m[WARN][0m missed execution at Wed Sep 30 2026 01:46:00 GMT+0530 (India Standard Time)! Possible blocking IO or high CPU user at the same process used by node-cron.
[2026-09-30T04:34:56.593Z] [PID: 260] [32m[NODE-CRON][32m [33m[WARN][0m missed execution at Wed Sep 30 2026 01:47:00 GMT+0530 (India Standard Time)! Possible blocking IO or high CPU user at the same process used by node-cron.
[2026-09-30T04:34:56.597Z] [PID: 260] [32m[NODE-CRON][32m [33m[WARN][0m missed execution at Wed Sep 30 2026 01:48:00 GMT+0530 (India Standard Time)! Possible blocking IO or high CPU user at the same process used by node-cron.
[2026-09-30T04:34:56.601Z] [PID: 260] [32m[NODE-CRON][32m [33m[WARN][0m missed execution at Wed Sep 30 2026 01:49:00 GMT+0530 (India Standard Time)! Possible blocking IO or high CPU user at the same process used by node-cron.
[2026-09-30T04:34:56.606Z] [PID: 260] [32m[NODE-CRON][32m [33m[WARN][0m missed execution at Wed Sep 30 2026 01:50:00 GMT+0530 (India Standard Time)! Possible blocking IO or high CPU user at the same process used by node-cron.
[2026-09-30T04:34:56.610Z] [PID: 260] [32m[NODE-CRON][32m [33m[WARN][0m missed execution at Wed Sep 30 2026 01:51:00 GMT+0530 (India Standard Time)! Possible blocking IO or high CPU user at the same process used by node-cron.
[2026-09-30T04:34:56.614Z] [PID: 260] [32m[NODE-CRON][32m [33m[WARN][0m missed execution at Wed Sep 30 2026 01:52:00 GMT+0530 (India Standard Time)! Possible blocking IO or high CPU user at the same process used by node-cron.
[2026-09-30T04:34:56.618Z] [PID: 260] [32m[NODE-CRON][32m [33m[WARN][0m missed execution at Wed Sep 30 2026 01:53:00 GMT+0530 (India Standard Time)! Possible blocking IO or high CPU user at the same process used by node-cron.
[2026-09-30T04:34:56.622Z] [PID: 260] [32m[NODE-CRON][32m [33m[WARN][0m missed execution at Wed Sep 30 2026 01:54:00 GMT+0530 (India Standard Time)! Possible blocking IO or high CPU user at the same process used by node-cron.
[2026-09-30T04:34:56.626Z] [PID: 260] [32m[NODE-CRON][32m [33m[WARN][0m missed execution at Wed Sep 30 2026 01:55:00 GMT+0530 (India Standard Time)! Possible blocking IO or high CPU user at the same process used by node-cron.
[2026-09-30T04:34:56.631Z] [PID: 260] [32m[NODE-CRON][32m [33m[WARN][0m missed execution at Wed Sep 30 2026 01:56:00 GMT+0530 (India Standard Time)! Possible blocking IO or high CPU user at the same process used by node-cron.
[2026-09-30T04:34:56.636Z] [PID: 260] [32m[NODE-CRON][32m [33m[WARN][0m missed execution at Wed Sep 30 2026 01:57:00 GMT+0530 (India Standard Time)! Possible blocking IO or high CPU user at the same process used by node-cron.
[2026-09-30T04:34:56.640Z] [PID: 260] [32m[NODE-CRON][32m [33m[WARN][0m missed execution at Wed Sep 30 2026 01:58:00 GMT+0530 (India Standard Time)! Possible blocking IO or high CPU user at the same process used by node-cron.
[2026-09-30T04:34:56.645Z] [PID: 260] [32m[NODE-CRON][32m [33m[WARN][0m missed execution at Wed Sep 30 2026 01:59:00 GMT+0530 (India Standard Time)! Possible blocking IO or high CPU user at the same process used by node-cron.
[2026-09-30T04:34:56.650Z] [PID: 260] [32m[NODE-CRON][32m [33m[WARN][0m missed execution at Wed Sep 30 2026 02:00:00 GMT+0530 (India Standard Time)! Possible blocking IO or high CPU user at the same process used by node-cron.
[2026-09-30T04:34:56.654Z] [PID: 260] [32m[NODE-CRON][32m [33m[WARN][0m missed execution at Wed Sep 30 2026 02:01:00 GMT+0530 (India Standard Time)! Possible blocking IO or high CPU user at the same process used by node-cron.
[2026-09-30T04:34:56.659Z] [PID: 260] [32m[NODE-CRON][32m [33m[WARN][0m missed execution at Wed Sep 30 2026 02:02:00 GMT+0530 (India Standard Time)! Possible blocking IO or high CPU user at the same process used by node-cron.
[2026-09-30T04:34:56.663Z] [PID: 260] [32m[NODE-CRON][32m [33m[WARN][0m missed execution at Wed Sep 30 2026 02:03:00 GMT+0530 (India Standard Time)! Possible blocking IO or high CPU user at the same process used by node-cron.
[2026-09-30T04:34:56.667Z] [PID: 260] [32m[NODE-CRON][32m [33m[WARN][0m missed execution at Wed Sep 30 2026 02:04:00 GMT+0530 (India Standard Time)! Possible blocking IO or high CPU user at the same process used by node-cron.
[2026-09-30T04:34:56.682Z] [PID: 260] [32m[NODE-CRON][32m [33m[WARN][0m missed execution at Wed Sep 30 2026 02:05:00 GMT+0530 (India Standard Time)! Possible blocking IO or high CPU user at the same process used by node-cron.
[2026-09-30T04:34:56.686Z] [PID: 260] [32m[NODE-CRON][32m [33m[WARN][0m missed execution at Wed Sep 30 2026 02:06:00 GMT+0530 (India Standard Time)! Possible blocking IO or high CPU user at the same process used by node-cron.
[2026-09-30T04:34:56.691Z] [PID: 260] [32m[NODE-CRON][32m [33m[WARN][0m missed execution at Wed Sep 30 2026 02:07:00 GMT+0530 (India Standard Time)! Possible blocking IO or high CPU user at the same process used by node-cron.
[2026-09-30T04:34:56.695Z] [PID: 260] [32m[NODE-CRON][32m [33m[WARN][0m missed execution at Wed Sep 30 2026 02:08:00 GMT+0530 (India Standard Time)! Possible blocking IO or high CPU user at the same process used by node-cron.
[2026-09-30T04:34:56.699Z] [PID: 260] [32m[NODE-CRON][32m [33m[WARN][0m missed execution at Wed Sep 30 2026 02:09:00 GMT+0530 (India Standard Time)! Possible blocking IO or high CPU user at the same process used by node-cron.
[2026-09-30T04:34:56.703Z] [PID: 260] [32m[NODE-CRON][32m [33m[WARN][0m missed execution at Wed Sep 30 2026 02:10:00 GMT+0530 (India Standard Time)! Possible blocking IO or high CPU user at the same process used by node-cron.
[2026-09-30T04:34:56.709Z] [PID: 260] [32m[NODE-CRON][32m [33m[WARN][0m missed execution at Wed Sep 30 2026 02:11:00 GMT+0530 (India Standard Time)! Possible blocking IO or high CPU user at the same process used by node-cron.
[2026-09-30T04:34:56.713Z] [PID: 260] [32m[NODE-CRON][32m [33m[WARN][0m missed execution at Wed Sep 30 2026 02:12:00 GMT+0530 (India Standard Time)! Possible blocking IO or high CPU user at the same process used by node-cron.
[2026-09-30T04:34:56.719Z] [PID: 260] [32m[NODE-CRON][32m [33m[WARN][0m missed execution at Wed Sep 30 2026 02:13:00 GMT+0530 (India Standard Time)! Possible blocking IO or high CPU user at the same process used by node-cron.
[2026-09-30T04:34:56.723Z] [PID: 260] [32m[NODE-CRON][32m [33m[WARN][0m missed execution at Wed Sep 30 2026 02:14:00 GMT+0530 (India Standard Time)! Possible blocking IO or high CPU user at the same process used by node-cron.
[2026-09-30T04:34:56.727Z] [PID: 260] [32m[NODE-CRON][32m [33m[WARN][0m missed execution at Wed Sep 30 2026 02:15:00 GMT+0530 (India Standard Time)! Possible blocking IO or high CPU user at the same process used by node-cron.
[2026-09-30T04:34:56.731Z] [PID: 260] [32m[NODE-CRON][32m [33m[WARN][0m missed execution at Wed Sep 30 2026 02:16:00 GMT+0530 (India Standard Time)! Possible blocking IO or high CPU user at the same process used by node-cron.
[2026-09-30T04:34:56.735Z] [PID: 260] [32m[NODE-CRON][32m [33m[WARN][0m missed execution at Wed Sep 30 2026 02:17:00 GMT+0530 (India Standard Time)! Possible blocking IO or high CPU user at the same process used by node-cron.
[2026-09-30T04:34:56.739Z] [PID: 260] [32m[NODE-CRON][32m [33m[WARN][0m missed execution at Wed Sep 30 2026 02:18:00 GMT+0530 (India Standard Time)! Possible blocking IO or high CPU user at the same process used by node-cron.
[2026-09-30T04:34:56.743Z] [PID: 260] [32m[NODE-CRON][32m [33m[WARN][0m missed execution at Wed Sep 30 2026 02:19:00 GMT+0530 (India Standard Time)! Possible blocking IO or high CPU user at the same process used by node-cron.
[2026-09-30T04:34:56.747Z] [PID: 260] [32m[NODE-CRON][32m [33m[WARN][0m missed execution at Wed Sep 30 2026 02:20:00 GMT+0530 (India Standard Time)! Possible blocking IO or high CPU user at the same process used by node-cron.
[2026-09-30T04:34:56.751Z] [PID: 260] [32m[NODE-CRON][32m [33m[WARN][0m missed execution at Wed Sep 30 2026 02:21:00 GMT+0530 (India Standard Time)! Possible blocking IO or high CPU user at the same process used by node-cron.
[2026-09-30T04:34:56.754Z] [PID: 260] [32m[NODE-CRON][32m [33m[WARN][0m missed execution at Wed Sep 30 2026 02:22:00 GMT+0530 (India Standard Time)! Possible blocking IO or high CPU user at the same process used by node-cron.
[2026-09-30T04:34:56.759Z] [PID: 260] [32m[NODE-CRON][32m [33m[WARN][0m missed execution at Wed Sep 30 2026 02:23:00 GMT+0530 (India Standard Time)! Possible blocking IO or high CPU user at the same process used by node-cron.
[2026-09-30T04:34:56.763Z] [PID: 260] [32m[NODE-CRON][32m [33m[WARN][0m missed execution at Wed Sep 30 2026 02:24:00 GMT+0530 (India Standard Time)! Possible blocking IO or high CPU user at the same process used by node-cron.
[2026-09-30T04:34:56.767Z] [PID: 260] [32m[NODE-CRON][32m [33m[WARN][0m missed execution at Wed Sep 30 2026 02:25:00 GMT+0530 (India Standard Time)! Possible blocking IO or high CPU user at the same process used by node-cron.
[2026-09-30T04:34:56.775Z] [PID: 260] [32m[NODE-CRON][32m [33m[WARN][0m missed execution at Wed Sep 30 2026 02:26:00 GMT+0530 (India Standard Time)! Possible blocking IO or high CPU user at the same process used by node-cron.
[2026-09-30T04:34:56.781Z] [PID: 260] [32m[NODE-CRON][32m [33m[WARN][0m missed execution at Wed Sep 30 2026 02:27:00 GMT+0530 (India Standard Time)! Possible blocking IO or high CPU user at the same process used by node-cron.
[2026-09-30T04:34:56.787Z] [PID: 260] [32m[NODE-CRON][32m [33m[WARN][0m missed execution at Wed Sep 30 2026 02:28:00 GMT+0530 (India Standard Time)! Possible blocking IO or high CPU user at the same process used by node-cron.
[2026-09-30T04:34:56.791Z] [PID: 260] [32m[NODE-CRON][32m [33m[WARN][0m missed execution at Wed Sep 30 2026 02:29:00 GMT+0530 (India Standard Time)! Possible blocking IO or high CPU user at the same process used by node-cron.
[2026-09-30T04:34:56.795Z] [PID: 260] [32m[NODE-CRON][32m [33m[WARN][0m missed execution at Wed Sep 30 2026 02:30:00 GMT+0530 (India Standard Time)! Possible blocking IO or high CPU user at the same process used by node-cron.
[2026-09-30T04:34:56.801Z] [PID: 260] [32m[NODE-CRON][32m [33m[WARN][0m missed execution at Wed Sep 30 2026 02:31:00 GMT+0530 (India Standard Time)! Possible blocking IO or high CPU user at the same process used by node-cron.
[2026-09-30T04:34:56.805Z] [PID: 260] [32m[NODE-CRON][32m [33m[WARN][0m missed execution at Wed Sep 30 2026 02:32:00 GMT+0530 (India Standard Time)! Possible blocking IO or high CPU user at the same process used by node-cron.
[2026-09-30T04:34:56.811Z] [PID: 260] [32m[NODE-CRON][32m [33m[WARN][0m missed execution at Wed Sep 30 2026 02:33:00 GMT+0530 (India Standard Time)! Possible blocking IO or high CPU user at the same process used by node-cron.
[2026-09-30T04:34:56.815Z] [PID: 260] [32m[NODE-CRON][32m [33m[WARN][0m missed execution at Wed Sep 30 2026 02:34:00 GMT+0530 (India Standard Time)! Possible blocking IO or high CPU user at the same process used by node-cron.
[2026-09-30T04:34:56.821Z] [PID: 260] [32m[NODE-CRON][32m [33m[WARN][0m missed execution at Wed Sep 30 2026 02:35:00 GMT+0530 (India Standard Time)! Possible blocking IO or high CPU user at the same process used by node-cron.
[2026-09-30T04:34:56.826Z] [PID: 260] [32m[NODE-CRON][32m [33m[WARN][0m missed execution at Wed Sep 30 2026 02:36:00 GMT+0530 (India Standard Time)! Possible blocking IO or high CPU user at the same process used by node-cron.
[2026-09-30T04:34:56.831Z] [PID: 260] [32m[NODE-CRON][32m [33m[WARN][0m missed execution at Wed Sep 30 2026 02:37:00 GMT+0530 (India Standard Time)! Possible blocking IO or high CPU user at the same process used by node-cron.
[2026-09-30T04:34:56.844Z] [PID: 260] [32m[NODE-CRON][32m [33m[WARN][0m missed execution at Wed Sep 30 2026 02:38:00 GMT+0530 (India Standard Time)! Possible blocking IO or high CPU user at the same process used by node-cron.
[2026-09-30T04:34:56.856Z] [PID: 260] [32m[NODE-CRON][32m [33m[WARN][0m missed execution at Wed Sep 30 2026 02:39:00 GMT+0530 (India Standard Time)! Possible blocking IO or high CPU user at the same process used by node-cron.
[2026-09-30T04:34:56.863Z] [PID: 260] [32m[NODE-CRON][32m [33m[WARN][0m missed execution at Wed Sep 30 2026 02:40:00 GMT+0530 (India Standard Time)! Possible blocking IO or high CPU user at the same process used by node-cron.
[2026-09-30T04:34:56.868Z] [PID: 260] [32m[NODE-CRON][32m [33m[WARN][0m missed execution at Wed Sep 30 2026 02:41:00 GMT+0530 (India Standard Time)! Possible blocking IO or high CPU user at the same process used by node-cron.
[2026-09-30T04:34:56.874Z] [PID: 260] [32m[NODE-CRON][32m [33m[WARN][0m missed execution at Wed Sep 30 2026 02:42:00 GMT+0530 (India Standard Time)! Possible blocking IO or high CPU user at the same process used by node-cron.
[2026-09-30T04:34:56.879Z] [PID: 260] [32m[NODE-CRON][32m [33m[WARN][0m missed execution at Wed Sep 30 2026 02:43:00 GMT+0530 (India Standard Time)! Possible blocking IO or high CPU user at the same process used by node-cron.
[2026-09-30T04:34:56.900Z] [PID: 260] [32m[NODE-CRON][32m [33m[WARN][0m missed execution at Wed Sep 30 2026 02:44:00 GMT+0530 (India Standard Time)! Possible blocking IO or high CPU user at the same process used by node-cron.
[2026-09-30T04:34:56.907Z] [PID: 260] [32m[NODE-CRON][32m [33m[WARN][0m missed execution at Wed Sep 30 2026 02:45:00 GMT+0530 (India Standard Time)! Possible blocking IO or high CPU user at the same process used by node-cron.
[2026-09-30T04:34:56.912Z] [PID: 260] [32m[NODE-CRON][32m [33m[WARN][0m missed execution at Wed Sep 30 2026 02:46:00 GMT+0530 (India Standard Time)! Possible blocking IO or high CPU user at the same process used by node-cron.
[2026-09-30T04:34:56.918Z] [PID: 260] [32m[NODE-CRON][32m [33m[WARN][0m missed execution at Wed Sep 30 2026 02:47:00 GMT+0530 (India Standard Time)! Possible blocking IO or high CPU user at the same process used by node-cron.
[2026-09-30T04:34:56.924Z] [PID: 260] [32m[NODE-CRON][32m [33m[WARN][0m missed execution at Wed Sep 30 2026 02:48:00 GMT+0530 (India Standard Time)! Possible blocking IO or high CPU user at the same process used by node-cron.
[2026-09-30T04:34:56.930Z] [PID: 260] [32m[NODE-CRON][32m [33m[WARN][0m missed execution at Wed Sep 30 2026 02:49:00 GMT+0530 (India Standard Time)! Possible blocking IO or high CPU user at the same process used by node-cron.
[2026-09-30T04:34:56.938Z] [PID: 260] [32m[NODE-CRON][32m [33m[WARN][0m missed execution at Wed Sep 30 2026 02:50:00 GMT+0530 (India Standard Time)! Possible blocking IO or high CPU user at the same process used by node-cron.
[2026-09-30T04:34:56.943Z] [PID: 260] [32m[NODE-CRON][32m [33m[WARN][0m missed execution at Wed Sep 30 2026 02:51:00 GMT+0530 (India Standard Time)! Possible blocking IO or high CPU user at the same process used by node-cron.
[2026-09-30T04:34:56.950Z] [PID: 260] [32m[NODE-CRON][32m [33m[WARN][0m missed execution at Wed Sep 30 2026 02:52:00 GMT+0530 (India Standard Time)! Possible blocking IO or high CPU user at the same process used by node-cron.
[2026-09-30T04:34:56.956Z] [PID: 260] [32m[NODE-CRON][32m [33m[WARN][0m missed execution at Wed Sep 30 2026 02:53:00 GMT+0530 (India Standard Time)! Possible blocking IO or high CPU user at the same process used by node-cron.
[2026-09-30T04:34:56.962Z] [PID: 260] [32m[NODE-CRON][32m [33m[WARN][0m missed execution at Wed Sep 30 2026 02:54:00 GMT+0530 (India Standard Time)! Possible blocking IO or high CPU user at the same process used by node-cron.
[2026-09-30T04:34:56.968Z] [PID: 260] [32m[NODE-CRON][32m [33m[WARN][0m missed execution at Wed Sep 30 2026 02:55:00 GMT+0530 (India Standard Time)! Possible blocking IO or high CPU user at the same process used by node-cron.
[2026-09-30T04:34:56.973Z] [PID: 260] [32m[NODE-CRON][32m [33m[WARN][0m missed execution at Wed Sep 30 2026 02:56:00 GMT+0530 (India Standard Time)! Possible blocking IO or high CPU user at the same process used by node-cron.
[2026-09-30T04:34:56.979Z] [PID: 260] [32m[NODE-CRON][32m [33m[WARN][0m missed execution at Wed Sep 30 2026 02:57:00 GMT+0530 (India Standard Time)! Possible blocking IO or high CPU user at the same process used by node-cron.
[2026-09-30T04:34:56.986Z] [PID: 260] [32m[NODE-CRON][32m [33m[WARN][0m missed execution at Wed Sep 30 2026 02:58:00 GMT+0530 (India Standard Time)! Possible blocking IO or high CPU user at the same process used by node-cron.
[2026-09-30T04:34:56.992Z] [PID: 260] [32m[NODE-CRON][32m [33m[WARN][0m missed execution at Wed Sep 30 2026 02:59:00 GMT+0530 (India Standard Time)! Possible blocking IO or high CPU user at the same process used by node-cron.
[2026-09-30T04:34:56.999Z] [PID: 260] [32m[NODE-CRON][32m [33m[WARN][0m missed execution at Wed Sep 30 2026 03:00:00 GMT+0530 (India Standard Time)! Possible blocking IO or high CPU user at the same process used by node-cron.
[2026-09-30T04:34:57.005Z] [PID: 260] [32m[NODE-CRON][32m [33m[WARN][0m missed execution at Wed Sep 30 2026 03:01:00 GMT+0530 (India Standard Time)! Possible blocking IO or high CPU user at the same process used by node-cron.
[2026-09-30T04:34:57.010Z] [PID: 260] [32m[NODE-CRON][32m [33m[WARN][0m missed execution at Wed Sep 30 2026 03:02:00 GMT+0530 (India Standard Time)! Possible blocking IO or high CPU user at the same process used by node-cron.
[2026-09-30T04:34:57.016Z] [PID: 260] [32m[NODE-CRON][32m [33m[WARN][0m missed execution at Wed Sep 30 2026 03:03:00 GMT+0530 (India Standard Time)! Possible blocking IO or high CPU user at the same process used by node-cron.
[2026-09-30T04:34:57.021Z] [PID: 260] [32m[NODE-CRON][32m [33m[WARN][0m missed execution at Wed Sep 30 2026 03:04:00 GMT+0530 (India Standard Time)! Possible blocking IO or high CPU user at the same process used by node-cron.
[2026-09-30T04:34:57.026Z] [PID: 260] [32m[NODE-CRON][32m [33m[WARN][0m missed execution at Wed Sep 30 2026 03:05:00 GMT+0530 (India Standard Time)! Possible blocking IO or high CPU user at the same process used by node-cron.
[2026-09-30T04:34:57.032Z] [PID: 260] [32m[NODE-CRON][32m [33m[WARN][0m missed execution at Wed Sep 30 2026 03:06:00 GMT+0530 (India Standard Time)! Possible blocking IO or high CPU user at the same process used by node-cron.
[2026-09-30T04:34:57.038Z] [PID: 260] [32m[NODE-CRON][32m [33m[WARN][0m missed execution at Wed Sep 30 2026 03:07:00 GMT+0530 (India Standard Time)! Possible blocking IO or high CPU user at the same process used by node-cron.
[2026-09-30T04:34:57.043Z] [PID: 260] [32m[NODE-CRON][32m [33m[WARN][0m missed execution at Wed Sep 30 2026 03:08:00 GMT+0530 (India Standard Time)! Possible blocking IO or high CPU user at the same process used by node-cron.
[2026-09-30T04:34:57.049Z] [PID: 260] [32m[NODE-CRON][32m [33m[WARN][0m missed execution at Wed Sep 30 2026 03:09:00 GMT+0530 (India Standard Time)! Possible blocking IO or high CPU user at the same process used by node-cron.
[2026-09-30T04:34:57.055Z] [PID: 260] [32m[NODE-CRON][32m [33m[WARN][0m missed execution at Wed Sep 30 2026 03:10:00 GMT+0530 (India Standard Time)! Possible blocking IO or high CPU user at the same process used by node-cron.
[2026-09-30T04:34:57.062Z] [PID: 260] [32m[NODE-CRON][32m [33m[WARN][0m missed execution at Wed Sep 30 2026 03:11:00 GMT+0530 (India Standard Time)! Possible blocking IO or high CPU user at the same process used by node-cron.
[2026-09-30T04:34:57.070Z] [PID: 260] [32m[NODE-CRON][32m [33m[WARN][0m missed execution at Wed Sep 30 2026 03:12:00 GMT+0530 (India Standard Time)! Possible blocking IO or high CPU user at the same process used by node-cron.
[2026-09-30T04:34:57.074Z] [PID: 260] [32m[NODE-CRON][32m [33m[WARN][0m missed execution at Wed Sep 30 2026 03:13:00 GMT+0530 (India Standard Time)! Possible blocking IO or high CPU user at the same process used by node-cron.
[2026-09-30T04:34:57.079Z] [PID: 260] [32m[NODE-CRON][32m [33m[WARN][0m missed execution at Wed Sep 30 2026 03:14:00 GMT+0530 (India Standard Time)! Possible blocking IO or high CPU user at the same process used by node-cron.
[2026-09-30T04:34:57.085Z] [PID: 260] [32m[NODE-CRON][32m [33m[WARN][0m missed execution at Wed Sep 30 2026 03:15:00 GMT+0530 (India Standard Time)! Possible blocking IO or high CPU user at the same process used by node-cron.
[2026-09-30T04:34:57.090Z] [PID: 260] [32m[NODE-CRON][32m [33m[WARN][0m missed execution at Wed Sep 30 2026 03:16:00 GMT+0530 (India Standard Time)! Possible blocking IO or high CPU user at the same process used by node-cron.
[2026-09-30T04:34:57.095Z] [PID: 260] [32m[NODE-CRON][32m [33m[WARN][0m missed execution at Wed Sep 30 2026 03:17:00 GMT+0530 (India Standard Time)! Possible blocking IO or high CPU user at the same process used by node-cron.
[2026-09-30T04:34:57.101Z] [PID: 260] [32m[NODE-CRON][32m [33m[WARN][0m missed execution at Wed Sep 30 2026 03:18:00 GMT+0530 (India Standard Time)! Possible blocking IO or high CPU user at the same process used by node-cron.
[2026-09-30T04:34:57.107Z] [PID: 260] [32m[NODE-CRON][32m [33m[WARN][0m missed execution at Wed Sep 30 2026 03:19:00 GMT+0530 (India Standard Time)! Possible blocking IO or high CPU user at the same process used by node-cron.
[2026-09-30T04:34:57.113Z] [PID: 260] [32m[NODE-CRON][32m [33m[WARN][0m missed execution at Wed Sep 30 2026 03:20:00 GMT+0530 (India Standard Time)! Possible blocking IO or high CPU user at the same process used by node-cron.
[2026-09-30T04:34:57.119Z] [PID: 260] [32m[NODE-CRON][32m [33m[WARN][0m missed execution at Wed Sep 30 2026 03:21:00 GMT+0530 (India Standard Time)! Possible blocking IO or high CPU user at the same process used by node-cron.
[2026-09-30T04:34:57.139Z] [PID: 260] [32m[NODE-CRON][32m [33m[WARN][0m missed execution at Wed Sep 30 2026 03:22:00 GMT+0530 (India Standard Time)! Possible blocking IO or high CPU user at the same process used by node-cron.
[2026-09-30T04:34:57.144Z] [PID: 260] [32m[NODE-CRON][32m [33m[WARN][0m missed execution at Wed Sep 30 2026 03:23:00 GMT+0530 (India Standard Time)! Possible blocking IO or high CPU user at the same process used by node-cron.
[2026-09-30T04:34:57.149Z] [PID: 260] [32m[NODE-CRON][32m [33m[WARN][0m missed execution at Wed Sep 30 2026 03:24:00 GMT+0530 (India Standard Time)! Possible blocking IO or high CPU user at the same process used by node-cron.
[2026-09-30T04:34:57.155Z] [PID: 260] [32m[NODE-CRON][32m [33m[WARN][0m missed execution at Wed Sep 30 2026 03:25:00 GMT+0530 (India Standard Time)! Possible blocking IO or high CPU user at the same process used by node-cron.
[2026-09-30T04:34:57.160Z] [PID: 260] [32m[NODE-CRON][32m [33m[WARN][0m missed execution at Wed Sep 30 2026 03:26:00 GMT+0530 (India Standard Time)! Possible blocking IO or high CPU user at the same process used by node-cron.
[2026-09-30T04:34:57.166Z] [PID: 260] [32m[NODE-CRON][32m [33m[WARN][0m missed execution at Wed Sep 30 2026 03:27:00 GMT+0530 (India Standard Time)! Possible blocking IO or high CPU user at the same process used by node-cron.
[2026-09-30T04:34:57.172Z] [PID: 260] [32m[NODE-CRON][32m [33m[WARN][0m missed execution at Wed Sep 30 2026 03:28:00 GMT+0530 (India Standard Time)! Possible blocking IO or high CPU user at the same process used by node-cron.
[2026-09-30T04:34:57.180Z] [PID: 260] [32m[NODE-CRON][32m [33m[WARN][0m missed execution at Wed Sep 30 2026 03:29:00 GMT+0530 (India Standard Time)! Possible blocking IO or high CPU user at the same process used by node-cron.
[2026-09-30T04:34:57.185Z] [PID: 260] [32m[NODE-CRON][32m [33m[WARN][0m missed execution at Wed Sep 30 2026 03:30:00 GMT+0530 (India Standard Time)! Possible blocking IO or high CPU user at the same process used by node-cron.
[2026-09-30T04:34:57.191Z] [PID: 260] [32m[NODE-CRON][32m [33m[WARN][0m missed execution at Wed Sep 30 2026 03:31:00 GMT+0530 (India Standard Time)! Possible blocking IO or high CPU user at the same process used by node-cron.
[2026-09-30T04:34:57.196Z] [PID: 260] [32m[NODE-CRON][32m [33m[WARN][0m missed execution at Wed Sep 30 2026 03:32:00 GMT+0530 (India Standard Time)! Possible blocking IO or high CPU user at the same process used by node-cron.
[2026-09-30T04:34:57.201Z] [PID: 260] [32m[NODE-CRON][32m [33m[WARN][0m missed execution at Wed Sep 30 2026 03:33:00 GMT+0530 (India Standard Time)! Possible blocking IO or high CPU user at the same process used by node-cron.
[2026-09-30T04:34:57.207Z] [PID: 260] [32m[NODE-CRON][32m [33m[WARN][0m missed execution at Wed Sep 30 2026 03:34:00 GMT+0530 (India Standard Time)! Possible blocking IO or high CPU user at the same process used by node-cron.
[2026-09-30T04:34:57.213Z] [PID: 260] [32m[NODE-CRON][32m [33m[WARN][0m missed execution at Wed Sep 30 2026 03:35:00 GMT+0530 (India Standard Time)! Possible blocking IO or high CPU user at the same process used by node-cron.
[2026-09-30T04:34:57.218Z] [PID: 260] [32m[NODE-CRON][32m [33m[WARN][0m missed execution at Wed Sep 30 2026 03:36:00 GMT+0530 (India Standard Time)! Possible blocking IO or high CPU user at the same process used by node-cron.
[2026-09-30T04:34:57.223Z] [PID: 260] [32m[NODE-CRON][32m [33m[WARN][0m missed execution at Wed Sep 30 2026 03:37:00 GMT+0530 (India Standard Time)! Possible blocking IO or high CPU user at the same process used by node-cron.
[2026-09-30T04:34:57.228Z] [PID: 260] [32m[NODE-CRON][32m [33m[WARN][0m missed execution at Wed Sep 30 2026 03:38:00 GMT+0530 (India Standard Time)! Possible blocking IO or high CPU user at the same process used by node-cron.
[2026-09-30T04:34:57.234Z] [PID: 260] [32m[NODE-CRON][32m [33m[WARN][0m missed execution at Wed Sep 30 2026 03:39:00 GMT+0530 (India Standard Time)! Possible blocking IO or high CPU user at the same process used by node-cron.
[2026-09-30T04:34:57.240Z] [PID: 260] [32m[NODE-CRON][32m [33m[WARN][0m missed execution at Wed Sep 30 2026 03:40:00 GMT+0530 (India Standard Time)! Possible blocking IO or high CPU user at the same process used by node-cron.
[2026-09-30T04:34:57.246Z] [PID: 260] [32m[NODE-CRON][32m [33m[WARN][0m missed execution at Wed Sep 30 2026 03:41:00 GMT+0530 (India Standard Time)! Possible blocking IO or high CPU user at the same process used by node-cron.
[2026-09-30T04:34:57.251Z] [PID: 260] [32m[NODE-CRON][32m [33m[WARN][0m missed execution at Wed Sep 30 2026 03:42:00 GMT+0530 (India Standard Time)! Possible blocking IO or high CPU user at the same process used by node-cron.
[2026-09-30T04:34:57.255Z] [PID: 260] [32m[NODE-CRON][32m [33m[WARN][0m missed execution at Wed Sep 30 2026 03:43:00 GMT+0530 (India Standard Time)! Possible blocking IO or high CPU user at the same process used by node-cron.
[2026-09-30T04:34:57.260Z] [PID: 260] [32m[NODE-CRON][32m [33m[WARN][0m missed execution at Wed Sep 30 2026 03:44:00 GMT+0530 (India Standard Time)! Possible blocking IO or high CPU user at the same process used by node-cron.
[2026-09-30T04:34:57.266Z] [PID: 260] [32m[NODE-CRON][32m [33m[WARN][0m missed execution at Wed Sep 30 2026 03:45:00 GMT+0530 (India Standard Time)! Possible blocking IO or high CPU user at the same process used by node-cron.
[2026-09-30T04:34:57.273Z] [PID: 260] [32m[NODE-CRON][32m [33m[WARN][0m missed execution at Wed Sep 30 2026 03:46:00 GMT+0530 (India Standard Time)! Possible blocking IO or high CPU user at the same process used by node-cron.
[2026-09-30T04:34:57.279Z] [PID: 260] [32m[NODE-CRON][32m [33m[WARN][0m missed execution at Wed Sep 30 2026 03:47:00 GMT+0530 (India Standard Time)! Possible blocking IO or high CPU user at the same process used by node-cron.
[2026-09-30T04:34:57.285Z] [PID: 260] [32m[NODE-CRON][32m [33m[WARN][0m missed execution at Wed Sep 30 2026 03:48:00 GMT+0530 (India Standard Time)! Possible blocking IO or high CPU user at the same process used by node-cron.
[2026-09-30T04:34:57.290Z] [PID: 260] [32m[NODE-CRON][32m [33m[WARN][0m missed execution at Wed Sep 30 2026 03:49:00 GMT+0530 (India Standard Time)! Possible blocking IO or high CPU user at the same process used by node-cron.
[2026-09-30T04:34:57.295Z] [PID: 260] [32m[NODE-CRON][32m [33m[WARN][0m missed execution at Wed Sep 30 2026 03:50:00 GMT+0530 (India Standard Time)! Possible blocking IO or high CPU user at the same process used by node-cron.
[2026-09-30T04:34:57.300Z] [PID: 260] [32m[NODE-CRON][32m [33m[WARN][0m missed execution at Wed Sep 30 2026 03:51:00 GMT+0530 (India Standard Time)! Possible blocking IO or high CPU user at the same process used by node-cron.
[2026-09-30T04:34:57.305Z] [PID: 260] [32m[NODE-CRON][32m [33m[WARN][0m missed execution at Wed Sep 30 2026 03:52:00 GMT+0530 (India Standard Time)! Possible blocking IO or high CPU user at the same process used by node-cron.
[2026-09-30T04:34:57.312Z] [PID: 260] [32m[NODE-CRON][32m [33m[WARN][0m missed execution at Wed Sep 30 2026 03:53:00 GMT+0530 (India Standard Time)! Possible blocking IO or high CPU user at the same process used by node-cron.
[2026-09-30T04:34:57.317Z] [PID: 260] [32m[NODE-CRON][32m [33m[WARN][0m missed execution at Wed Sep 30 2026 03:54:00 GMT+0530 (India Standard Time)! Possible blocking IO or high CPU user at the same process used by node-cron.
[2026-09-30T04:34:57.323Z] [PID: 260] [32m[NODE-CRON][32m [33m[WARN][0m missed execution at Wed Sep 30 2026 03:55:00 GMT+0530 (India Standard Time)! Possible blocking IO or high CPU user at the same process used by node-cron.
[2026-09-30T04:34:57.328Z] [PID: 260] [32m[NODE-CRON][32m [33m[WARN][0m missed execution at Wed Sep 30 2026 03:56:00 GMT+0530 (India Standard Time)! Possible blocking IO or high CPU user at the same process used by node-cron.
[2026-09-30T04:34:57.332Z] [PID: 260] [32m[NODE-CRON][32m [33m[WARN][0m missed execution at Wed Sep 30 2026 03:57:00 GMT+0530 (India Standard Time)! Possible blocking IO or high CPU user at the same process used by node-cron.
[2026-09-30T04:34:57.338Z] [PID: 260] [32m[NODE-CRON][32m [33m[WARN][0m missed execution at Wed Sep 30 2026 03:58:00 GMT+0530 (India Standard Time)! Possible blocking IO or high CPU user at the same process used by node-cron.
[2026-09-30T04:34:57.347Z] [PID: 260] [32m[NODE-CRON][32m [33m[WARN][0m missed execution at Wed Sep 30 2026 03:59:00 GMT+0530 (India Standard Time)! Possible blocking IO or high CPU user at the same process used by node-cron.
[2026-09-30T04:34:57.354Z] [PID: 260] [32m[NODE-CRON][32m [33m[WARN][0m missed execution at Wed Sep 30 2026 04:00:00 GMT+0530 (India Standard Time)! Possible blocking IO or high CPU user at the same process used by node-cron.
[2026-09-30T04:34:57.370Z] [PID: 260] [32m[NODE-CRON][32m [33m[WARN][0m missed execution at Wed Sep 30 2026 04:01:00 GMT+0530 (India Standard Time)! Possible blocking IO or high CPU user at the same process used by node-cron.
[2026-09-30T04:34:57.375Z] [PID: 260] [32m[NODE-CRON][32m [33m[WARN][0m missed execution at Wed Sep 30 2026 04:02:00 GMT+0530 (India Standard Time)! Possible blocking IO or high CPU user at the same process used by node-cron.
[2026-09-30T04:34:57.381Z] [PID: 260] [32m[NODE-CRON][32m [33m[WARN][0m missed execution at Wed Sep 30 2026 04:03:00 GMT+0530 (India Standard Time)! Possible blocking IO or high CPU user at the same process used by node-cron.
[2026-09-30T04:34:57.386Z] [PID: 260] [32m[NODE-CRON][32m [33m[WARN][0m missed execution at Wed Sep 30 2026 04:04:00 GMT+0530 (India Standard Time)! Possible blocking IO or high CPU user at the same process used by node-cron.
[2026-09-30T04:34:57.391Z] [PID: 260] [32m[NODE-CRON][32m [33m[WARN][0m missed execution at Wed Sep 30 2026 04:05:00 GMT+0530 (India Standard Time)! Possible blocking IO or high CPU user at the same process used by node-cron.
[2026-09-30T04:34:57.397Z] [PID: 260] [32m[NODE-CRON][32m [33m[WARN][0m missed execution at Wed Sep 30 2026 04:06:00 GMT+0530 (India Standard Time)! Possible blocking IO or high CPU user at the same process used by node-cron.
[2026-09-30T04:34:57.402Z] [PID: 260] [32m[NODE-CRON][32m [33m[WARN][0m missed execution at Wed Sep 30 2026 04:07:00 GMT+0530 (India Standard Time)! Possible blocking IO or high CPU user at the same process used by node-cron.
[2026-09-30T04:34:57.408Z] [PID: 260] [32m[NODE-CRON][32m [33m[WARN][0m missed execution at Wed Sep 30 2026 04:08:00 GMT+0530 (India Standard Time)! Possible blocking IO or high CPU user at the same process used by node-cron.
[2026-09-30T04:34:57.416Z] [PID: 260] [32m[NODE-CRON][32m [33m[WARN][0m missed execution at Wed Sep 30 2026 04:09:00 GMT+0530 (India Standard Time)! Possible blocking IO or high CPU user at the same process used by node-cron.
[2026-09-30T04:34:57.421Z] [PID: 260] [32m[NODE-CRON][32m [33m[WARN][0m missed execution at Wed Sep 30 2026 04:10:00 GMT+0530 (India Standard Time)! Possible blocking IO or high CPU user at the same process used by node-cron.
[2026-09-30T04:34:57.426Z] [PID: 260] [32m[NODE-CRON][32m [33m[WARN][0m missed execution at Wed Sep 30 2026 04:11:00 GMT+0530 (India Standard Time)! Possible blocking IO or high CPU user at the same process used by node-cron.
[2026-09-30T04:34:57.431Z] [PID: 260] [32m[NODE-CRON][32m [33m[WARN][0m missed execution at Wed Sep 30 2026 04:12:00 GMT+0530 (India Standard Time)! Possible blocking IO or high CPU user at the same process used by node-cron.
[2026-09-30T04:34:57.436Z] [PID: 260] [32m[NODE-CRON][32m [33m[WARN][0m missed execution at Wed Sep 30 2026 04:13:00 GMT+0530 (India Standard Time)! Possible blocking IO or high CPU user at the same process used by node-cron.
[2026-09-30T04:34:57.445Z] [PID: 260] [32m[NODE-CRON][32m [33m[WARN][0m missed execution at Wed Sep 30 2026 04:14:00 GMT+0530 (India Standard Time)! Possible blocking IO or high CPU user at the same process used by node-cron.
[2026-09-30T04:34:57.452Z] [PID: 260] [32m[NODE-CRON][32m [33m[WARN][0m missed execution at Wed Sep 30 2026 04:15:00 GMT+0530 (India Standard Time)! Possible blocking IO or high CPU user at the same process used by node-cron.
[2026-09-30T04:34:57.457Z] [PID: 260] [32m[NODE-CRON][32m [33m[WARN][0m missed execution at Wed Sep 30 2026 04:16:00 GMT+0530 (India Standard Time)! Possible blocking IO or high CPU user at the same process used by node-cron.
[2026-09-30T04:34:57.464Z] [PID: 260] [32m[NODE-CRON][32m [33m[WARN][0m missed execution at Wed Sep 30 2026 04:17:00 GMT+0530 (India Standard Time)! Possible blocking IO or high CPU user at the same process used by node-cron.
[2026-09-30T04:34:57.469Z] [PID: 260] [32m[NODE-CRON][32m [33m[WARN][0m missed execution at Wed Sep 30 2026 04:18:00 GMT+0530 (India Standard Time)! Possible blocking IO or high CPU user at the same process used by node-cron.
[2026-09-30T04:34:57.476Z] [PID: 260] [32m[NODE-CRON][32m [33m[WARN][0m missed execution at Wed Sep 30 2026 04:19:00 GMT+0530 (India Standard Time)! Possible blocking IO or high CPU user at the same process used by node-cron.
[2026-09-30T04:34:57.483Z] [PID: 260] [32m[NODE-CRON][32m [33m[WARN][0m missed execution at Wed Sep 30 2026 04:20:00 GMT+0530 (India Standard Time)! Possible blocking IO or high CPU user at the same process used by node-cron.
[2026-09-30T04:34:57.489Z] [PID: 260] [32m[NODE-CRON][32m [33m[WARN][0m missed execution at Wed Sep 30 2026 04:21:00 GMT+0530 (India Standard Time)! Possible blocking IO or high CPU user at the same process used by node-cron.
[2026-09-30T04:34:57.494Z] [PID: 260] [32m[NODE-CRON][32m [33m[WARN][0m missed execution at Wed Sep 30 2026 04:22:00 GMT+0530 (India Standard Time)! Possible blocking IO or high CPU user at the same process used by node-cron.
[2026-09-30T04:34:57.500Z] [PID: 260] [32m[NODE-CRON][32m [33m[WARN][0m missed execution at Wed Sep 30 2026 04:23:00 GMT+0530 (India Standard Time)! Possible blocking IO or high CPU user at the same process used by node-cron.
[2026-09-30T04:34:57.505Z] [PID: 260] [32m[NODE-CRON][32m [33m[WARN][0m missed execution at Wed Sep 30 2026 04:24:00 GMT+0530 (India Standard Time)! Possible blocking IO or high CPU user at the same process used by node-cron.
[2026-09-30T04:34:57.513Z] [PID: 260] [32m[NODE-CRON][32m [33m[WARN][0m missed execution at Wed Sep 30 2026 04:25:00 GMT+0530 (India Standard Time)! Possible blocking IO or high CPU user at the same process used by node-cron.
[2026-09-30T04:34:57.520Z] [PID: 260] [32m[NODE-CRON][32m [33m[WARN][0m missed execution at Wed Sep 30 2026 04:26:00 GMT+0530 (India Standard Time)! Possible blocking IO or high CPU user at the same process used by node-cron.
[2026-09-30T04:34:57.526Z] [PID: 260] [32m[NODE-CRON][32m [33m[WARN][0m missed execution at Wed Sep 30 2026 04:27:00 GMT+0530 (India Standard Time)! Possible blocking IO or high CPU user at the same process used by node-cron.
[2026-09-30T04:34:57.531Z] [PID: 260] [32m[NODE-CRON][32m [33m[WARN][0m missed execution at Wed Sep 30 2026 04:28:00 GMT+0530 (India Standard Time)! Possible blocking IO or high CPU user at the same process used by node-cron.
[2026-09-30T04:34:57.536Z] [PID: 260] [32m[NODE-CRON][32m [33m[WARN][0m missed execution at Wed Sep 30 2026 04:29:00 GMT+0530 (India Standard Time)! Possible blocking IO or high CPU user at the same process used by node-cron.
[2026-09-30T04:34:57.542Z] [PID: 260] [32m[NODE-CRON][32m [33m[WARN][0m missed execution at Wed Sep 30 2026 04:30:00 GMT+0530 (India Standard Time)! Possible blocking IO or high CPU user at the same process used by node-cron.
[2026-09-30T04:34:57.549Z] [PID: 260] [32m[NODE-CRON][32m [33m[WARN][0m missed execution at Wed Sep 30 2026 04:31:00 GMT+0530 (India Standard Time)! Possible blocking IO or high CPU user at the same process used by node-cron.
[2026-09-30T04:34:57.554Z] [PID: 260] [32m[NODE-CRON][32m [33m[WARN][0m missed execution at Wed Sep 30 2026 04:32:00 GMT+0530 (India Standard Time)! Possible blocking IO or high CPU user at the same process used by node-cron.
[2026-09-30T04:34:57.560Z] [PID: 260] [32m[NODE-CRON][32m [33m[WARN][0m missed execution at Wed Sep 30 2026 04:33:00 GMT+0530 (India Standard Time)! Possible blocking IO or high CPU user at the same process used by node-cron.
[2026-09-30T04:34:57.565Z] [PID: 260] [32m[NODE-CRON][32m [33m[WARN][0m missed execution at Wed Sep 30 2026 04:34:00 GMT+0530 (India Standard Time)! Possible blocking IO or high CPU user at the same process used by node-cron.
[2026-09-30T04:34:57.570Z] [PID: 260] [32m[NODE-CRON][32m [33m[WARN][0m missed execution at Wed Sep 30 2026 04:35:00 GMT+0530 (India Standard Time)! Possible blocking IO or high CPU user at the same process used by node-cron.
[2026-09-30T04:34:57.576Z] [PID: 260] [32m[NODE-CRON][32m [33m[WARN][0m missed execution at Wed Sep 30 2026 04:36:00 GMT+0530 (India Standard Time)! Possible blocking IO or high CPU user at the same process used by node-cron.
[2026-09-30T04:34:57.580Z] [PID: 260] [32m[NODE-CRON][32m [33m[WARN][0m missed execution at Wed Sep 30 2026 04:37:00 GMT+0530 (India Standard Time)! Possible blocking IO or high CPU user at the same process used by node-cron.
[2026-09-30T04:34:57.586Z] [PID: 260] [32m[NODE-CRON][32m [33m[WARN][0m missed execution at Wed Sep 30 2026 04:38:00 GMT+0530 (India Standard Time)! Possible blocking IO or high CPU user at the same process used by node-cron.
[2026-09-30T04:34:57.604Z] [PID: 260] [32m[NODE-CRON][32m [33m[WARN][0m missed execution at Wed Sep 30 2026 04:39:00 GMT+0530 (India Standard Time)! Possible blocking IO or high CPU user at the same process used by node-cron.
[2026-09-30T04:34:57.609Z] [PID: 260] [32m[NODE-CRON][32m [33m[WARN][0m missed execution at Wed Sep 30 2026 04:40:00 GMT+0530 (India Standard Time)! Possible blocking IO or high CPU user at the same process used by node-cron.
[2026-09-30T04:34:57.615Z] [PID: 260] [32m[NODE-CRON][32m [33m[WARN][0m missed execution at Wed Sep 30 2026 04:41:00 GMT+0530 (India Standard Time)! Possible blocking IO or high CPU user at the same process used by node-cron.
[2026-09-30T04:34:57.621Z] [PID: 260] [32m[NODE-CRON][32m [33m[WARN][0m missed execution at Wed Sep 30 2026 04:42:00 GMT+0530 (India Standard Time)! Possible blocking IO or high CPU user at the same process used by node-cron.
[2026-09-30T04:34:57.627Z] [PID: 260] [32m[NODE-CRON][32m [33m[WARN][0m missed execution at Wed Sep 30 2026 04:43:00 GMT+0530 (India Standard Time)! Possible blocking IO or high CPU user at the same process used by node-cron.
[2026-09-30T04:34:57.633Z] [PID: 260] [32m[NODE-CRON][32m [33m[WARN][0m missed execution at Wed Sep 30 2026 04:44:00 GMT+0530 (India Standard Time)! Possible blocking IO or high CPU user at the same process used by node-cron.
[2026-09-30T04:34:57.639Z] [PID: 260] [32m[NODE-CRON][32m [33m[WARN][0m missed execution at Wed Sep 30 2026 04:45:00 GMT+0530 (India Standard Time)! Possible blocking IO or high CPU user at the same process used by node-cron.
[2026-09-30T04:34:57.645Z] [PID: 260] [32m[NODE-CRON][32m [33m[WARN][0m missed execution at Wed Sep 30 2026 04:46:00 GMT+0530 (India Standard Time)! Possible blocking IO or high CPU user at the same process used by node-cron.
[2026-09-30T04:34:57.651Z] [PID: 260] [32m[NODE-CRON][32m [33m[WARN][0m missed execution at Wed Sep 30 2026 04:47:00 GMT+0530 (India Standard Time)! Possible blocking IO or high CPU user at the same process used by node-cron.
[2026-09-30T04:34:57.656Z] [PID: 260] [32m[NODE-CRON][32m [33m[WARN][0m missed execution at Wed Sep 30 2026 04:48:00 GMT+0530 (India Standard Time)! Possible blocking IO or high CPU user at the same process used by node-cron.
[2026-09-30T04:34:57.661Z] [PID: 260] [32m[NODE-CRON][32m [33m[WARN][0m missed execution at Wed Sep 30 2026 04:49:00 GMT+0530 (India Standard Time)! Possible blocking IO or high CPU user at the same process used by node-cron.
[2026-09-30T04:34:57.666Z] [PID: 260] [32m[NODE-CRON][32m [33m[WARN][0m missed execution at Wed Sep 30 2026 04:50:00 GMT+0530 (India Standard Time)! Possible blocking IO or high CPU user at the same process used by node-cron.
[2026-09-30T04:34:57.671Z] [PID: 260] [32m[NODE-CRON][32m [33m[WARN][0m missed execution at Wed Sep 30 2026 04:51:00 GMT+0530 (India Standard Time)! Possible blocking IO or high CPU user at the same process used by node-cron.
[2026-09-30T04:34:57.676Z] [PID: 260] [32m[NODE-CRON][32m [33m[WARN][0m missed execution at Wed Sep 30 2026 04:52:00 GMT+0530 (India Standard Time)! Possible blocking IO or high CPU user at the same process used by node-cron.
[2026-09-30T04:34:57.682Z] [PID: 260] [32m[NODE-CRON][32m [33m[WARN][0m missed execution at Wed Sep 30 2026 04:53:00 GMT+0530 (India Standard Time)! Possible blocking IO or high CPU user at the same process used by node-cron.
[2026-09-30T04:34:57.688Z] [PID: 260] [32m[NODE-CRON][32m [33m[WARN][0m missed execution at Wed Sep 30 2026 04:54:00 GMT+0530 (India Standard Time)! Possible blocking IO or high CPU user at the same process used by node-cron.
[2026-09-30T04:34:57.693Z] [PID: 260] [32m[NODE-CRON][32m [33m[WARN][0m missed execution at Wed Sep 30 2026 04:55:00 GMT+0530 (India Standard Time)! Possible blocking IO or high CPU user at the same process used by node-cron.
[2026-09-30T04:34:57.700Z] [PID: 260] [32m[NODE-CRON][32m [33m[WARN][0m missed execution at Wed Sep 30 2026 04:56:00 GMT+0530 (India Standard Time)! Possible blocking IO or high CPU user at the same process used by node-cron.
[2026-09-30T04:34:57.704Z] [PID: 260] [32m[NODE-CRON][32m [33m[WARN][0m missed execution at Wed Sep 30 2026 04:57:00 GMT+0530 (India Standard Time)! Possible blocking IO or high CPU user at the same process used by node-cron.
[2026-09-30T04:34:57.710Z] [PID: 260] [32m[NODE-CRON][32m [33m[WARN][0m missed execution at Wed Sep 30 2026 04:58:00 GMT+0530 (India Standard Time)! Possible blocking IO or high CPU user at the same process used by node-cron.
[2026-09-30T04:34:57.716Z] [PID: 260] [32m[NODE-CRON][32m [33m[WARN][0m missed execution at Wed Sep 30 2026 04:59:00 GMT+0530 (India Standard Time)! Possible blocking IO or high CPU user at the same process used by node-cron.
[2026-09-30T04:34:57.723Z] [PID: 260] [32m[NODE-CRON][32m [33m[WARN][0m missed execution at Wed Sep 30 2026 05:00:00 GMT+0530 (India Standard Time)! Possible blocking IO or high CPU user at the same process used by node-cron.
[2026-09-30T04:34:57.729Z] [PID: 260] [32m[NODE-CRON][32m [33m[WARN][0m missed execution at Wed Sep 30 2026 05:01:00 GMT+0530 (India Standard Time)! Possible blocking IO or high CPU user at the same process used by node-cron.
[2026-09-30T04:34:57.735Z] [PID: 260] [32m[NODE-CRON][32m [33m[WARN][0m missed execution at Wed Sep 30 2026 05:02:00 GMT+0530 (India Standard Time)! Possible blocking IO or high CPU user at the same process used by node-cron.
[2026-09-30T04:34:57.741Z] [PID: 260] [32m[NODE-CRON][32m [33m[WARN][0m missed execution at Wed Sep 30 2026 05:03:00 GMT+0530 (India Standard Time)! Possible blocking IO or high CPU user at the same process used by node-cron.
[2026-09-30T04:34:57.745Z] [PID: 260] [32m[NODE-CRON][32m [33m[WARN][0m missed execution at Wed Sep 30 2026 05:04:00 GMT+0530 (India Standard Time)! Possible blocking IO or high CPU user at the same process used by node-cron.
[2026-09-30T04:34:57.751Z] [PID: 260] [32m[NODE-CRON][32m [33m[WARN][0m missed execution at Wed Sep 30 2026 05:05:00 GMT+0530 (India Standard Time)! Possible blocking IO or high CPU user at the same process used by node-cron.
[2026-09-30T04:34:57.757Z] [PID: 260] [32m[NODE-CRON][32m [33m[WARN][0m missed execution at Wed Sep 30 2026 05:06:00 GMT+0530 (India Standard Time)! Possible blocking IO or high CPU user at the same process used by node-cron.
[2026-09-30T04:34:57.763Z] [PID: 260] [32m[NODE-CRON][32m [33m[WARN][0m missed execution at Wed Sep 30 2026 05:07:00 GMT+0530 (India Standard Time)! Possible blocking IO or high CPU user at the same process used by node-cron.
[2026-09-30T04:34:57.769Z] [PID: 260] [32m[NODE-CRON][32m [33m[WARN][0m missed execution at Wed Sep 30 2026 05:08:00 GMT+0530 (India Standard Time)! Possible blocking IO or high CPU user at the same process used by node-cron.
[2026-09-30T04:34:57.775Z] [PID: 260] [32m[NODE-CRON][32m [33m[WARN][0m missed execution at Wed Sep 30 2026 05:09:00 GMT+0530 (India Standard Time)! Possible blocking IO or high CPU user at the same process used by node-cron.
[2026-09-30T04:34:57.780Z] [PID: 260] [32m[NODE-CRON][32m [33m[WARN][0m missed execution at Wed Sep 30 2026 05:10:00 GMT+0530 (India Standard Time)! Possible blocking IO or high CPU user at the same process used by node-cron.
[2026-09-30T04:34:57.786Z] [PID: 260] [32m[NODE-CRON][32m [33m[WARN][0m missed execution at Wed Sep 30 2026 05:11:00 GMT+0530 (India Standard Time)! Possible blocking IO or high CPU user at the same process used by node-cron.
[2026-09-30T04:34:57.793Z] [PID: 260] [32m[NODE-CRON][32m [33m[WARN][0m missed execution at Wed Sep 30 2026 05:12:00 GMT+0530 (India Standard Time)! Possible blocking IO or high CPU user at the same process used by node-cron.
[2026-09-30T04:34:57.798Z] [PID: 260] [32m[NODE-CRON][32m [33m[WARN][0m missed execution at Wed Sep 30 2026 05:13:00 GMT+0530 (India Standard Time)! Possible blocking IO or high CPU user at the same process used by node-cron.
[2026-09-30T04:34:57.805Z] [PID: 260] [32m[NODE-CRON][32m [33m[WARN][0m missed execution at Wed Sep 30 2026 05:14:00 GMT+0530 (India Standard Time)! Possible blocking IO or high CPU user at the same process used by node-cron.
[2026-09-30T04:34:57.811Z] [PID: 260] [32m[NODE-CRON][32m [33m[WARN][0m missed execution at Wed Sep 30 2026 05:15:00 GMT+0530 (India Standard Time)! Possible blocking IO or high CPU user at the same process used by node-cron.
[2026-09-30T04:34:57.816Z] [PID: 260] [32m[NODE-CRON][32m [33m[WARN][0m missed execution at Wed Sep 30 2026 05:16:00 GMT+0530 (India Standard Time)! Possible blocking IO or high CPU user at the same process used by node-cron.
[2026-09-30T04:34:57.837Z] [PID: 260] [32m[NODE-CRON][32m [33m[WARN][0m missed execution at Wed Sep 30 2026 05:17:00 GMT+0530 (India Standard Time)! Possible blocking IO or high CPU user at the same process used by node-cron.
[2026-09-30T04:34:57.842Z] [PID: 260] [32m[NODE-CRON][32m [33m[WARN][0m missed execution at Wed Sep 30 2026 05:18:00 GMT+0530 (India Standard Time)! Possible blocking IO or high CPU user at the same process used by node-cron.
[2026-09-30T04:34:57.847Z] [PID: 260] [32m[NODE-CRON][32m [33m[WARN][0m missed execution at Wed Sep 30 2026 05:19:00 GMT+0530 (India Standard Time)! Possible blocking IO or high CPU user at the same process used by node-cron.
[2026-09-30T04:34:57.852Z] [PID: 260] [32m[NODE-CRON][32m [33m[WARN][0m missed execution at Wed Sep 30 2026 05:20:00 GMT+0530 (India Standard Time)! Possible blocking IO or high CPU user at the same process used by node-cron.
[2026-09-30T04:34:57.857Z] [PID: 260] [32m[NODE-CRON][32m [33m[WARN][0m missed execution at Wed Sep 30 2026 05:21:00 GMT+0530 (India Standard Time)! Possible blocking IO or high CPU user at the same process used by node-cron.
[2026-09-30T04:34:57.861Z] [PID: 260] [32m[NODE-CRON][32m [33m[WARN][0m missed execution at Wed Sep 30 2026 05:22:00 GMT+0530 (India Standard Time)! Possible blocking IO or high CPU user at the same process used by node-cron.
[2026-09-30T04:34:57.867Z] [PID: 260] [32m[NODE-CRON][32m [33m[WARN][0m missed execution at Wed Sep 30 2026 05:23:00 GMT+0530 (India Standard Time)! Possible blocking IO or high CPU user at the same process used by node-cron.
[2026-09-30T04:34:57.871Z] [PID: 260] [32m[NODE-CRON][32m [33m[WARN][0m missed execution at Wed Sep 30 2026 05:24:00 GMT+0530 (India Standard Time)! Possible blocking IO or high CPU user at the same process used by node-cron.
[2026-09-30T04:34:57.876Z] [PID: 260] [32m[NODE-CRON][32m [33m[WARN][0m missed execution at Wed Sep 30 2026 05:25:00 GMT+0530 (India Standard Time)! Possible blocking IO or high CPU user at the same process used by node-cron.
[2026-09-30T04:34:57.881Z] [PID: 260] [32m[NODE-CRON][32m [33m[WARN][0m missed execution at Wed Sep 30 2026 05:26:00 GMT+0530 (India Standard Time)! Possible blocking IO or high CPU user at the same process used by node-cron.
[2026-09-30T04:34:57.886Z] [PID: 260] [32m[NODE-CRON][32m [33m[WARN][0m missed execution at Wed Sep 30 2026 05:27:00 GMT+0530 (India Standard Time)! Possible blocking IO or high CPU user at the same process used by node-cron.
[2026-09-30T04:34:57.891Z] [PID: 260] [32m[NODE-CRON][32m [33m[WARN][0m missed execution at Wed Sep 30 2026 05:28:00 GMT+0530 (India Standard Time)! Possible blocking IO or high CPU user at the same process used by node-cron.
[2026-09-30T04:34:57.895Z] [PID: 260] [32m[NODE-CRON][32m [33m[WARN][0m missed execution at Wed Sep 30 2026 05:29:00 GMT+0530 (India Standard Time)! Possible blocking IO or high CPU user at the same process used by node-cron.
[2026-09-30T04:34:57.900Z] [PID: 260] [32m[NODE-CRON][32m [33m[WARN][0m missed execution at Wed Sep 30 2026 05:30:00 GMT+0530 (India Standard Time)! Possible blocking IO or high CPU user at the same process used by node-cron.
[2026-09-30T04:34:57.906Z] [PID: 260] [32m[NODE-CRON][32m [33m[WARN][0m missed execution at Wed Sep 30 2026 05:31:00 GMT+0530 (India Standard Time)! Possible blocking IO or high CPU user at the same process used by node-cron.
[2026-09-30T04:34:57.910Z] [PID: 260] [32m[NODE-CRON][32m [33m[WARN][0m missed execution at Wed Sep 30 2026 05:32:00 GMT+0530 (India Standard Time)! Possible blocking IO or high CPU user at the same process used by node-cron.
[2026-09-30T04:34:57.916Z] [PID: 260] [32m[NODE-CRON][32m [33m[WARN][0m missed execution at Wed Sep 30 2026 05:33:00 GMT+0530 (India Standard Time)! Possible blocking IO or high CPU user at the same process used by node-cron.
[2026-09-30T04:34:57.922Z] [PID: 260] [32m[NODE-CRON][32m [33m[WARN][0m missed execution at Wed Sep 30 2026 05:34:00 GMT+0530 (India Standard Time)! Possible blocking IO or high CPU user at the same process used by node-cron.
[2026-09-30T04:34:57.927Z] [PID: 260] [32m[NODE-CRON][32m [33m[WARN][0m missed execution at Wed Sep 30 2026 05:35:00 GMT+0530 (India Standard Time)! Possible blocking IO or high CPU user at the same process used by node-cron.
[2026-09-30T04:34:57.933Z] [PID: 260] [32m[NODE-CRON][32m [33m[WARN][0m missed execution at Wed Sep 30 2026 05:36:00 GMT+0530 (India Standard Time)! Possible blocking IO or high CPU user at the same process used by node-cron.
[2026-09-30T04:34:57.939Z] [PID: 260] [32m[NODE-CRON][32m [33m[WARN][0m missed execution at Wed Sep 30 2026 05:37:00 GMT+0530 (India Standard Time)! Possible blocking IO or high CPU user at the same process used by node-cron.
[2026-09-30T04:34:57.944Z] [PID: 260] [32m[NODE-CRON][32m [33m[WARN][0m missed execution at Wed Sep 30 2026 05:38:00 GMT+0530 (India Standard Time)! Possible blocking IO or high CPU user at the same process used by node-cron.
[2026-09-30T04:34:57.949Z] [PID: 260] [32m[NODE-CRON][32m [33m[WARN][0m missed execution at Wed Sep 30 2026 05:39:00 GMT+0530 (India Standard Time)! Possible blocking IO or high CPU user at the same process used by node-cron.
[2026-09-30T04:34:57.953Z] [PID: 260] [32m[NODE-CRON][32m [33m[WARN][0m missed execution at Wed Sep 30 2026 05:40:00 GMT+0530 (India Standard Time)! Possible blocking IO or high CPU user at the same process used by node-cron.
[2026-09-30T04:34:57.957Z] [PID: 260] [32m[NODE-CRON][32m [33m[WARN][0m missed execution at Wed Sep 30 2026 05:41:00 GMT+0530 (India Standard Time)! Possible blocking IO or high CPU user at the same process used by node-cron.
[2026-09-30T04:34:57.964Z] [PID: 260] [32m[NODE-CRON][32m [33m[WARN][0m missed execution at Wed Sep 30 2026 05:42:00 GMT+0530 (India Standard Time)! Possible blocking IO or high CPU user at the same process used by node-cron.
[2026-09-30T04:34:57.970Z] [PID: 260] [32m[NODE-CRON][32m [33m[WARN][0m missed execution at Wed Sep 30 2026 05:43:00 GMT+0530 (India Standard Time)! Possible blocking IO or high CPU user at the same process used by node-cron.
[2026-09-30T04:34:57.974Z] [PID: 260] [32m[NODE-CRON][32m [33m[WARN][0m missed execution at Wed Sep 30 2026 05:44:00 GMT+0530 (India Standard Time)! Possible blocking IO or high CPU user at the same process used by node-cron.
[2026-09-30T04:34:57.978Z] [PID: 260] [32m[NODE-CRON][32m [33m[WARN][0m missed execution at Wed Sep 30 2026 05:45:00 GMT+0530 (India Standard Time)! Possible blocking IO or high CPU user at the same process used by node-cron.
[2026-09-30T04:34:57.983Z] [PID: 260] [32m[NODE-CRON][32m [33m[WARN][0m missed execution at Wed Sep 30 2026 05:46:00 GMT+0530 (India Standard Time)! Possible blocking IO or high CPU user at the same process used by node-cron.
[2026-09-30T04:34:57.987Z] [PID: 260] [32m[NODE-CRON][32m [33m[WARN][0m missed execution at Wed Sep 30 2026 05:47:00 GMT+0530 (India Standard Time)! Possible blocking IO or high CPU user at the same process used by node-cron.
[2026-09-30T04:34:57.992Z] [PID: 260] [32m[NODE-CRON][32m [33m[WARN][0m missed execution at Wed Sep 30 2026 05:48:00 GMT+0530 (India Standard Time)! Possible blocking IO or high CPU user at the same process used by node-cron.
[2026-09-30T04:34:57.997Z] [PID: 260] [32m[NODE-CRON][32m [33m[WARN][0m missed execution at Wed Sep 30 2026 05:49:00 GMT+0530 (India Standard Time)! Possible blocking IO or high CPU user at the same process used by node-cron.
[2026-09-30T04:34:58.002Z] [PID: 260] [32m[NODE-CRON][32m [33m[WARN][0m missed execution at Wed Sep 30 2026 05:50:00 GMT+0530 (India Standard Time)! Possible blocking IO or high CPU user at the same process used by node-cron.
[2026-09-30T04:34:58.006Z] [PID: 260] [32m[NODE-CRON][32m [33m[WARN][0m missed execution at Wed Sep 30 2026 05:51:00 GMT+0530 (India Standard Time)! Possible blocking IO or high CPU user at the same process used by node-cron.
[2026-09-30T04:34:58.011Z] [PID: 260] [32m[NODE-CRON][32m [33m[WARN][0m missed execution at Wed Sep 30 2026 05:52:00 GMT+0530 (India Standard Time)! Possible blocking IO or high CPU user at the same process used by node-cron.
[2026-09-30T04:34:58.016Z] [PID: 260] [32m[NODE-CRON][32m [33m[WARN][0m missed execution at Wed Sep 30 2026 05:53:00 GMT+0530 (India Standard Time)! Possible blocking IO or high CPU user at the same process used by node-cron.
[2026-09-30T04:34:58.021Z] [PID: 260] [32m[NODE-CRON][32m [33m[WARN][0m missed execution at Wed Sep 30 2026 05:54:00 GMT+0530 (India Standard Time)! Possible blocking IO or high CPU user at the same process used by node-cron.
[2026-09-30T04:34:58.036Z] [PID: 260] [32m[NODE-CRON][32m [33m[WARN][0m missed execution at Wed Sep 30 2026 05:55:00 GMT+0530 (India Standard Time)! Possible blocking IO or high CPU user at the same process used by node-cron.
[2026-09-30T04:34:58.041Z] [PID: 260] [32m[NODE-CRON][32m [33m[WARN][0m missed execution at Wed Sep 30 2026 05:56:00 GMT+0530 (India Standard Time)! Possible blocking IO or high CPU user at the same process used by node-cron.
[2026-09-30T04:34:58.046Z] [PID: 260] [32m[NODE-CRON][32m [33m[WARN][0m missed execution at Wed Sep 30 2026 05:57:00 GMT+0530 (India Standard Time)! Possible blocking IO or high CPU user at the same process used by node-cron.
[2026-09-30T04:34:58.051Z] [PID: 260] [32m[NODE-CRON][32m [33m[WARN][0m missed execution at Wed Sep 30 2026 05:58:00 GMT+0530 (India Standard Time)! Possible blocking IO or high CPU user at the same process used by node-cron.
[2026-09-30T04:34:58.056Z] [PID: 260] [32m[NODE-CRON][32m [33m[WARN][0m missed execution at Wed Sep 30 2026 05:59:00 GMT+0530 (India Standard Time)! Possible blocking IO or high CPU user at the same process used by node-cron.
[2026-09-30T04:34:58.062Z] [PID: 260] [32m[NODE-CRON][32m [33m[WARN][0m missed execution at Wed Sep 30 2026 06:00:00 GMT+0530 (India Standard Time)! Possible blocking IO or high CPU user at the same process used by node-cron.
[2026-09-30T04:34:58.066Z] [PID: 260] [32m[NODE-CRON][32m [33m[WARN][0m missed execution at Wed Sep 30 2026 06:01:00 GMT+0530 (India Standard Time)! Possible blocking IO or high CPU user at the same process used by node-cron.
[2026-09-30T04:34:58.071Z] [PID: 260] [32m[NODE-CRON][32m [33m[WARN][0m missed execution at Wed Sep 30 2026 06:02:00 GMT+0530 (India Standard Time)! Possible blocking IO or high CPU user at the same process used by node-cron.
[2026-09-30T04:34:58.076Z] [PID: 260] [32m[NODE-CRON][32m [33m[WARN][0m missed execution at Wed Sep 30 2026 06:03:00 GMT+0530 (India Standard Time)! Possible blocking IO or high CPU user at the same process used by node-cron.
[2026-09-30T04:34:58.081Z] [PID: 260] [32m[NODE-CRON][32m [33m[WARN][0m missed execution at Wed Sep 30 2026 06:04:00 GMT+0530 (India Standard Time)! Possible blocking IO or high CPU user at the same process used by node-cron.
[2026-09-30T04:34:58.085Z] [PID: 260] [32m[NODE-CRON][32m [33m[WARN][0m missed execution at Wed Sep 30 2026 06:05:00 GMT+0530 (India Standard Time)! Possible blocking IO or high CPU user at the same process used by node-cron.
[2026-09-30T04:34:58.090Z] [PID: 260] [32m[NODE-CRON][32m [33m[WARN][0m missed execution at Wed Sep 30 2026 06:06:00 GMT+0530 (India Standard Time)! Possible blocking IO or high CPU user at the same process used by node-cron.
[2026-09-30T04:34:58.095Z] [PID: 260] [32m[NODE-CRON][32m [33m[WARN][0m missed execution at Wed Sep 30 2026 06:07:00 GMT+0530 (India Standard Time)! Possible blocking IO or high CPU user at the same process used by node-cron.
[2026-09-30T04:34:58.099Z] [PID: 260] [32m[NODE-CRON][32m [33m[WARN][0m missed execution at Wed Sep 30 2026 06:08:00 GMT+0530 (India Standard Time)! Possible blocking IO or high CPU user at the same process used by node-cron.
[2026-09-30T04:34:58.104Z] [PID: 260] [32m[NODE-CRON][32m [33m[WARN][0m missed execution at Wed Sep 30 2026 06:09:00 GMT+0530 (India Standard Time)! Possible blocking IO or high CPU user at the same process used by node-cron.
[2026-09-30T04:34:58.110Z] [PID: 260] [32m[NODE-CRON][32m [33m[WARN][0m missed execution at Wed Sep 30 2026 06:10:00 GMT+0530 (India Standard Time)! Possible blocking IO or high CPU user at the same process used by node-cron.
[2026-09-30T04:34:58.115Z] [PID: 260] [32m[NODE-CRON][32m [33m[WARN][0m missed execution at Wed Sep 30 2026 06:11:00 GMT+0530 (India Standard Time)! Possible blocking IO or high CPU user at the same process used by node-cron.
[2026-09-30T04:34:58.120Z] [PID: 260] [32m[NODE-CRON][32m [33m[WARN][0m missed execution at Wed Sep 30 2026 06:12:00 GMT+0530 (India Standard Time)! Possible blocking IO or high CPU user at the same process used by node-cron.
[2026-09-30T04:34:58.125Z] [PID: 260] [32m[NODE-CRON][32m [33m[WARN][0m missed execution at Wed Sep 30 2026 06:13:00 GMT+0530 (India Standard Time)! Possible blocking IO or high CPU user at the same process used by node-cron.
[2026-09-30T04:34:58.130Z] [PID: 260] [32m[NODE-CRON][32m [33m[WARN][0m missed execution at Wed Sep 30 2026 06:14:00 GMT+0530 (India Standard Time)! Possible blocking IO or high CPU user at the same process used by node-cron.
[2026-09-30T04:34:58.135Z] [PID: 260] [32m[NODE-CRON][32m [33m[WARN][0m missed execution at Wed Sep 30 2026 06:15:00 GMT+0530 (India Standard Time)! Possible blocking IO or high CPU user at the same process used by node-cron.
[2026-09-30T04:34:58.141Z] [PID: 260] [32m[NODE-CRON][32m [33m[WARN][0m missed execution at Wed Sep 30 2026 06:16:00 GMT+0530 (India Standard Time)! Possible blocking IO or high CPU user at the same process used by node-cron.
[2026-09-30T04:34:58.146Z] [PID: 260] [32m[NODE-CRON][32m [33m[WARN][0m missed execution at Wed Sep 30 2026 06:17:00 GMT+0530 (India Standard Time)! Possible blocking IO or high CPU user at the same process used by node-cron.
[2026-09-30T04:34:58.152Z] [PID: 260] [32m[NODE-CRON][32m [33m[WARN][0m missed execution at Wed Sep 30 2026 06:18:00 GMT+0530 (India Standard Time)! Possible blocking IO or high CPU user at the same process used by node-cron.
[2026-09-30T04:34:58.157Z] [PID: 260] [32m[NODE-CRON][32m [33m[WARN][0m missed execution at Wed Sep 30 2026 06:19:00 GMT+0530 (India Standard Time)! Possible blocking IO or high CPU user at the same process used by node-cron.
[2026-09-30T04:34:58.164Z] [PID: 260] [32m[NODE-CRON][32m [33m[WARN][0m missed execution at Wed Sep 30 2026 06:20:00 GMT+0530 (India Standard Time)! Possible blocking IO or high CPU user at the same process used by node-cron.
[2026-09-30T04:34:58.169Z] [PID: 260] [32m[NODE-CRON][32m [33m[WARN][0m missed execution at Wed Sep 30 2026 06:21:00 GMT+0530 (India Standard Time)! Possible blocking IO or high CPU user at the same process used by node-cron.
[2026-09-30T04:34:58.175Z] [PID: 260] [32m[NODE-CRON][32m [33m[WARN][0m missed execution at Wed Sep 30 2026 06:22:00 GMT+0530 (India Standard Time)! Possible blocking IO or high CPU user at the same process used by node-cron.
[2026-09-30T04:34:58.181Z] [PID: 260] [32m[NODE-CRON][32m [33m[WARN][0m missed execution at Wed Sep 30 2026 06:23:00 GMT+0530 (India Standard Time)! Possible blocking IO or high CPU user at the same process used by node-cron.
[2026-09-30T04:34:58.186Z] [PID: 260] [32m[NODE-CRON][32m [33m[WARN][0m missed execution at Wed Sep 30 2026 06:24:00 GMT+0530 (India Standard Time)! Possible blocking IO or high CPU user at the same process used by node-cron.
[2026-09-30T04:34:58.191Z] [PID: 260] [32m[NODE-CRON][32m [33m[WARN][0m missed execution at Wed Sep 30 2026 06:25:00 GMT+0530 (India Standard Time)! Possible blocking IO or high CPU user at the same process used by node-cron.
[2026-09-30T04:34:58.197Z] [PID: 260] [32m[NODE-CRON][32m [33m[WARN][0m missed execution at Wed Sep 30 2026 06:26:00 GMT+0530 (India Standard Time)! Possible blocking IO or high CPU user at the same process used by node-cron.
[2026-09-30T04:34:58.201Z] [PID: 260] [32m[NODE-CRON][32m [33m[WARN][0m missed execution at Wed Sep 30 2026 06:27:00 GMT+0530 (India Standard Time)! Possible blocking IO or high CPU user at the same process used by node-cron.
[2026-09-30T04:34:58.205Z] [PID: 260] [32m[NODE-CRON][32m [33m[WARN][0m missed execution at Wed Sep 30 2026 06:28:00 GMT+0530 (India Standard Time)! Possible blocking IO or high CPU user at the same process used by node-cron.
[2026-09-30T04:34:58.209Z] [PID: 260] [32m[NODE-CRON][32m [33m[WARN][0m missed execution at Wed Sep 30 2026 06:29:00 GMT+0530 (India Standard Time)! Possible blocking IO or high CPU user at the same process used by node-cron.
[2026-09-30T04:34:58.214Z] [PID: 260] [32m[NODE-CRON][32m [33m[WARN][0m missed execution at Wed Sep 30 2026 06:30:00 GMT+0530 (India Standard Time)! Possible blocking IO or high CPU user at the same process used by node-cron.
[2026-09-30T04:34:58.219Z] [PID: 260] [32m[NODE-CRON][32m [33m[WARN][0m missed execution at Wed Sep 30 2026 06:31:00 GMT+0530 (India Standard Time)! Possible blocking IO or high CPU user at the same process used by node-cron.
[2026-09-30T04:34:58.224Z] [PID: 260] [32m[NODE-CRON][32m [33m[WARN][0m missed execution at Wed Sep 30 2026 06:32:00 GMT+0530 (India Standard Time)! Possible blocking IO or high CPU user at the same process used by node-cron.
[2026-09-30T04:34:58.231Z] [PID: 260] [32m[NODE-CRON][32m [33m[WARN][0m missed execution at Wed Sep 30 2026 06:33:00 GMT+0530 (India Standard Time)! Possible blocking IO or high CPU user at the same process used by node-cron.
[2026-09-30T04:34:58.247Z] [PID: 260] [32m[NODE-CRON][32m [33m[WARN][0m missed execution at Wed Sep 30 2026 06:34:00 GMT+0530 (India Standard Time)! Possible blocking IO or high CPU user at the same process used by node-cron.
[2026-09-30T04:34:58.251Z] [PID: 260] [32m[NODE-CRON][32m [33m[WARN][0m missed execution at Wed Sep 30 2026 06:35:00 GMT+0530 (India Standard Time)! Possible blocking IO or high CPU user at the same process used by node-cron.
[2026-09-30T04:34:58.256Z] [PID: 260] [32m[NODE-CRON][32m [33m[WARN][0m missed execution at Wed Sep 30 2026 06:36:00 GMT+0530 (India Standard Time)! Possible blocking IO or high CPU user at the same process used by node-cron.
[2026-09-30T04:34:58.261Z] [PID: 260] [32m[NODE-CRON][32m [33m[WARN][0m missed execution at Wed Sep 30 2026 06:37:00 GMT+0530 (India Standard Time)! Possible blocking IO or high CPU user at the same process used by node-cron.
[2026-09-30T04:34:58.266Z] [PID: 260] [32m[NODE-CRON][32m [33m[WARN][0m missed execution at Wed Sep 30 2026 06:38:00 GMT+0530 (India Standard Time)! Possible blocking IO or high CPU user at the same process used by node-cron.
[2026-09-30T04:34:58.272Z] [PID: 260] [32m[NODE-CRON][32m [33m[WARN][0m missed execution at Wed Sep 30 2026 06:39:00 GMT+0530 (India Standard Time)! Possible blocking IO or high CPU user at the same process used by node-cron.
[2026-09-30T04:34:58.277Z] [PID: 260] [32m[NODE-CRON][32m [33m[WARN][0m missed execution at Wed Sep 30 2026 06:40:00 GMT+0530 (India Standard Time)! Possible blocking IO or high CPU user at the same process used by node-cron.
[2026-09-30T04:34:58.282Z] [PID: 260] [32m[NODE-CRON][32m [33m[WARN][0m missed execution at Wed Sep 30 2026 06:41:00 GMT+0530 (India Standard Time)! Possible blocking IO or high CPU user at the same process used by node-cron.
[2026-09-30T04:34:58.288Z] [PID: 260] [32m[NODE-CRON][32m [33m[WARN][0m missed execution at Wed Sep 30 2026 06:42:00 GMT+0530 (India Standard Time)! Possible blocking IO or high CPU user at the same process used by node-cron.
[2026-09-30T04:34:58.293Z] [PID: 260] [32m[NODE-CRON][32m [33m[WARN][0m missed execution at Wed Sep 30 2026 06:43:00 GMT+0530 (India Standard Time)! Possible blocking IO or high CPU user at the same process used by node-cron.
[2026-09-30T04:34:58.298Z] [PID: 260] [32m[NODE-CRON][32m [33m[WARN][0m missed execution at Wed Sep 30 2026 06:44:00 GMT+0530 (India Standard Time)! Possible blocking IO or high CPU user at the same process used by node-cron.
[2026-09-30T04:34:58.304Z] [PID: 260] [32m[NODE-CRON][32m [33m[WARN][0m missed execution at Wed Sep 30 2026 06:45:00 GMT+0530 (India Standard Time)! Possible blocking IO or high CPU user at the same process used by node-cron.
[2026-09-30T04:34:58.309Z] [PID: 260] [32m[NODE-CRON][32m [33m[WARN][0m missed execution at Wed Sep 30 2026 06:46:00 GMT+0530 (India Standard Time)! Possible blocking IO or high CPU user at the same process used by node-cron.
[2026-09-30T04:34:58.314Z] [PID: 260] [32m[NODE-CRON][32m [33m[WARN][0m missed execution at Wed Sep 30 2026 06:47:00 GMT+0530 (India Standard Time)! Possible blocking IO or high CPU user at the same process used by node-cron.
[2026-09-30T04:34:58.320Z] [PID: 260] [32m[NODE-CRON][32m [33m[WARN][0m missed execution at Wed Sep 30 2026 06:48:00 GMT+0530 (India Standard Time)! Possible blocking IO or high CPU user at the same process used by node-cron.
[2026-09-30T04:34:58.325Z] [PID: 260] [32m[NODE-CRON][32m [33m[WARN][0m missed execution at Wed Sep 30 2026 06:49:00 GMT+0530 (India Standard Time)! Possible blocking IO or high CPU user at the same process used by node-cron.
[2026-09-30T04:34:58.330Z] [PID: 260] [32m[NODE-CRON][32m [33m[WARN][0m missed execution at Wed Sep 30 2026 06:50:00 GMT+0530 (India Standard Time)! Possible blocking IO or high CPU user at the same process used by node-cron.
[2026-09-30T04:34:58.335Z] [PID: 260] [32m[NODE-CRON][32m [33m[WARN][0m missed execution at Wed Sep 30 2026 06:51:00 GMT+0530 (India Standard Time)! Possible blocking IO or high CPU user at the same process used by node-cron.
[2026-09-30T04:34:58.341Z] [PID: 260] [32m[NODE-CRON][32m [33m[WARN][0m missed execution at Wed Sep 30 2026 06:52:00 GMT+0530 (India Standard Time)! Possible blocking IO or high CPU user at the same process used by node-cron.
[2026-09-30T04:34:58.346Z] [PID: 260] [32m[NODE-CRON][32m [33m[WARN][0m missed execution at Wed Sep 30 2026 06:53:00 GMT+0530 (India Standard Time)! Possible blocking IO or high CPU user at the same process used by node-cron.
[2026-09-30T04:34:58.351Z] [PID: 260] [32m[NODE-CRON][32m [33m[WARN][0m missed execution at Wed Sep 30 2026 06:54:00 GMT+0530 (India Standard Time)! Possible blocking IO or high CPU user at the same process used by node-cron.
[2026-09-30T04:34:58.357Z] [PID: 260] [32m[NODE-CRON][32m [33m[WARN][0m missed execution at Wed Sep 30 2026 06:55:00 GMT+0530 (India Standard Time)! Possible blocking IO or high CPU user at the same process used by node-cron.
[2026-09-30T04:34:58.363Z] [PID: 260] [32m[NODE-CRON][32m [33m[WARN][0m missed execution at Wed Sep 30 2026 06:56:00 GMT+0530 (India Standard Time)! Possible blocking IO or high CPU user at the same process used by node-cron.
[2026-09-30T04:34:58.368Z] [PID: 260] [32m[NODE-CRON][32m [33m[WARN][0m missed execution at Wed Sep 30 2026 06:57:00 GMT+0530 (India Standard Time)! Possible blocking IO or high CPU user at the same process used by node-cron.
[2026-09-30T04:34:58.373Z] [PID: 260] [32m[NODE-CRON][32m [33m[WARN][0m missed execution at Wed Sep 30 2026 06:58:00 GMT+0530 (India Standard Time)! Possible blocking IO or high CPU user at the same process used by node-cron.
[2026-09-30T04:34:58.377Z] [PID: 260] [32m[NODE-CRON][32m [33m[WARN][0m missed execution at Wed Sep 30 2026 06:59:00 GMT+0530 (India Standard Time)! Possible blocking IO or high CPU user at the same process used by node-cron.
[2026-09-30T04:34:58.383Z] [PID: 260] [32m[NODE-CRON][32m [33m[WARN][0m missed execution at Wed Sep 30 2026 07:00:00 GMT+0530 (India Standard Time)! Possible blocking IO or high CPU user at the same process used by node-cron.
[2026-09-30T04:34:58.388Z] [PID: 260] [32m[NODE-CRON][32m [33m[WARN][0m missed execution at Wed Sep 30 2026 07:01:00 GMT+0530 (India Standard Time)! Possible blocking IO or high CPU user at the same process used by node-cron.
[2026-09-30T04:34:58.393Z] [PID: 260] [32m[NODE-CRON][32m [33m[WARN][0m missed execution at Wed Sep 30 2026 07:02:00 GMT+0530 (India Standard Time)! Possible blocking IO or high CPU user at the same process used by node-cron.
[2026-09-30T04:34:58.397Z] [PID: 260] [32m[NODE-CRON][32m [33m[WARN][0m missed execution at Wed Sep 30 2026 07:03:00 GMT+0530 (India Standard Time)! Possible blocking IO or high CPU user at the same process used by node-cron.
[2026-09-30T04:34:58.403Z] [PID: 260] [32m[NODE-CRON][32m [33m[WARN][0m missed execution at Wed Sep 30 2026 07:04:00 GMT+0530 (India Standard Time)! Possible blocking IO or high CPU user at the same process used by node-cron.
[2026-09-30T04:34:58.408Z] [PID: 260] [32m[NODE-CRON][32m [33m[WARN][0m missed execution at Wed Sep 30 2026 07:05:00 GMT+0530 (India Standard Time)! Possible blocking IO or high CPU user at the same process used by node-cron.
[2026-09-30T04:34:58.413Z] [PID: 260] [32m[NODE-CRON][32m [33m[WARN][0m missed execution at Wed Sep 30 2026 07:06:00 GMT+0530 (India Standard Time)! Possible blocking IO or high CPU user at the same process used by node-cron.
[2026-09-30T04:34:58.418Z] [PID: 260] [32m[NODE-CRON][32m [33m[WARN][0m missed execution at Wed Sep 30 2026 07:07:00 GMT+0530 (India Standard Time)! Possible blocking IO or high CPU user at the same process used by node-cron.
[2026-09-30T04:34:58.423Z] [PID: 260] [32m[NODE-CRON][32m [33m[WARN][0m missed execution at Wed Sep 30 2026 07:08:00 GMT+0530 (India Standard Time)! Possible blocking IO or high CPU user at the same process used by node-cron.
[2026-09-30T04:34:58.428Z] [PID: 260] [32m[NODE-CRON][32m [33m[WARN][0m missed execution at Wed Sep 30 2026 07:09:00 GMT+0530 (India Standard Time)! Possible blocking IO or high CPU user at the same process used by node-cron.
[2026-09-30T04:34:58.433Z] [PID: 260] [32m[NODE-CRON][32m [33m[WARN][0m missed execution at Wed Sep 30 2026 07:10:00 GMT+0530 (India Standard Time)! Possible blocking IO or high CPU user at the same process used by node-cron.
[2026-09-30T04:34:58.439Z] [PID: 260] [32m[NODE-CRON][32m [33m[WARN][0m missed execution at Wed Sep 30 2026 07:11:00 GMT+0530 (India Standard Time)! Possible blocking IO or high CPU user at the same process used by node-cron.
[2026-09-30T04:34:58.456Z] [PID: 260] [32m[NODE-CRON][32m [33m[WARN][0m missed execution at Wed Sep 30 2026 07:12:00 GMT+0530 (India Standard Time)! Possible blocking IO or high CPU user at the same process used by node-cron.
[2026-09-30T04:34:58.461Z] [PID: 260] [32m[NODE-CRON][32m [33m[WARN][0m missed execution at Wed Sep 30 2026 07:13:00 GMT+0530 (India Standard Time)! Possible blocking IO or high CPU user at the same process used by node-cron.
[2026-09-30T04:34:58.467Z] [PID: 260] [32m[NODE-CRON][32m [33m[WARN][0m missed execution at Wed Sep 30 2026 07:14:00 GMT+0530 (India Standard Time)! Possible blocking IO or high CPU user at the same process used by node-cron.
[2026-09-30T04:34:58.472Z] [PID: 260] [32m[NODE-CRON][32m [33m[WARN][0m missed execution at Wed Sep 30 2026 07:15:00 GMT+0530 (India Standard Time)! Possible blocking IO or high CPU user at the same process used by node-cron.
[2026-09-30T04:34:58.477Z] [PID: 260] [32m[NODE-CRON][32m [33m[WARN][0m missed execution at Wed Sep 30 2026 07:16:00 GMT+0530 (India Standard Time)! Possible blocking IO or high CPU user at the same process used by node-cron.
[2026-09-30T04:34:58.482Z] [PID: 260] [32m[NODE-CRON][32m [33m[WARN][0m missed execution at Wed Sep 30 2026 07:17:00 GMT+0530 (India Standard Time)! Possible blocking IO or high CPU user at the same process used by node-cron.
[2026-09-30T04:34:58.486Z] [PID: 260] [32m[NODE-CRON][32m [33m[WARN][0m missed execution at Wed Sep 30 2026 07:18:00 GMT+0530 (India Standard Time)! Possible blocking IO or high CPU user at the same process used by node-cron.
[2026-09-30T04:34:58.491Z] [PID: 260] [32m[NODE-CRON][32m [33m[WARN][0m missed execution at Wed Sep 30 2026 07:19:00 GMT+0530 (India Standard Time)! Possible blocking IO or high CPU user at the same process used by node-cron.
[2026-09-30T04:34:58.495Z] [PID: 260] [32m[NODE-CRON][32m [33m[WARN][0m missed execution at Wed Sep 30 2026 07:20:00 GMT+0530 (India Standard Time)! Possible blocking IO or high CPU user at the same process used by node-cron.
[2026-09-30T04:34:58.499Z] [PID: 260] [32m[NODE-CRON][32m [33m[WARN][0m missed execution at Wed Sep 30 2026 07:21:00 GMT+0530 (India Standard Time)! Possible blocking IO or high CPU user at the same process used by node-cron.
[2026-09-30T04:34:58.504Z] [PID: 260] [32m[NODE-CRON][32m [33m[WARN][0m missed execution at Wed Sep 30 2026 07:22:00 GMT+0530 (India Standard Time)! Possible blocking IO or high CPU user at the same process used by node-cron.
[2026-09-30T04:34:58.509Z] [PID: 260] [32m[NODE-CRON][32m [33m[WARN][0m missed execution at Wed Sep 30 2026 07:23:00 GMT+0530 (India Standard Time)! Possible blocking IO or high CPU user at the same process used by node-cron.
[2026-09-30T04:34:58.514Z] [PID: 260] [32m[NODE-CRON][32m [33m[WARN][0m missed execution at Wed Sep 30 2026 07:24:00 GMT+0530 (India Standard Time)! Possible blocking IO or high CPU user at the same process used by node-cron.
[2026-09-30T04:34:58.519Z] [PID: 260] [32m[NODE-CRON][32m [33m[WARN][0m missed execution at Wed Sep 30 2026 07:25:00 GMT+0530 (India Standard Time)! Possible blocking IO or high CPU user at the same process used by node-cron.
[2026-09-30T04:34:58.523Z] [PID: 260] [32m[NODE-CRON][32m [33m[WARN][0m missed execution at Wed Sep 30 2026 07:26:00 GMT+0530 (India Standard Time)! Possible blocking IO or high CPU user at the same process used by node-cron.
[2026-09-30T04:34:58.528Z] [PID: 260] [32m[NODE-CRON][32m [33m[WARN][0m missed execution at Wed Sep 30 2026 07:27:00 GMT+0530 (India Standard Time)! Possible blocking IO or high CPU user at the same process used by node-cron.
[2026-09-30T04:34:58.533Z] [PID: 260] [32m[NODE-CRON][32m [33m[WARN][0m missed execution at Wed Sep 30 2026 07:28:00 GMT+0530 (India Standard Time)! Possible blocking IO or high CPU user at the same process used by node-cron.
[2026-09-30T04:34:58.538Z] [PID: 260] [32m[NODE-CRON][32m [33m[WARN][0m missed execution at Wed Sep 30 2026 07:29:00 GMT+0530 (India Standard Time)! Possible blocking IO or high CPU user at the same process used by node-cron.
[2026-09-30T04:34:58.542Z] [PID: 260] [32m[NODE-CRON][32m [33m[WARN][0m missed execution at Wed Sep 30 2026 07:30:00 GMT+0530 (India Standard Time)! Possible blocking IO or high CPU user at the same process used by node-cron.
[2026-09-30T04:34:58.547Z] [PID: 260] [32m[NODE-CRON][32m [33m[WARN][0m missed execution at Wed Sep 30 2026 07:31:00 GMT+0530 (India Standard Time)! Possible blocking IO or high CPU user at the same process used by node-cron.
[2026-09-30T04:34:58.551Z] [PID: 260] [32m[NODE-CRON][32m [33m[WARN][0m missed execution at Wed Sep 30 2026 07:32:00 GMT+0530 (India Standard Time)! Possible blocking IO or high CPU user at the same process used by node-cron.
[2026-09-30T04:34:58.556Z] [PID: 260] [32m[NODE-CRON][32m [33m[WARN][0m missed execution at Wed Sep 30 2026 07:33:00 GMT+0530 (India Standard Time)! Possible blocking IO or high CPU user at the same process used by node-cron.
[2026-09-30T04:34:58.561Z] [PID: 260] [32m[NODE-CRON][32m [33m[WARN][0m missed execution at Wed Sep 30 2026 07:34:00 GMT+0530 (India Standard Time)! Possible blocking IO or high CPU user at the same process used by node-cron.
[2026-09-30T04:34:58.566Z] [PID: 260] [32m[NODE-CRON][32m [33m[WARN][0m missed execution at Wed Sep 30 2026 07:35:00 GMT+0530 (India Standard Time)! Possible blocking IO or high CPU user at the same process used by node-cron.
[2026-09-30T04:34:58.570Z] [PID: 260] [32m[NODE-CRON][32m [33m[WARN][0m missed execution at Wed Sep 30 2026 07:36:00 GMT+0530 (India Standard Time)! Possible blocking IO or high CPU user at the same process used by node-cron.
[2026-09-30T04:34:58.575Z] [PID: 260] [32m[NODE-CRON][32m [33m[WARN][0m missed execution at Wed Sep 30 2026 07:37:00 GMT+0530 (India Standard Time)! Possible blocking IO or high CPU user at the same process used by node-cron.
[2026-09-30T04:34:58.580Z] [PID: 260] [32m[NODE-CRON][32m [33m[WARN][0m missed execution at Wed Sep 30 2026 07:38:00 GMT+0530 (India Standard Time)! Possible blocking IO or high CPU user at the same process used by node-cron.
[2026-09-30T04:34:58.585Z] [PID: 260] [32m[NODE-CRON][32m [33m[WARN][0m missed execution at Wed Sep 30 2026 07:39:00 GMT+0530 (India Standard Time)! Possible blocking IO or high CPU user at the same process used by node-cron.
[2026-09-30T04:34:58.590Z] [PID: 260] [32m[NODE-CRON][32m [33m[WARN][0m missed execution at Wed Sep 30 2026 07:40:00 GMT+0530 (India Standard Time)! Possible blocking IO or high CPU user at the same process used by node-cron.
[2026-09-30T04:34:58.595Z] [PID: 260] [32m[NODE-CRON][32m [33m[WARN][0m missed execution at Wed Sep 30 2026 07:41:00 GMT+0530 (India Standard Time)! Possible blocking IO or high CPU user at the same process used by node-cron.
[2026-09-30T04:34:58.600Z] [PID: 260] [32m[NODE-CRON][32m [33m[WARN][0m missed execution at Wed Sep 30 2026 07:42:00 GMT+0530 (India Standard Time)! Possible blocking IO or high CPU user at the same process used by node-cron.
[2026-09-30T04:34:58.605Z] [PID: 260] [32m[NODE-CRON][32m [33m[WARN][0m missed execution at Wed Sep 30 2026 07:43:00 GMT+0530 (India Standard Time)! Possible blocking IO or high CPU user at the same process used by node-cron.
[2026-09-30T04:34:58.609Z] [PID: 260] [32m[NODE-CRON][32m [33m[WARN][0m missed execution at Wed Sep 30 2026 07:44:00 GMT+0530 (India Standard Time)! Possible blocking IO or high CPU user at the same process used by node-cron.
[2026-09-30T04:34:58.614Z] [PID: 260] [32m[NODE-CRON][32m [33m[WARN][0m missed execution at Wed Sep 30 2026 07:45:00 GMT+0530 (India Standard Time)! Possible blocking IO or high CPU user at the same process used by node-cron.
[2026-09-30T04:34:58.618Z] [PID: 260] [32m[NODE-CRON][32m [33m[WARN][0m missed execution at Wed Sep 30 2026 07:46:00 GMT+0530 (India Standard Time)! Possible blocking IO or high CPU user at the same process used by node-cron.
[2026-09-30T04:34:58.623Z] [PID: 260] [32m[NODE-CRON][32m [33m[WARN][0m missed execution at Wed Sep 30 2026 07:47:00 GMT+0530 (India Standard Time)! Possible blocking IO or high CPU user at the same process used by node-cron.
[2026-09-30T04:34:58.630Z] [PID: 260] [32m[NODE-CRON][32m [33m[WARN][0m missed execution at Wed Sep 30 2026 07:48:00 GMT+0530 (India Standard Time)! Possible blocking IO or high CPU user at the same process used by node-cron.
[2026-09-30T04:34:58.635Z] [PID: 260] [32m[NODE-CRON][32m [33m[WARN][0m missed execution at Wed Sep 30 2026 07:49:00 GMT+0530 (India Standard Time)! Possible blocking IO or high CPU user at the same process used by node-cron.
[2026-09-30T04:34:58.651Z] [PID: 260] [32m[NODE-CRON][32m [33m[WARN][0m missed execution at Wed Sep 30 2026 07:50:00 GMT+0530 (India Standard Time)! Possible blocking IO or high CPU user at the same process used by node-cron.
[2026-09-30T04:34:58.656Z] [PID: 260] [32m[NODE-CRON][32m [33m[WARN][0m missed execution at Wed Sep 30 2026 07:51:00 GMT+0530 (India Standard Time)! Possible blocking IO or high CPU user at the same process used by node-cron.
[2026-09-30T04:34:58.662Z] [PID: 260] [32m[NODE-CRON][32m [33m[WARN][0m missed execution at Wed Sep 30 2026 07:52:00 GMT+0530 (India Standard Time)! Possible blocking IO or high CPU user at the same process used by node-cron.
[2026-09-30T04:34:58.666Z] [PID: 260] [32m[NODE-CRON][32m [33m[WARN][0m missed execution at Wed Sep 30 2026 07:53:00 GMT+0530 (India Standard Time)! Possible blocking IO or high CPU user at the same process used by node-cron.
[2026-09-30T04:34:58.671Z] [PID: 260] [32m[NODE-CRON][32m [33m[WARN][0m missed execution at Wed Sep 30 2026 07:54:00 GMT+0530 (India Standard Time)! Possible blocking IO or high CPU user at the same process used by node-cron.
[2026-09-30T04:34:58.675Z] [PID: 260] [32m[NODE-CRON][32m [33m[WARN][0m missed execution at Wed Sep 30 2026 07:55:00 GMT+0530 (India Standard Time)! Possible blocking IO or high CPU user at the same process used by node-cron.
[2026-09-30T04:34:58.680Z] [PID: 260] [32m[NODE-CRON][32m [33m[WARN][0m missed execution at Wed Sep 30 2026 07:56:00 GMT+0530 (India Standard Time)! Possible blocking IO or high CPU user at the same process used by node-cron.
[2026-09-30T04:34:58.686Z] [PID: 260] [32m[NODE-CRON][32m [33m[WARN][0m missed execution at Wed Sep 30 2026 07:57:00 GMT+0530 (India Standard Time)! Possible blocking IO or high CPU user at the same process used by node-cron.
[2026-09-30T04:34:58.691Z] [PID: 260] [32m[NODE-CRON][32m [33m[WARN][0m missed execution at Wed Sep 30 2026 07:58:00 GMT+0530 (India Standard Time)! Possible blocking IO or high CPU user at the same process used by node-cron.
[2026-09-30T04:34:58.696Z] [PID: 260] [32m[NODE-CRON][32m [33m[WARN][0m missed execution at Wed Sep 30 2026 07:59:00 GMT+0530 (India Standard Time)! Possible blocking IO or high CPU user at the same process used by node-cron.
[2026-09-30T04:34:58.701Z] [PID: 260] [32m[NODE-CRON][32m [33m[WARN][0m missed execution at Wed Sep 30 2026 08:00:00 GMT+0530 (India Standard Time)! Possible blocking IO or high CPU user at the same process used by node-cron.
[2026-09-30T04:34:58.706Z] [PID: 260] [32m[NODE-CRON][32m [33m[WARN][0m missed execution at Wed Sep 30 2026 08:01:00 GMT+0530 (India Standard Time)! Possible blocking IO or high CPU user at the same process used by node-cron.
[2026-09-30T04:34:58.711Z] [PID: 260] [32m[NODE-CRON][32m [33m[WARN][0m missed execution at Wed Sep 30 2026 08:02:00 GMT+0530 (India Standard Time)! Possible blocking IO or high CPU user at the same process used by node-cron.
[2026-09-30T04:34:58.716Z] [PID: 260] [32m[NODE-CRON][32m [33m[WARN][0m missed execution at Wed Sep 30 2026 08:03:00 GMT+0530 (India Standard Time)! Possible blocking IO or high CPU user at the same process used by node-cron.
[2026-09-30T04:34:58.720Z] [PID: 260] [32m[NODE-CRON][32m [33m[WARN][0m missed execution at Wed Sep 30 2026 08:04:00 GMT+0530 (India Standard Time)! Possible blocking IO or high CPU user at the same process used by node-cron.
[2026-09-30T04:34:58.725Z] [PID: 260] [32m[NODE-CRON][32m [33m[WARN][0m missed execution at Wed Sep 30 2026 08:05:00 GMT+0530 (India Standard Time)! Possible blocking IO or high CPU user at the same process used by node-cron.
[2026-09-30T04:34:58.730Z] [PID: 260] [32m[NODE-CRON][32m [33m[WARN][0m missed execution at Wed Sep 30 2026 08:06:00 GMT+0530 (India Standard Time)! Possible blocking IO or high CPU user at the same process used by node-cron.
[2026-09-30T04:34:58.736Z] [PID: 260] [32m[NODE-CRON][32m [33m[WARN][0m missed execution at Wed Sep 30 2026 08:07:00 GMT+0530 (India Standard Time)! Possible blocking IO or high CPU user at the same process used by node-cron.
[2026-09-30T04:34:58.740Z] [PID: 260] [32m[NODE-CRON][32m [33m[WARN][0m missed execution at Wed Sep 30 2026 08:08:00 GMT+0530 (India Standard Time)! Possible blocking IO or high CPU user at the same process used by node-cron.
[2026-09-30T04:34:58.744Z] [PID: 260] [32m[NODE-CRON][32m [33m[WARN][0m missed execution at Wed Sep 30 2026 08:09:00 GMT+0530 (India Standard Time)! Possible blocking IO or high CPU user at the same process used by node-cron.
[2026-09-30T04:34:58.750Z] [PID: 260] [32m[NODE-CRON][32m [33m[WARN][0m missed execution at Wed Sep 30 2026 08:10:00 GMT+0530 (India Standard Time)! Possible blocking IO or high CPU user at the same process used by node-cron.
[2026-09-30T04:34:58.755Z] [PID: 260] [32m[NODE-CRON][32m [33m[WARN][0m missed execution at Wed Sep 30 2026 08:11:00 GMT+0530 (India Standard Time)! Possible blocking IO or high CPU user at the same process used by node-cron.
[2026-09-30T04:34:58.760Z] [PID: 260] [32m[NODE-CRON][32m [33m[WARN][0m missed execution at Wed Sep 30 2026 08:12:00 GMT+0530 (India Standard Time)! Possible blocking IO or high CPU user at the same process used by node-cron.
[2026-09-30T04:34:58.765Z] [PID: 260] [32m[NODE-CRON][32m [33m[WARN][0m missed execution at Wed Sep 30 2026 08:13:00 GMT+0530 (India Standard Time)! Possible blocking IO or high CPU user at the same process used by node-cron.
[2026-09-30T04:34:58.769Z] [PID: 260] [32m[NODE-CRON][32m [33m[WARN][0m missed execution at Wed Sep 30 2026 08:14:00 GMT+0530 (India Standard Time)! Possible blocking IO or high CPU user at the same process used by node-cron.
[2026-09-30T04:34:58.774Z] [PID: 260] [32m[NODE-CRON][32m [33m[WARN][0m missed execution at Wed Sep 30 2026 08:15:00 GMT+0530 (India Standard Time)! Possible blocking IO or high CPU user at the same process used by node-cron.
[2026-09-30T04:34:58.779Z] [PID: 260] [32m[NODE-CRON][32m [33m[WARN][0m missed execution at Wed Sep 30 2026 08:16:00 GMT+0530 (India Standard Time)! Possible blocking IO or high CPU user at the same process used by node-cron.
[2026-09-30T04:34:58.784Z] [PID: 260] [32m[NODE-CRON][32m [33m[WARN][0m missed execution at Wed Sep 30 2026 08:17:00 GMT+0530 (India Standard Time)! Possible blocking IO or high CPU user at the same process used by node-cron.
[2026-09-30T04:34:58.789Z] [PID: 260] [32m[NODE-CRON][32m [33m[WARN][0m missed execution at Wed Sep 30 2026 08:18:00 GMT+0530 (India Standard Time)! Possible blocking IO or high CPU user at the same process used by node-cron.
[2026-09-30T04:34:58.795Z] [PID: 260] [32m[NODE-CRON][32m [33m[WARN][0m missed execution at Wed Sep 30 2026 08:19:00 GMT+0530 (India Standard Time)! Possible blocking IO or high CPU user at the same process used by node-cron.
[2026-09-30T04:34:58.800Z] [PID: 260] [32m[NODE-CRON][32m [33m[WARN][0m missed execution at Wed Sep 30 2026 08:20:00 GMT+0530 (India Standard Time)! Possible blocking IO or high CPU user at the same process used by node-cron.
[2026-09-30T04:34:58.805Z] [PID: 260] [32m[NODE-CRON][32m [33m[WARN][0m missed execution at Wed Sep 30 2026 08:21:00 GMT+0530 (India Standard Time)! Possible blocking IO or high CPU user at the same process used by node-cron.
[2026-09-30T04:34:58.811Z] [PID: 260] [32m[NODE-CRON][32m [33m[WARN][0m missed execution at Wed Sep 30 2026 08:22:00 GMT+0530 (India Standard Time)! Possible blocking IO or high CPU user at the same process used by node-cron.
[2026-09-30T04:34:58.815Z] [PID: 260] [32m[NODE-CRON][32m [33m[WARN][0m missed execution at Wed Sep 30 2026 08:23:00 GMT+0530 (India Standard Time)! Possible blocking IO or high CPU user at the same process used by node-cron.
[2026-09-30T04:34:58.820Z] [PID: 260] [32m[NODE-CRON][32m [33m[WARN][0m missed execution at Wed Sep 30 2026 08:24:00 GMT+0530 (India Standard Time)! Possible blocking IO or high CPU user at the same process used by node-cron.
[2026-09-30T04:34:58.825Z] [PID: 260] [32m[NODE-CRON][32m [33m[WARN][0m missed execution at Wed Sep 30 2026 08:25:00 GMT+0530 (India Standard Time)! Possible blocking IO or high CPU user at the same process used by node-cron.
[2026-09-30T04:34:58.831Z] [PID: 260] [32m[NODE-CRON][32m [33m[WARN][0m missed execution at Wed Sep 30 2026 08:26:00 GMT+0530 (India Standard Time)! Possible blocking IO or high CPU user at the same process used by node-cron.
[2026-09-30T04:34:58.837Z] [PID: 260] [32m[NODE-CRON][32m [33m[WARN][0m missed execution at Wed Sep 30 2026 08:27:00 GMT+0530 (India Standard Time)! Possible blocking IO or high CPU user at the same process used by node-cron.
[2026-09-30T04:34:58.843Z] [PID: 260] [32m[NODE-CRON][32m [33m[WARN][0m missed execution at Wed Sep 30 2026 08:28:00 GMT+0530 (India Standard Time)! Possible blocking IO or high CPU user at the same process used by node-cron.
[2026-09-30T04:34:58.863Z] [PID: 260] [32m[NODE-CRON][32m [33m[WARN][0m missed execution at Wed Sep 30 2026 08:29:00 GMT+0530 (India Standard Time)! Possible blocking IO or high CPU user at the same process used by node-cron.
[2026-09-30T04:34:58.868Z] [PID: 260] [32m[NODE-CRON][32m [33m[WARN][0m missed execution at Wed Sep 30 2026 08:30:00 GMT+0530 (India Standard Time)! Possible blocking IO or high CPU user at the same process used by node-cron.
[2026-09-30T04:34:58.874Z] [PID: 260] [32m[NODE-CRON][32m [33m[WARN][0m missed execution at Wed Sep 30 2026 08:31:00 GMT+0530 (India Standard Time)! Possible blocking IO or high CPU user at the same process used by node-cron.
[2026-09-30T04:34:58.880Z] [PID: 260] [32m[NODE-CRON][32m [33m[WARN][0m missed execution at Wed Sep 30 2026 08:32:00 GMT+0530 (India Standard Time)! Possible blocking IO or high CPU user at the same process used by node-cron.
[2026-09-30T04:34:58.885Z] [PID: 260] [32m[NODE-CRON][32m [33m[WARN][0m missed execution at Wed Sep 30 2026 08:33:00 GMT+0530 (India Standard Time)! Possible blocking IO or high CPU user at the same process used by node-cron.
[2026-09-30T04:34:58.891Z] [PID: 260] [32m[NODE-CRON][32m [33m[WARN][0m missed execution at Wed Sep 30 2026 08:34:00 GMT+0530 (India Standard Time)! Possible blocking IO or high CPU user at the same process used by node-cron.
[2026-09-30T04:34:58.896Z] [PID: 260] [32m[NODE-CRON][32m [33m[WARN][0m missed execution at Wed Sep 30 2026 08:35:00 GMT+0530 (India Standard Time)! Possible blocking IO or high CPU user at the same process used by node-cron.
[2026-09-30T04:34:58.901Z] [PID: 260] [32m[NODE-CRON][32m [33m[WARN][0m missed execution at Wed Sep 30 2026 08:36:00 GMT+0530 (India Standard Time)! Possible blocking IO or high CPU user at the same process used by node-cron.
[2026-09-30T04:34:58.906Z] [PID: 260] [32m[NODE-CRON][32m [33m[WARN][0m missed execution at Wed Sep 30 2026 08:37:00 GMT+0530 (India Standard Time)! Possible blocking IO or high CPU user at the same process used by node-cron.
[2026-09-30T04:34:58.911Z] [PID: 260] [32m[NODE-CRON][32m [33m[WARN][0m missed execution at Wed Sep 30 2026 08:38:00 GMT+0530 (India Standard Time)! Possible blocking IO or high CPU user at the same process used by node-cron.
[2026-09-30T04:34:58.916Z] [PID: 260] [32m[NODE-CRON][32m [33m[WARN][0m missed execution at Wed Sep 30 2026 08:39:00 GMT+0530 (India Standard Time)! Possible blocking IO or high CPU user at the same process used by node-cron.
[2026-09-30T04:34:58.922Z] [PID: 260] [32m[NODE-CRON][32m [33m[WARN][0m missed execution at Wed Sep 30 2026 08:40:00 GMT+0530 (India Standard Time)! Possible blocking IO or high CPU user at the same process used by node-cron.
[2026-09-30T04:34:58.927Z] [PID: 260] [32m[NODE-CRON][32m [33m[WARN][0m missed execution at Wed Sep 30 2026 08:41:00 GMT+0530 (India Standard Time)! Possible blocking IO or high CPU user at the same process used by node-cron.
[2026-09-30T04:34:58.932Z] [PID: 260] [32m[NODE-CRON][32m [33m[WARN][0m missed execution at Wed Sep 30 2026 08:42:00 GMT+0530 (India Standard Time)! Possible blocking IO or high CPU user at the same process used by node-cron.
[2026-09-30T04:34:58.936Z] [PID: 260] [32m[NODE-CRON][32m [33m[WARN][0m missed execution at Wed Sep 30 2026 08:43:00 GMT+0530 (India Standard Time)! Possible blocking IO or high CPU user at the same process used by node-cron.
[2026-09-30T04:34:58.941Z] [PID: 260] [32m[NODE-CRON][32m [33m[WARN][0m missed execution at Wed Sep 30 2026 08:44:00 GMT+0530 (India Standard Time)! Possible blocking IO or high CPU user at the same process used by node-cron.
[2026-09-30T04:34:58.946Z] [PID: 260] [32m[NODE-CRON][32m [33m[WARN][0m missed execution at Wed Sep 30 2026 08:45:00 GMT+0530 (India Standard Time)! Possible blocking IO or high CPU user at the same process used by node-cron.
[2026-09-30T04:34:58.950Z] [PID: 260] [32m[NODE-CRON][32m [33m[WARN][0m missed execution at Wed Sep 30 2026 08:46:00 GMT+0530 (India Standard Time)! Possible blocking IO or high CPU user at the same process used by node-cron.
[2026-09-30T04:34:58.955Z] [PID: 260] [32m[NODE-CRON][32m [33m[WARN][0m missed execution at Wed Sep 30 2026 08:47:00 GMT+0530 (India Standard Time)! Possible blocking IO or high CPU user at the same process used by node-cron.
[2026-09-30T04:34:58.960Z] [PID: 260] [32m[NODE-CRON][32m [33m[WARN][0m missed execution at Wed Sep 30 2026 08:48:00 GMT+0530 (India Standard Time)! Possible blocking IO or high CPU user at the same process used by node-cron.
[2026-09-30T04:34:58.965Z] [PID: 260] [32m[NODE-CRON][32m [33m[WARN][0m missed execution at Wed Sep 30 2026 08:49:00 GMT+0530 (India Standard Time)! Possible blocking IO or high CPU user at the same process used by node-cron.
[2026-09-30T04:34:58.969Z] [PID: 260] [32m[NODE-CRON][32m [33m[WARN][0m missed execution at Wed Sep 30 2026 08:50:00 GMT+0530 (India Standard Time)! Possible blocking IO or high CPU user at the same process used by node-cron.
[2026-09-30T04:34:58.975Z] [PID: 260] [32m[NODE-CRON][32m [33m[WARN][0m missed execution at Wed Sep 30 2026 08:51:00 GMT+0530 (India Standard Time)! Possible blocking IO or high CPU user at the same process used by node-cron.
[2026-09-30T04:34:58.980Z] [PID: 260] [32m[NODE-CRON][32m [33m[WARN][0m missed execution at Wed Sep 30 2026 08:52:00 GMT+0530 (India Standard Time)! Possible blocking IO or high CPU user at the same process used by node-cron.
[2026-09-30T04:34:58.985Z] [PID: 260] [32m[NODE-CRON][32m [33m[WARN][0m missed execution at Wed Sep 30 2026 08:53:00 GMT+0530 (India Standard Time)! Possible blocking IO or high CPU user at the same process used by node-cron.
[2026-09-30T04:34:58.989Z] [PID: 260] [32m[NODE-CRON][32m [33m[WARN][0m missed execution at Wed Sep 30 2026 08:54:00 GMT+0530 (India Standard Time)! Possible blocking IO or high CPU user at the same process used by node-cron.
[2026-09-30T04:34:58.994Z] [PID: 260] [32m[NODE-CRON][32m [33m[WARN][0m missed execution at Wed Sep 30 2026 08:55:00 GMT+0530 (India Standard Time)! Possible blocking IO or high CPU user at the same process used by node-cron.
[2026-09-30T04:34:58.999Z] [PID: 260] [32m[NODE-CRON][32m [33m[WARN][0m missed execution at Wed Sep 30 2026 08:56:00 GMT+0530 (India Standard Time)! Possible blocking IO or high CPU user at the same process used by node-cron.
[2026-09-30T04:34:59.003Z] [PID: 260] [32m[NODE-CRON][32m [33m[WARN][0m missed execution at Wed Sep 30 2026 08:57:00 GMT+0530 (India Standard Time)! Possible blocking IO or high CPU user at the same process used by node-cron.
[2026-09-30T04:34:59.007Z] [PID: 260] [32m[NODE-CRON][32m [33m[WARN][0m missed execution at Wed Sep 30 2026 08:58:00 GMT+0530 (India Standard Time)! Possible blocking IO or high CPU user at the same process used by node-cron.
[2026-09-30T04:34:59.011Z] [PID: 260] [32m[NODE-CRON][32m [33m[WARN][0m missed execution at Wed Sep 30 2026 08:59:00 GMT+0530 (India Standard Time)! Possible blocking IO or high CPU user at the same process used by node-cron.
[2026-09-30T04:34:59.017Z] [PID: 260] [32m[NODE-CRON][32m [33m[WARN][0m missed execution at Wed Sep 30 2026 09:00:00 GMT+0530 (India Standard Time)! Possible blocking IO or high CPU user at the same process used by node-cron.
[2026-09-30T04:34:59.020Z] [PID: 260] [32m[NODE-CRON][32m [33m[WARN][0m missed execution at Wed Sep 30 2026 09:01:00 GMT+0530 (India Standard Time)! Possible blocking IO or high CPU user at the same process used by node-cron.
[2026-09-30T04:34:59.024Z] [PID: 260] [32m[NODE-CRON][32m [33m[WARN][0m missed execution at Wed Sep 30 2026 09:02:00 GMT+0530 (India Standard Time)! Possible blocking IO or high CPU user at the same process used by node-cron.
[2026-09-30T04:34:59.028Z] [PID: 260] [32m[NODE-CRON][32m [33m[WARN][0m missed execution at Wed Sep 30 2026 09:03:00 GMT+0530 (India Standard Time)! Possible blocking IO or high CPU user at the same process used by node-cron.
[2026-09-30T04:34:59.033Z] [PID: 260] [32m[NODE-CRON][32m [33m[WARN][0m missed execution at Wed Sep 30 2026 09:04:00 GMT+0530 (India Standard Time)! Possible blocking IO or high CPU user at the same process used by node-cron.
[2026-09-30T04:34:59.039Z] [PID: 260] [32m[NODE-CRON][32m [33m[WARN][0m missed execution at Wed Sep 30 2026 09:05:00 GMT+0530 (India Standard Time)! Possible blocking IO or high CPU user at the same process used by node-cron.
[2026-09-30T04:34:59.043Z] [PID: 260] [32m[NODE-CRON][32m [33m[WARN][0m missed execution at Wed Sep 30 2026 09:06:00 GMT+0530 (India Standard Time)! Possible blocking IO or high CPU user at the same process used by node-cron.
[2026-09-30T04:34:59.058Z] [PID: 260] [32m[NODE-CRON][32m [33m[WARN][0m missed execution at Wed Sep 30 2026 09:07:00 GMT+0530 (India Standard Time)! Possible blocking IO or high CPU user at the same process used by node-cron.
[2026-09-30T04:34:59.063Z] [PID: 260] [32m[NODE-CRON][32m [33m[WARN][0m missed execution at Wed Sep 30 2026 09:08:00 GMT+0530 (India Standard Time)! Possible blocking IO or high CPU user at the same process used by node-cron.
[2026-09-30T04:34:59.067Z] [PID: 260] [32m[NODE-CRON][32m [33m[WARN][0m missed execution at Wed Sep 30 2026 09:09:00 GMT+0530 (India Standard Time)! Possible blocking IO or high CPU user at the same process used by node-cron.
[2026-09-30T04:34:59.073Z] [PID: 260] [32m[NODE-CRON][32m [33m[WARN][0m missed execution at Wed Sep 30 2026 09:10:00 GMT+0530 (India Standard Time)! Possible blocking IO or high CPU user at the same process used by node-cron.
[2026-09-30T04:34:59.077Z] [PID: 260] [32m[NODE-CRON][32m [33m[WARN][0m missed execution at Wed Sep 30 2026 09:11:00 GMT+0530 (India Standard Time)! Possible blocking IO or high CPU user at the same process used by node-cron.
[2026-09-30T04:34:59.082Z] [PID: 260] [32m[NODE-CRON][32m [33m[WARN][0m missed execution at Wed Sep 30 2026 09:12:00 GMT+0530 (India Standard Time)! Possible blocking IO or high CPU user at the same process used by node-cron.
[2026-09-30T04:34:59.086Z] [PID: 260] [32m[NODE-CRON][32m [33m[WARN][0m missed execution at Wed Sep 30 2026 09:13:00 GMT+0530 (India Standard Time)! Possible blocking IO or high CPU user at the same process used by node-cron.
[2026-09-30T04:34:59.091Z] [PID: 260] [32m[NODE-CRON][32m [33m[WARN][0m missed execution at Wed Sep 30 2026 09:14:00 GMT+0530 (India Standard Time)! Possible blocking IO or high CPU user at the same process used by node-cron.
[2026-09-30T04:34:59.096Z] [PID: 260] [32m[NODE-CRON][32m [33m[WARN][0m missed execution at Wed Sep 30 2026 09:15:00 GMT+0530 (India Standard Time)! Possible blocking IO or high CPU user at the same process used by node-cron.
[2026-09-30T04:34:59.101Z] [PID: 260] [32m[NODE-CRON][32m [33m[WARN][0m missed execution at Wed Sep 30 2026 09:16:00 GMT+0530 (India Standard Time)! Possible blocking IO or high CPU user at the same process used by node-cron.
[2026-09-30T04:34:59.106Z] [PID: 260] [32m[NODE-CRON][32m [33m[WARN][0m missed execution at Wed Sep 30 2026 09:17:00 GMT+0530 (India Standard Time)! Possible blocking IO or high CPU user at the same process used by node-cron.
[2026-09-30T04:34:59.110Z] [PID: 260] [32m[NODE-CRON][32m [33m[WARN][0m missed execution at Wed Sep 30 2026 09:18:00 GMT+0530 (India Standard Time)! Possible blocking IO or high CPU user at the same process used by node-cron.
[2026-09-30T04:34:59.114Z] [PID: 260] [32m[NODE-CRON][32m [33m[WARN][0m missed execution at Wed Sep 30 2026 09:19:00 GMT+0530 (India Standard Time)! Possible blocking IO or high CPU user at the same process used by node-cron.
[2026-09-30T04:34:59.118Z] [PID: 260] [32m[NODE-CRON][32m [33m[WARN][0m missed execution at Wed Sep 30 2026 09:20:00 GMT+0530 (India Standard Time)! Possible blocking IO or high CPU user at the same process used by node-cron.
[2026-09-30T04:34:59.128Z] [PID: 260] [32m[NODE-CRON][32m [33m[WARN][0m missed execution at Wed Sep 30 2026 09:21:00 GMT+0530 (India Standard Time)! Possible blocking IO or high CPU user at the same process used by node-cron.
[2026-09-30T04:34:59.132Z] [PID: 260] [32m[NODE-CRON][32m [33m[WARN][0m missed execution at Wed Sep 30 2026 09:22:00 GMT+0530 (India Standard Time)! Possible blocking IO or high CPU user at the same process used by node-cron.
[2026-09-30T04:34:59.137Z] [PID: 260] [32m[NODE-CRON][32m [33m[WARN][0m missed execution at Wed Sep 30 2026 09:23:00 GMT+0530 (India Standard Time)! Possible blocking IO or high CPU user at the same process used by node-cron.
[2026-09-30T04:34:59.141Z] [PID: 260] [32m[NODE-CRON][32m [33m[WARN][0m missed execution at Wed Sep 30 2026 09:24:00 GMT+0530 (India Standard Time)! Possible blocking IO or high CPU user at the same process used by node-cron.
[2026-09-30T04:34:59.145Z] [PID: 260] [32m[NODE-CRON][32m [33m[WARN][0m missed execution at Wed Sep 30 2026 09:25:00 GMT+0530 (India Standard Time)! Possible blocking IO or high CPU user at the same process used by node-cron.
[2026-09-30T04:34:59.150Z] [PID: 260] [32m[NODE-CRON][32m [33m[WARN][0m missed execution at Wed Sep 30 2026 09:26:00 GMT+0530 (India Standard Time)! Possible blocking IO or high CPU user at the same process used by node-cron.
[2026-09-30T04:34:59.154Z] [PID: 260] [32m[NODE-CRON][32m [33m[WARN][0m missed execution at Wed Sep 30 2026 09:27:00 GMT+0530 (India Standard Time)! Possible blocking IO or high CPU user at the same process used by node-cron.
[2026-09-30T04:34:59.160Z] [PID: 260] [32m[NODE-CRON][32m [33m[WARN][0m missed execution at Wed Sep 30 2026 09:28:00 GMT+0530 (India Standard Time)! Possible blocking IO or high CPU user at the same process used by node-cron.
[2026-09-30T04:34:59.165Z] [PID: 260] [32m[NODE-CRON][32m [33m[WARN][0m missed execution at Wed Sep 30 2026 09:29:00 GMT+0530 (India Standard Time)! Possible blocking IO or high CPU user at the same process used by node-cron.
[2026-09-30T04:34:59.170Z] [PID: 260] [32m[NODE-CRON][32m [33m[WARN][0m missed execution at Wed Sep 30 2026 09:30:00 GMT+0530 (India Standard Time)! Possible blocking IO or high CPU user at the same process used by node-cron.
[2026-09-30T04:34:59.176Z] [PID: 260] [32m[NODE-CRON][32m [33m[WARN][0m missed execution at Wed Sep 30 2026 09:31:00 GMT+0530 (India Standard Time)! Possible blocking IO or high CPU user at the same process used by node-cron.
[2026-09-30T04:34:59.181Z] [PID: 260] [32m[NODE-CRON][32m [33m[WARN][0m missed execution at Wed Sep 30 2026 09:32:00 GMT+0530 (India Standard Time)! Possible blocking IO or high CPU user at the same process used by node-cron.
[2026-09-30T04:34:59.186Z] [PID: 260] [32m[NODE-CRON][32m [33m[WARN][0m missed execution at Wed Sep 30 2026 09:33:00 GMT+0530 (India Standard Time)! Possible blocking IO or high CPU user at the same process used by node-cron.
[2026-09-30T04:34:59.191Z] [PID: 260] [32m[NODE-CRON][32m [33m[WARN][0m missed execution at Wed Sep 30 2026 09:34:00 GMT+0530 (India Standard Time)! Possible blocking IO or high CPU user at the same process used by node-cron.
[2026-09-30T04:34:59.196Z] [PID: 260] [32m[NODE-CRON][32m [33m[WARN][0m missed execution at Wed Sep 30 2026 09:35:00 GMT+0530 (India Standard Time)! Possible blocking IO or high CPU user at the same process used by node-cron.
[2026-09-30T04:34:59.201Z] [PID: 260] [32m[NODE-CRON][32m [33m[WARN][0m missed execution at Wed Sep 30 2026 09:36:00 GMT+0530 (India Standard Time)! Possible blocking IO or high CPU user at the same process used by node-cron.
[2026-09-30T04:34:59.206Z] [PID: 260] [32m[NODE-CRON][32m [33m[WARN][0m missed execution at Wed Sep 30 2026 09:37:00 GMT+0530 (India Standard Time)! Possible blocking IO or high CPU user at the same process used by node-cron.
[2026-09-30T04:34:59.212Z] [PID: 260] [32m[NODE-CRON][32m [33m[WARN][0m missed execution at Wed Sep 30 2026 09:38:00 GMT+0530 (India Standard Time)! Possible blocking IO or high CPU user at the same process used by node-cron.
[2026-09-30T04:34:59.217Z] [PID: 260] [32m[NODE-CRON][32m [33m[WARN][0m missed execution at Wed Sep 30 2026 09:39:00 GMT+0530 (India Standard Time)! Possible blocking IO or high CPU user at the same process used by node-cron.
[2026-09-30T04:34:59.241Z] [PID: 260] [32m[NODE-CRON][32m [33m[WARN][0m missed execution at Wed Sep 30 2026 09:40:00 GMT+0530 (India Standard Time)! Possible blocking IO or high CPU user at the same process used by node-cron.
[2026-09-30T04:34:59.246Z] [PID: 260] [32m[NODE-CRON][32m [33m[WARN][0m missed execution at Wed Sep 30 2026 09:41:00 GMT+0530 (India Standard Time)! Possible blocking IO or high CPU user at the same process used by node-cron.
[2026-09-30T04:34:59.251Z] [PID: 260] [32m[NODE-CRON][32m [33m[WARN][0m missed execution at Wed Sep 30 2026 09:42:00 GMT+0530 (India Standard Time)! Possible blocking IO or high CPU user at the same process used by node-cron.
[2026-09-30T04:34:59.256Z] [PID: 260] [32m[NODE-CRON][32m [33m[WARN][0m missed execution at Wed Sep 30 2026 09:43:00 GMT+0530 (India Standard Time)! Possible blocking IO or high CPU user at the same process used by node-cron.
[2026-09-30T04:34:59.261Z] [PID: 260] [32m[NODE-CRON][32m [33m[WARN][0m missed execution at Wed Sep 30 2026 09:44:00 GMT+0530 (India Standard Time)! Possible blocking IO or high CPU user at the same process used by node-cron.
[2026-09-30T04:34:59.266Z] [PID: 260] [32m[NODE-CRON][32m [33m[WARN][0m missed execution at Wed Sep 30 2026 09:45:00 GMT+0530 (India Standard Time)! Possible blocking IO or high CPU user at the same process used by node-cron.
[2026-09-30T04:34:59.282Z] [PID: 260] [32m[NODE-CRON][32m [33m[WARN][0m missed execution at Wed Sep 30 2026 09:46:00 GMT+0530 (India Standard Time)! Possible blocking IO or high CPU user at the same process used by node-cron.
[2026-09-30T04:34:59.288Z] [PID: 260] [32m[NODE-CRON][32m [33m[WARN][0m missed execution at Wed Sep 30 2026 09:47:00 GMT+0530 (India Standard Time)! Possible blocking IO or high CPU user at the same process used by node-cron.
[2026-09-30T04:34:59.292Z] [PID: 260] [32m[NODE-CRON][32m [33m[WARN][0m missed execution at Wed Sep 30 2026 09:48:00 GMT+0530 (India Standard Time)! Possible blocking IO or high CPU user at the same process used by node-cron.
[2026-09-30T04:34:59.296Z] [PID: 260] [32m[NODE-CRON][32m [33m[WARN][0m missed execution at Wed Sep 30 2026 09:49:00 GMT+0530 (India Standard Time)! Possible blocking IO or high CPU user at the same process used by node-cron.
[2026-09-30T04:34:59.300Z] [PID: 260] [32m[NODE-CRON][32m [33m[WARN][0m missed execution at Wed Sep 30 2026 09:50:00 GMT+0530 (India Standard Time)! Possible blocking IO or high CPU user at the same process used by node-cron.
[2026-09-30T04:34:59.305Z] [PID: 260] [32m[NODE-CRON][32m [33m[WARN][0m missed execution at Wed Sep 30 2026 09:51:00 GMT+0530 (India Standard Time)! Possible blocking IO or high CPU user at the same process used by node-cron.
[2026-09-30T04:34:59.309Z] [PID: 260] [32m[NODE-CRON][32m [33m[WARN][0m missed execution at Wed Sep 30 2026 09:52:00 GMT+0530 (India Standard Time)! Possible blocking IO or high CPU user at the same process used by node-cron.
[2026-09-30T04:34:59.313Z] [PID: 260] [32m[NODE-CRON][32m [33m[WARN][0m missed execution at Wed Sep 30 2026 09:53:00 GMT+0530 (India Standard Time)! Possible blocking IO or high CPU user at the same process used by node-cron.
[2026-09-30T04:34:59.317Z] [PID: 260] [32m[NODE-CRON][32m [33m[WARN][0m missed execution at Wed Sep 30 2026 09:54:00 GMT+0530 (India Standard Time)! Possible blocking IO or high CPU user at the same process used by node-cron.
[2026-09-30T04:34:59.321Z] [PID: 260] [32m[NODE-CRON][32m [33m[WARN][0m missed execution at Wed Sep 30 2026 09:55:00 GMT+0530 (India Standard Time)! Possible blocking IO or high CPU user at the same process used by node-cron.
[2026-09-30T04:34:59.326Z] [PID: 260] [32m[NODE-CRON][32m [33m[WARN][0m missed execution at Wed Sep 30 2026 09:56:00 GMT+0530 (India Standard Time)! Possible blocking IO or high CPU user at the same process used by node-cron.
[2026-09-30T04:34:59.331Z] [PID: 260] [32m[NODE-CRON][32m [33m[WARN][0m missed execution at Wed Sep 30 2026 09:57:00 GMT+0530 (India Standard Time)! Possible blocking IO or high CPU user at the same process used by node-cron.
[2026-09-30T04:34:59.335Z] [PID: 260] [32m[NODE-CRON][32m [33m[WARN][0m missed execution at Wed Sep 30 2026 09:58:00 GMT+0530 (India Standard Time)! Possible blocking IO or high CPU user at the same process used by node-cron.
[2026-09-30T04:34:59.339Z] [PID: 260] [32m[NODE-CRON][32m [33m[WARN][0m missed execution at Wed Sep 30 2026 09:59:00 GMT+0530 (India Standard Time)! Possible blocking IO or high CPU user at the same process used by node-cron.
[2026-09-30T04:34:59.344Z] [PID: 260] [32m[NODE-CRON][32m [33m[WARN][0m missed execution at Wed Sep 30 2026 10:00:00 GMT+0530 (India Standard Time)! Possible blocking IO or high CPU user at the same process used by node-cron.
[2026-09-30T04:34:59.348Z] [PID: 260] [32m[NODE-CRON][32m [33m[WARN][0m missed execution at Wed Sep 30 2026 10:01:00 GMT+0530 (India Standard Time)! Possible blocking IO or high CPU user at the same process used by node-cron.
[2026-09-30T04:34:59.353Z] [PID: 260] [32m[NODE-CRON][32m [33m[WARN][0m missed execution at Wed Sep 30 2026 10:02:00 GMT+0530 (India Standard Time)! Possible blocking IO or high CPU user at the same process used by node-cron.
[2026-09-30T04:34:59.357Z] [PID: 260] [32m[NODE-CRON][32m [33m[WARN][0m missed execution at Wed Sep 30 2026 10:03:00 GMT+0530 (India Standard Time)! Possible blocking IO or high CPU user at the same process used by node-cron.
[2026-09-30T04:34:59.363Z] [PID: 260] [32m[NODE-CRON][32m [33m[WARN][0m missed execution at Wed Sep 30 2026 10:04:00 GMT+0530 (India Standard Time)! Possible blocking IO or high CPU user at the same process used by node-cron.
[2026-09-30T04:34:59.376Z] [PID: 260] [32m[NODE-CRON][32m [33m[WARN][0m missed execution at Tue Sep 29 2026 21:16:00 GMT+0530 (India Standard Time)! Possible blocking IO or high CPU user at the same process used by node-cron.
[2026-09-30T04:34:59.381Z] [PID: 260] [32m[NODE-CRON][32m [33m[WARN][0m missed execution at Tue Sep 29 2026 21:18:00 GMT+0530 (India Standard Time)! Possible blocking IO or high CPU user at the same process used by node-cron.
[2026-09-30T04:34:59.385Z] [PID: 260] [32m[NODE-CRON][32m [33m[WARN][0m missed execution at Tue Sep 29 2026 21:20:00 GMT+0530 (India Standard Time)! Possible blocking IO or high CPU user at the same process used by node-cron.
[2026-09-30T04:34:59.389Z] [PID: 260] [32m[NODE-CRON][32m [33m[WARN][0m missed execution at Tue Sep 29 2026 21:22:00 GMT+0530 (India Standard Time)! Possible blocking IO or high CPU user at the same process used by node-cron.
[2026-09-30T04:34:59.396Z] [PID: 260] [32m[NODE-CRON][32m [33m[WARN][0m missed execution at Tue Sep 29 2026 21:24:00 GMT+0530 (India Standard Time)! Possible blocking IO or high CPU user at the same process used by node-cron.
[2026-09-30T04:34:59.399Z] [PID: 260] [32m[NODE-CRON][32m [33m[WARN][0m missed execution at Tue Sep 29 2026 21:26:00 GMT+0530 (India Standard Time)! Possible blocking IO or high CPU user at the same process used by node-cron.
[2026-09-30T04:34:59.404Z] [PID: 260] [32m[NODE-CRON][32m [33m[WARN][0m missed execution at Tue Sep 29 2026 21:28:00 GMT+0530 (India Standard Time)! Possible blocking IO or high CPU user at the same process used by node-cron.
[2026-09-30T04:34:59.408Z] [PID: 260] [32m[NODE-CRON][32m [33m[WARN][0m missed execution at Tue Sep 29 2026 21:30:00 GMT+0530 (India Standard Time)! Possible blocking IO or high CPU user at the same process used by node-cron.
[2026-09-30T04:34:59.413Z] [PID: 260] [32m[NODE-CRON][32m [33m[WARN][0m missed execution at Tue Sep 29 2026 21:32:00 GMT+0530 (India Standard Time)! Possible blocking IO or high CPU user at the same process used by node-cron.
[2026-09-30T04:34:59.418Z] [PID: 260] [32m[NODE-CRON][32m [33m[WARN][0m missed execution at Tue Sep 29 2026 21:34:00 GMT+0530 (India Standard Time)! Possible blocking IO or high CPU user at the same process used by node-cron.
[2026-09-30T04:34:59.422Z] [PID: 260] [32m[NODE-CRON][32m [33m[WARN][0m missed execution at Tue Sep 29 2026 21:36:00 GMT+0530 (India Standard Time)! Possible blocking IO or high CPU user at the same process used by node-cron.
[2026-09-30T04:34:59.427Z] [PID: 260] [32m[NODE-CRON][32m [33m[WARN][0m missed execution at Tue Sep 29 2026 21:38:00 GMT+0530 (India Standard Time)! Possible blocking IO or high CPU user at the same process used by node-cron.
[2026-09-30T04:34:59.430Z] [PID: 260] [32m[NODE-CRON][32m [33m[WARN][0m missed execution at Tue Sep 29 2026 21:40:00 GMT+0530 (India Standard Time)! Possible blocking IO or high CPU user at the same process used by node-cron.
[2026-09-30T04:34:59.434Z] [PID: 260] [32m[NODE-CRON][32m [33m[WARN][0m missed execution at Tue Sep 29 2026 21:42:00 GMT+0530 (India Standard Time)! Possible blocking IO or high CPU user at the same process used by node-cron.
[2026-09-30T04:34:59.438Z] [PID: 260] [32m[NODE-CRON][32m [33m[WARN][0m missed execution at Tue Sep 29 2026 21:44:00 GMT+0530 (India Standard Time)! Possible blocking IO or high CPU user at the same process used by node-cron.
[2026-09-30T04:34:59.442Z] [PID: 260] [32m[NODE-CRON][32m [33m[WARN][0m missed execution at Tue Sep 29 2026 21:46:00 GMT+0530 (India Standard Time)! Possible blocking IO or high CPU user at the same process used by node-cron.
[2026-09-30T04:34:59.448Z] [PID: 260] [32m[NODE-CRON][32m [33m[WARN][0m missed execution at Tue Sep 29 2026 21:48:00 GMT+0530 (India Standard Time)! Possible blocking IO or high CPU user at the same process used by node-cron.
[2026-09-30T04:34:59.452Z] [PID: 260] [32m[NODE-CRON][32m [33m[WARN][0m missed execution at Tue Sep 29 2026 21:50:00 GMT+0530 (India Standard Time)! Possible blocking IO or high CPU user at the same process used by node-cron.
[2026-09-30T04:34:59.466Z] [PID: 260] [32m[NODE-CRON][32m [33m[WARN][0m missed execution at Tue Sep 29 2026 21:52:00 GMT+0530 (India Standard Time)! Possible blocking IO or high CPU user at the same process used by node-cron.
[2026-09-30T04:34:59.472Z] [PID: 260] [32m[NODE-CRON][32m [33m[WARN][0m missed execution at Tue Sep 29 2026 21:54:00 GMT+0530 (India Standard Time)! Possible blocking IO or high CPU user at the same process used by node-cron.
[2026-09-30T04:34:59.476Z] [PID: 260] [32m[NODE-CRON][32m [33m[WARN][0m missed execution at Tue Sep 29 2026 21:56:00 GMT+0530 (India Standard Time)! Possible blocking IO or high CPU user at the same process used by node-cron.
[2026-09-30T04:34:59.480Z] [PID: 260] [32m[NODE-CRON][32m [33m[WARN][0m missed execution at Tue Sep 29 2026 21:58:00 GMT+0530 (India Standard Time)! Possible blocking IO or high CPU user at the same process used by node-cron.
[2026-09-30T04:34:59.484Z] [PID: 260] [32m[NODE-CRON][32m [33m[WARN][0m missed execution at Tue Sep 29 2026 22:00:00 GMT+0530 (India Standard Time)! Possible blocking IO or high CPU user at the same process used by node-cron.
[2026-09-30T04:34:59.488Z] [PID: 260] [32m[NODE-CRON][32m [33m[WARN][0m missed execution at Tue Sep 29 2026 22:02:00 GMT+0530 (India Standard Time)! Possible blocking IO or high CPU user at the same process used by node-cron.
[2026-09-30T04:34:59.492Z] [PID: 260] [32m[NODE-CRON][32m [33m[WARN][0m missed execution at Tue Sep 29 2026 22:04:00 GMT+0530 (India Standard Time)! Possible blocking IO or high CPU user at the same process used by node-cron.
[2026-09-30T04:34:59.496Z] [PID: 260] [32m[NODE-CRON][32m [33m[WARN][0m missed execution at Tue Sep 29 2026 22:06:00 GMT+0530 (India Standard Time)! Possible blocking IO or high CPU user at the same process used by node-cron.
[2026-09-30T04:34:59.500Z] [PID: 260] [32m[NODE-CRON][32m [33m[WARN][0m missed execution at Tue Sep 29 2026 22:08:00 GMT+0530 (India Standard Time)! Possible blocking IO or high CPU user at the same process used by node-cron.
[2026-09-30T04:34:59.504Z] [PID: 260] [32m[NODE-CRON][32m [33m[WARN][0m missed execution at Tue Sep 29 2026 22:10:00 GMT+0530 (India Standard Time)! Possible blocking IO or high CPU user at the same process used by node-cron.
[2026-09-30T04:34:59.508Z] [PID: 260] [32m[NODE-CRON][32m [33m[WARN][0m missed execution at Tue Sep 29 2026 22:12:00 GMT+0530 (India Standard Time)! Possible blocking IO or high CPU user at the same process used by node-cron.
[2026-09-30T04:34:59.512Z] [PID: 260] [32m[NODE-CRON][32m [33m[WARN][0m missed execution at Tue Sep 29 2026 22:14:00 GMT+0530 (India Standard Time)! Possible blocking IO or high CPU user at the same process used by node-cron.
[2026-09-30T04:34:59.517Z] [PID: 260] [32m[NODE-CRON][32m [33m[WARN][0m missed execution at Tue Sep 29 2026 22:16:00 GMT+0530 (India Standard Time)! Possible blocking IO or high CPU user at the same process used by node-cron.
[2026-09-30T04:34:59.521Z] [PID: 260] [32m[NODE-CRON][32m [33m[WARN][0m missed execution at Tue Sep 29 2026 22:18:00 GMT+0530 (India Standard Time)! Possible blocking IO or high CPU user at the same process used by node-cron.
[2026-09-30T04:34:59.526Z] [PID: 260] [32m[NODE-CRON][32m [33m[WARN][0m missed execution at Tue Sep 29 2026 22:20:00 GMT+0530 (India Standard Time)! Possible blocking IO or high CPU user at the same process used by node-cron.
[2026-09-30T04:34:59.530Z] [PID: 260] [32m[NODE-CRON][32m [33m[WARN][0m missed execution at Tue Sep 29 2026 22:22:00 GMT+0530 (India Standard Time)! Possible blocking IO or high CPU user at the same process used by node-cron.
[2026-09-30T04:34:59.534Z] [PID: 260] [32m[NODE-CRON][32m [33m[WARN][0m missed execution at Tue Sep 29 2026 22:24:00 GMT+0530 (India Standard Time)! Possible blocking IO or high CPU user at the same process used by node-cron.
[2026-09-30T04:34:59.538Z] [PID: 260] [32m[NODE-CRON][32m [33m[WARN][0m missed execution at Tue Sep 29 2026 22:26:00 GMT+0530 (India Standard Time)! Possible blocking IO or high CPU user at the same process used by node-cron.
[2026-09-30T04:34:59.542Z] [PID: 260] [32m[NODE-CRON][32m [33m[WARN][0m missed execution at Tue Sep 29 2026 22:28:00 GMT+0530 (India Standard Time)! Possible blocking IO or high CPU user at the same process used by node-cron.
[2026-09-30T04:34:59.546Z] [PID: 260] [32m[NODE-CRON][32m [33m[WARN][0m missed execution at Tue Sep 29 2026 22:30:00 GMT+0530 (India Standard Time)! Possible blocking IO or high CPU user at the same process used by node-cron.
[2026-09-30T04:34:59.549Z] [PID: 260] [32m[NODE-CRON][32m [33m[WARN][0m missed execution at Tue Sep 29 2026 22:32:00 GMT+0530 (India Standard Time)! Possible blocking IO or high CPU user at the same process used by node-cron.
[2026-09-30T04:34:59.553Z] [PID: 260] [32m[NODE-CRON][32m [33m[WARN][0m missed execution at Tue Sep 29 2026 22:34:00 GMT+0530 (India Standard Time)! Possible blocking IO or high CPU user at the same process used by node-cron.
[2026-09-30T04:34:59.557Z] [PID: 260] [32m[NODE-CRON][32m [33m[WARN][0m missed execution at Tue Sep 29 2026 22:36:00 GMT+0530 (India Standard Time)! Possible blocking IO or high CPU user at the same process used by node-cron.
[2026-09-30T04:34:59.560Z] [PID: 260] [32m[NODE-CRON][32m [33m[WARN][0m missed execution at Tue Sep 29 2026 22:38:00 GMT+0530 (India Standard Time)! Possible blocking IO or high CPU user at the same process used by node-cron.
[2026-09-30T04:34:59.565Z] [PID: 260] [32m[NODE-CRON][32m [33m[WARN][0m missed execution at Tue Sep 29 2026 22:40:00 GMT+0530 (India Standard Time)! Possible blocking IO or high CPU user at the same process used by node-cron.
[2026-09-30T04:34:59.569Z] [PID: 260] [32m[NODE-CRON][32m [33m[WARN][0m missed execution at Tue Sep 29 2026 22:42:00 GMT+0530 (India Standard Time)! Possible blocking IO or high CPU user at the same process used by node-cron.
[2026-09-30T04:34:59.573Z] [PID: 260] [32m[NODE-CRON][32m [33m[WARN][0m missed execution at Tue Sep 29 2026 22:44:00 GMT+0530 (India Standard Time)! Possible blocking IO or high CPU user at the same process used by node-cron.
[2026-09-30T04:34:59.577Z] [PID: 260] [32m[NODE-CRON][32m [33m[WARN][0m missed execution at Tue Sep 29 2026 22:46:00 GMT+0530 (India Standard Time)! Possible blocking IO or high CPU user at the same process used by node-cron.
[2026-09-30T04:34:59.581Z] [PID: 260] [32m[NODE-CRON][32m [33m[WARN][0m missed execution at Tue Sep 29 2026 22:48:00 GMT+0530 (India Standard Time)! Possible blocking IO or high CPU user at the same process used by node-cron.
[2026-09-30T04:34:59.586Z] [PID: 260] [32m[NODE-CRON][32m [33m[WARN][0m missed execution at Tue Sep 29 2026 22:50:00 GMT+0530 (India Standard Time)! Possible blocking IO or high CPU user at the same process used by node-cron.
[2026-09-30T04:34:59.590Z] [PID: 260] [32m[NODE-CRON][32m [33m[WARN][0m missed execution at Tue Sep 29 2026 22:52:00 GMT+0530 (India Standard Time)! Possible blocking IO or high CPU user at the same process used by node-cron.
[2026-09-30T04:34:59.594Z] [PID: 260] [32m[NODE-CRON][32m [33m[WARN][0m missed execution at Tue Sep 29 2026 22:54:00 GMT+0530 (India Standard Time)! Possible blocking IO or high CPU user at the same process used by node-cron.
[2026-09-30T04:34:59.598Z] [PID: 260] [32m[NODE-CRON][32m [33m[WARN][0m missed execution at Tue Sep 29 2026 22:56:00 GMT+0530 (India Standard Time)! Possible blocking IO or high CPU user at the same process used by node-cron.
[2026-09-30T04:34:59.602Z] [PID: 260] [32m[NODE-CRON][32m [33m[WARN][0m missed execution at Tue Sep 29 2026 22:58:00 GMT+0530 (India Standard Time)! Possible blocking IO or high CPU user at the same process used by node-cron.
[2026-09-30T04:34:59.606Z] [PID: 260] [32m[NODE-CRON][32m [33m[WARN][0m missed execution at Tue Sep 29 2026 23:00:00 GMT+0530 (India Standard Time)! Possible blocking IO or high CPU user at the same process used by node-cron.
[2026-09-30T04:34:59.610Z] [PID: 260] [32m[NODE-CRON][32m [33m[WARN][0m missed execution at Tue Sep 29 2026 23:02:00 GMT+0530 (India Standard Time)! Possible blocking IO or high CPU user at the same process used by node-cron.
[2026-09-30T04:34:59.615Z] [PID: 260] [32m[NODE-CRON][32m [33m[WARN][0m missed execution at Tue Sep 29 2026 23:04:00 GMT+0530 (India Standard Time)! Possible blocking IO or high CPU user at the same process used by node-cron.
[2026-09-30T04:34:59.619Z] [PID: 260] [32m[NODE-CRON][32m [33m[WARN][0m missed execution at Tue Sep 29 2026 23:06:00 GMT+0530 (India Standard Time)! Possible blocking IO or high CPU user at the same process used by node-cron.
[2026-09-30T04:34:59.622Z] [PID: 260] [32m[NODE-CRON][32m [33m[WARN][0m missed execution at Tue Sep 29 2026 23:08:00 GMT+0530 (India Standard Time)! Possible blocking IO or high CPU user at the same process used by node-cron.
[2026-09-30T04:34:59.627Z] [PID: 260] [32m[NODE-CRON][32m [33m[WARN][0m missed execution at Tue Sep 29 2026 23:10:00 GMT+0530 (India Standard Time)! Possible blocking IO or high CPU user at the same process used by node-cron.
[2026-09-30T04:34:59.632Z] [PID: 260] [32m[NODE-CRON][32m [33m[WARN][0m missed execution at Tue Sep 29 2026 23:12:00 GMT+0530 (India Standard Time)! Possible blocking IO or high CPU user at the same process used by node-cron.
[2026-09-30T04:34:59.647Z] [PID: 260] [32m[NODE-CRON][32m [33m[WARN][0m missed execution at Tue Sep 29 2026 23:14:00 GMT+0530 (India Standard Time)! Possible blocking IO or high CPU user at the same process used by node-cron.
[2026-09-30T04:34:59.651Z] [PID: 260] [32m[NODE-CRON][32m [33m[WARN][0m missed execution at Tue Sep 29 2026 23:16:00 GMT+0530 (India Standard Time)! Possible blocking IO or high CPU user at the same process used by node-cron.
[2026-09-30T04:34:59.656Z] [PID: 260] [32m[NODE-CRON][32m [33m[WARN][0m missed execution at Tue Sep 29 2026 23:18:00 GMT+0530 (India Standard Time)! Possible blocking IO or high CPU user at the same process used by node-cron.
[2026-09-30T04:34:59.660Z] [PID: 260] [32m[NODE-CRON][32m [33m[WARN][0m missed execution at Tue Sep 29 2026 23:20:00 GMT+0530 (India Standard Time)! Possible blocking IO or high CPU user at the same process used by node-cron.
[2026-09-30T04:34:59.665Z] [PID: 260] [32m[NODE-CRON][32m [33m[WARN][0m missed execution at Tue Sep 29 2026 23:22:00 GMT+0530 (India Standard Time)! Possible blocking IO or high CPU user at the same process used by node-cron.
[2026-09-30T04:34:59.669Z] [PID: 260] [32m[NODE-CRON][32m [33m[WARN][0m missed execution at Tue Sep 29 2026 23:24:00 GMT+0530 (India Standard Time)! Possible blocking IO or high CPU user at the same process used by node-cron.
[2026-09-30T04:34:59.673Z] [PID: 260] [32m[NODE-CRON][32m [33m[WARN][0m missed execution at Tue Sep 29 2026 23:26:00 GMT+0530 (India Standard Time)! Possible blocking IO or high CPU user at the same process used by node-cron.
[2026-09-30T04:34:59.678Z] [PID: 260] [32m[NODE-CRON][32m [33m[WARN][0m missed execution at Tue Sep 29 2026 23:28:00 GMT+0530 (India Standard Time)! Possible blocking IO or high CPU user at the same process used by node-cron.
[2026-09-30T04:34:59.684Z] [PID: 260] [32m[NODE-CRON][32m [33m[WARN][0m missed execution at Tue Sep 29 2026 23:30:00 GMT+0530 (India Standard Time)! Possible blocking IO or high CPU user at the same process used by node-cron.
[2026-09-30T04:34:59.688Z] [PID: 260] [32m[NODE-CRON][32m [33m[WARN][0m missed execution at Tue Sep 29 2026 23:32:00 GMT+0530 (India Standard Time)! Possible blocking IO or high CPU user at the same process used by node-cron.
[2026-09-30T04:34:59.692Z] [PID: 260] [32m[NODE-CRON][32m [33m[WARN][0m missed execution at Tue Sep 29 2026 23:34:00 GMT+0530 (India Standard Time)! Possible blocking IO or high CPU user at the same process used by node-cron.
[2026-09-30T04:34:59.696Z] [PID: 260] [32m[NODE-CRON][32m [33m[WARN][0m missed execution at Tue Sep 29 2026 23:36:00 GMT+0530 (India Standard Time)! Possible blocking IO or high CPU user at the same process used by node-cron.
[2026-09-30T04:34:59.699Z] [PID: 260] [32m[NODE-CRON][32m [33m[WARN][0m missed execution at Tue Sep 29 2026 23:38:00 GMT+0530 (India Standard Time)! Possible blocking IO or high CPU user at the same process used by node-cron.
[2026-09-30T04:34:59.704Z] [PID: 260] [32m[NODE-CRON][32m [33m[WARN][0m missed execution at Tue Sep 29 2026 23:40:00 GMT+0530 (India Standard Time)! Possible blocking IO or high CPU user at the same process used by node-cron.
[2026-09-30T04:34:59.709Z] [PID: 260] [32m[NODE-CRON][32m [33m[WARN][0m missed execution at Tue Sep 29 2026 23:42:00 GMT+0530 (India Standard Time)! Possible blocking IO or high CPU user at the same process used by node-cron.
[2026-09-30T04:34:59.713Z] [PID: 260] [32m[NODE-CRON][32m [33m[WARN][0m missed execution at Tue Sep 29 2026 23:44:00 GMT+0530 (India Standard Time)! Possible blocking IO or high CPU user at the same process used by node-cron.
[2026-09-30T04:34:59.718Z] [PID: 260] [32m[NODE-CRON][32m [33m[WARN][0m missed execution at Tue Sep 29 2026 23:46:00 GMT+0530 (India Standard Time)! Possible blocking IO or high CPU user at the same process used by node-cron.
[2026-09-30T04:34:59.722Z] [PID: 260] [32m[NODE-CRON][32m [33m[WARN][0m missed execution at Tue Sep 29 2026 23:48:00 GMT+0530 (India Standard Time)! Possible blocking IO or high CPU user at the same process used by node-cron.
[2026-09-30T04:34:59.727Z] [PID: 260] [32m[NODE-CRON][32m [33m[WARN][0m missed execution at Tue Sep 29 2026 23:50:00 GMT+0530 (India Standard Time)! Possible blocking IO or high CPU user at the same process used by node-cron.
[2026-09-30T04:34:59.732Z] [PID: 260] [32m[NODE-CRON][32m [33m[WARN][0m missed execution at Tue Sep 29 2026 23:52:00 GMT+0530 (India Standard Time)! Possible blocking IO or high CPU user at the same process used by node-cron.
[2026-09-30T04:34:59.737Z] [PID: 260] [32m[NODE-CRON][32m [33m[WARN][0m missed execution at Tue Sep 29 2026 23:54:00 GMT+0530 (India Standard Time)! Possible blocking IO or high CPU user at the same process used by node-cron.
[2026-09-30T04:34:59.741Z] [PID: 260] [32m[NODE-CRON][32m [33m[WARN][0m missed execution at Tue Sep 29 2026 23:56:00 GMT+0530 (India Standard Time)! Possible blocking IO or high CPU user at the same process used by node-cron.
[2026-09-30T04:34:59.749Z] [PID: 260] [32m[NODE-CRON][32m [33m[WARN][0m missed execution at Tue Sep 29 2026 23:58:00 GMT+0530 (India Standard Time)! Possible blocking IO or high CPU user at the same process used by node-cron.
[2026-09-30T04:34:59.757Z] [PID: 260] [32m[NODE-CRON][32m [33m[WARN][0m missed execution at Wed Sep 30 2026 00:00:00 GMT+0530 (India Standard Time)! Possible blocking IO or high CPU user at the same process used by node-cron.
[2026-09-30T04:34:59.760Z] [PID: 260] [32m[NODE-CRON][32m [33m[WARN][0m missed execution at Wed Sep 30 2026 00:02:00 GMT+0530 (India Standard Time)! Possible blocking IO or high CPU user at the same process used by node-cron.
[2026-09-30T04:34:59.763Z] [PID: 260] [32m[NODE-CRON][32m [33m[WARN][0m missed execution at Wed Sep 30 2026 00:04:00 GMT+0530 (India Standard Time)! Possible blocking IO or high CPU user at the same process used by node-cron.
[2026-09-30T04:34:59.768Z] [PID: 260] [32m[NODE-CRON][32m [33m[WARN][0m missed execution at Wed Sep 30 2026 00:06:00 GMT+0530 (India Standard Time)! Possible blocking IO or high CPU user at the same process used by node-cron.
[2026-09-30T04:34:59.773Z] [PID: 260] [32m[NODE-CRON][32m [33m[WARN][0m missed execution at Wed Sep 30 2026 00:08:00 GMT+0530 (India Standard Time)! Possible blocking IO or high CPU user at the same process used by node-cron.
[2026-09-30T04:34:59.777Z] [PID: 260] [32m[NODE-CRON][32m [33m[WARN][0m missed execution at Wed Sep 30 2026 00:10:00 GMT+0530 (India Standard Time)! Possible blocking IO or high CPU user at the same process used by node-cron.
[2026-09-30T04:34:59.782Z] [PID: 260] [32m[NODE-CRON][32m [33m[WARN][0m missed execution at Wed Sep 30 2026 00:12:00 GMT+0530 (India Standard Time)! Possible blocking IO or high CPU user at the same process used by node-cron.
[2026-09-30T04:34:59.787Z] [PID: 260] [32m[NODE-CRON][32m [33m[WARN][0m missed execution at Wed Sep 30 2026 00:14:00 GMT+0530 (India Standard Time)! Possible blocking IO or high CPU user at the same process used by node-cron.
[2026-09-30T04:34:59.792Z] [PID: 260] [32m[NODE-CRON][32m [33m[WARN][0m missed execution at Wed Sep 30 2026 00:16:00 GMT+0530 (India Standard Time)! Possible blocking IO or high CPU user at the same process used by node-cron.
[2026-09-30T04:34:59.796Z] [PID: 260] [32m[NODE-CRON][32m [33m[WARN][0m missed execution at Wed Sep 30 2026 00:18:00 GMT+0530 (India Standard Time)! Possible blocking IO or high CPU user at the same process used by node-cron.
[2026-09-30T04:34:59.800Z] [PID: 260] [32m[NODE-CRON][32m [33m[WARN][0m missed execution at Wed Sep 30 2026 00:20:00 GMT+0530 (India Standard Time)! Possible blocking IO or high CPU user at the same process used by node-cron.
[2026-09-30T04:34:59.804Z] [PID: 260] [32m[NODE-CRON][32m [33m[WARN][0m missed execution at Wed Sep 30 2026 00:22:00 GMT+0530 (India Standard Time)! Possible blocking IO or high CPU user at the same process used by node-cron.
[2026-09-30T04:34:59.807Z] [PID: 260] [32m[NODE-CRON][32m [33m[WARN][0m missed execution at Wed Sep 30 2026 00:24:00 GMT+0530 (India Standard Time)! Possible blocking IO or high CPU user at the same process used by node-cron.
[2026-09-30T04:34:59.811Z] [PID: 260] [32m[NODE-CRON][32m [33m[WARN][0m missed execution at Wed Sep 30 2026 00:26:00 GMT+0530 (India Standard Time)! Possible blocking IO or high CPU user at the same process used by node-cron.
[2026-09-30T04:34:59.815Z] [PID: 260] [32m[NODE-CRON][32m [33m[WARN][0m missed execution at Wed Sep 30 2026 00:28:00 GMT+0530 (India Standard Time)! Possible blocking IO or high CPU user at the same process used by node-cron.
[2026-09-30T04:34:59.818Z] [PID: 260] [32m[NODE-CRON][32m [33m[WARN][0m missed execution at Wed Sep 30 2026 00:30:00 GMT+0530 (India Standard Time)! Possible blocking IO or high CPU user at the same process used by node-cron.
[2026-09-30T04:34:59.822Z] [PID: 260] [32m[NODE-CRON][32m [33m[WARN][0m missed execution at Wed Sep 30 2026 00:32:00 GMT+0530 (India Standard Time)! Possible blocking IO or high CPU user at the same process used by node-cron.
[2026-09-30T04:34:59.827Z] [PID: 260] [32m[NODE-CRON][32m [33m[WARN][0m missed execution at Wed Sep 30 2026 00:34:00 GMT+0530 (India Standard Time)! Possible blocking IO or high CPU user at the same process used by node-cron.
[2026-09-30T04:34:59.845Z] [PID: 260] [32m[NODE-CRON][32m [33m[WARN][0m missed execution at Wed Sep 30 2026 00:36:00 GMT+0530 (India Standard Time)! Possible blocking IO or high CPU user at the same process used by node-cron.
[2026-09-30T04:34:59.849Z] [PID: 260] [32m[NODE-CRON][32m [33m[WARN][0m missed execution at Wed Sep 30 2026 00:38:00 GMT+0530 (India Standard Time)! Possible blocking IO or high CPU user at the same process used by node-cron.
[2026-09-30T04:34:59.853Z] [PID: 260] [32m[NODE-CRON][32m [33m[WARN][0m missed execution at Wed Sep 30 2026 00:40:00 GMT+0530 (India Standard Time)! Possible blocking IO or high CPU user at the same process used by node-cron.
[2026-09-30T04:34:59.857Z] [PID: 260] [32m[NODE-CRON][32m [33m[WARN][0m missed execution at Wed Sep 30 2026 00:42:00 GMT+0530 (India Standard Time)! Possible blocking IO or high CPU user at the same process used by node-cron.
[2026-09-30T04:34:59.861Z] [PID: 260] [32m[NODE-CRON][32m [33m[WARN][0m missed execution at Wed Sep 30 2026 00:44:00 GMT+0530 (India Standard Time)! Possible blocking IO or high CPU user at the same process used by node-cron.
[2026-09-30T04:34:59.865Z] [PID: 260] [32m[NODE-CRON][32m [33m[WARN][0m missed execution at Wed Sep 30 2026 00:46:00 GMT+0530 (India Standard Time)! Possible blocking IO or high CPU user at the same process used by node-cron.
[2026-09-30T04:34:59.870Z] [PID: 260] [32m[NODE-CRON][32m [33m[WARN][0m missed execution at Wed Sep 30 2026 00:48:00 GMT+0530 (India Standard Time)! Possible blocking IO or high CPU user at the same process used by node-cron.
[2026-09-30T04:34:59.875Z] [PID: 260] [32m[NODE-CRON][32m [33m[WARN][0m missed execution at Wed Sep 30 2026 00:50:00 GMT+0530 (India Standard Time)! Possible blocking IO or high CPU user at the same process used by node-cron.
[2026-09-30T04:34:59.880Z] [PID: 260] [32m[NODE-CRON][32m [33m[WARN][0m missed execution at Wed Sep 30 2026 00:52:00 GMT+0530 (India Standard Time)! Possible blocking IO or high CPU user at the same process used by node-cron.
[2026-09-30T04:34:59.884Z] [PID: 260] [32m[NODE-CRON][32m [33m[WARN][0m missed execution at Wed Sep 30 2026 00:54:00 GMT+0530 (India Standard Time)! Possible blocking IO or high CPU user at the same process used by node-cron.
[2026-09-30T04:34:59.889Z] [PID: 260] [32m[NODE-CRON][32m [33m[WARN][0m missed execution at Wed Sep 30 2026 00:56:00 GMT+0530 (India Standard Time)! Possible blocking IO or high CPU user at the same process used by node-cron.
[2026-09-30T04:34:59.893Z] [PID: 260] [32m[NODE-CRON][32m [33m[WARN][0m missed execution at Wed Sep 30 2026 00:58:00 GMT+0530 (India Standard Time)! Possible blocking IO or high CPU user at the same process used by node-cron.
[2026-09-30T04:34:59.898Z] [PID: 260] [32m[NODE-CRON][32m [33m[WARN][0m missed execution at Wed Sep 30 2026 01:00:00 GMT+0530 (India Standard Time)! Possible blocking IO or high CPU user at the same process used by node-cron.
[2026-09-30T04:34:59.903Z] [PID: 260] [32m[NODE-CRON][32m [33m[WARN][0m missed execution at Wed Sep 30 2026 01:02:00 GMT+0530 (India Standard Time)! Possible blocking IO or high CPU user at the same process used by node-cron.
[2026-09-30T04:34:59.908Z] [PID: 260] [32m[NODE-CRON][32m [33m[WARN][0m missed execution at Wed Sep 30 2026 01:04:00 GMT+0530 (India Standard Time)! Possible blocking IO or high CPU user at the same process used by node-cron.
[2026-09-30T04:34:59.912Z] [PID: 260] [32m[NODE-CRON][32m [33m[WARN][0m missed execution at Wed Sep 30 2026 01:06:00 GMT+0530 (India Standard Time)! Possible blocking IO or high CPU user at the same process used by node-cron.
[2026-09-30T04:34:59.917Z] [PID: 260] [32m[NODE-CRON][32m [33m[WARN][0m missed execution at Wed Sep 30 2026 01:08:00 GMT+0530 (India Standard Time)! Possible blocking IO or high CPU user at the same process used by node-cron.
[2026-09-30T04:34:59.921Z] [PID: 260] [32m[NODE-CRON][32m [33m[WARN][0m missed execution at Wed Sep 30 2026 01:10:00 GMT+0530 (India Standard Time)! Possible blocking IO or high CPU user at the same process used by node-cron.
[2026-09-30T04:34:59.926Z] [PID: 260] [32m[NODE-CRON][32m [33m[WARN][0m missed execution at Wed Sep 30 2026 01:12:00 GMT+0530 (India Standard Time)! Possible blocking IO or high CPU user at the same process used by node-cron.
[2026-09-30T04:34:59.931Z] [PID: 260] [32m[NODE-CRON][32m [33m[WARN][0m missed execution at Wed Sep 30 2026 01:14:00 GMT+0530 (India Standard Time)! Possible blocking IO or high CPU user at the same process used by node-cron.
[2026-09-30T04:34:59.934Z] [PID: 260] [32m[NODE-CRON][32m [33m[WARN][0m missed execution at Wed Sep 30 2026 01:16:00 GMT+0530 (India Standard Time)! Possible blocking IO or high CPU user at the same process used by node-cron.
[2026-09-30T04:34:59.938Z] [PID: 260] [32m[NODE-CRON][32m [33m[WARN][0m missed execution at Wed Sep 30 2026 01:18:00 GMT+0530 (India Standard Time)! Possible blocking IO or high CPU user at the same process used by node-cron.
[2026-09-30T04:34:59.942Z] [PID: 260] [32m[NODE-CRON][32m [33m[WARN][0m missed execution at Wed Sep 30 2026 01:20:00 GMT+0530 (India Standard Time)! Possible blocking IO or high CPU user at the same process used by node-cron.
[2026-09-30T04:34:59.946Z] [PID: 260] [32m[NODE-CRON][32m [33m[WARN][0m missed execution at Wed Sep 30 2026 01:22:00 GMT+0530 (India Standard Time)! Possible blocking IO or high CPU user at the same process used by node-cron.
[2026-09-30T04:34:59.950Z] [PID: 260] [32m[NODE-CRON][32m [33m[WARN][0m missed execution at Wed Sep 30 2026 01:24:00 GMT+0530 (India Standard Time)! Possible blocking IO or high CPU user at the same process used by node-cron.
[2026-09-30T04:34:59.954Z] [PID: 260] [32m[NODE-CRON][32m [33m[WARN][0m missed execution at Wed Sep 30 2026 01:26:00 GMT+0530 (India Standard Time)! Possible blocking IO or high CPU user at the same process used by node-cron.
[2026-09-30T04:34:59.959Z] [PID: 260] [32m[NODE-CRON][32m [33m[WARN][0m missed execution at Wed Sep 30 2026 01:28:00 GMT+0530 (India Standard Time)! Possible blocking IO or high CPU user at the same process used by node-cron.
[2026-09-30T04:34:59.964Z] [PID: 260] [32m[NODE-CRON][32m [33m[WARN][0m missed execution at Wed Sep 30 2026 01:30:00 GMT+0530 (India Standard Time)! Possible blocking IO or high CPU user at the same process used by node-cron.
[2026-09-30T04:34:59.969Z] [PID: 260] [32m[NODE-CRON][32m [33m[WARN][0m missed execution at Wed Sep 30 2026 01:32:00 GMT+0530 (India Standard Time)! Possible blocking IO or high CPU user at the same process used by node-cron.
[2026-09-30T04:34:59.973Z] [PID: 260] [32m[NODE-CRON][32m [33m[WARN][0m missed execution at Wed Sep 30 2026 01:34:00 GMT+0530 (India Standard Time)! Possible blocking IO or high CPU user at the same process used by node-cron.
[2026-09-30T04:34:59.977Z] [PID: 260] [32m[NODE-CRON][32m [33m[WARN][0m missed execution at Wed Sep 30 2026 01:36:00 GMT+0530 (India Standard Time)! Possible blocking IO or high CPU user at the same process used by node-cron.
[2026-09-30T04:34:59.982Z] [PID: 260] [32m[NODE-CRON][32m [33m[WARN][0m missed execution at Wed Sep 30 2026 01:38:00 GMT+0530 (India Standard Time)! Possible blocking IO or high CPU user at the same process used by node-cron.
[2026-09-30T04:34:59.986Z] [PID: 260] [32m[NODE-CRON][32m [33m[WARN][0m missed execution at Wed Sep 30 2026 01:40:00 GMT+0530 (India Standard Time)! Possible blocking IO or high CPU user at the same process used by node-cron.
[2026-09-30T04:34:59.990Z] [PID: 260] [32m[NODE-CRON][32m [33m[WARN][0m missed execution at Wed Sep 30 2026 01:42:00 GMT+0530 (India Standard Time)! Possible blocking IO or high CPU user at the same process used by node-cron.
[2026-09-30T04:34:59.994Z] [PID: 260] [32m[NODE-CRON][32m [33m[WARN][0m missed execution at Wed Sep 30 2026 01:44:00 GMT+0530 (India Standard Time)! Possible blocking IO or high CPU user at the same process used by node-cron.
[2026-09-30T04:34:59.998Z] [PID: 260] [32m[NODE-CRON][32m [33m[WARN][0m missed execution at Wed Sep 30 2026 01:46:00 GMT+0530 (India Standard Time)! Possible blocking IO or high CPU user at the same process used by node-cron.
[2026-09-30T04:35:00.001Z] [PID: 260] [32m[NODE-CRON][32m [33m[WARN][0m missed execution at Wed Sep 30 2026 01:48:00 GMT+0530 (India Standard Time)! Possible blocking IO or high CPU user at the same process used by node-cron.
[2026-09-30T04:35:00.005Z] [PID: 260] [32m[NODE-CRON][32m [33m[WARN][0m missed execution at Wed Sep 30 2026 01:50:00 GMT+0530 (India Standard Time)! Possible blocking IO or high CPU user at the same process used by node-cron.
[2026-09-30T04:35:00.010Z] [PID: 260] [32m[NODE-CRON][32m [33m[WARN][0m missed execution at Wed Sep 30 2026 01:52:00 GMT+0530 (India Standard Time)! Possible blocking IO or high CPU user at the same process used by node-cron.
[2026-09-30T04:35:00.015Z] [PID: 260] [32m[NODE-CRON][32m [33m[WARN][0m missed execution at Wed Sep 30 2026 01:54:00 GMT+0530 (India Standard Time)! Possible blocking IO or high CPU user at the same process used by node-cron.
[2026-09-30T04:35:00.030Z] [PID: 260] [32m[NODE-CRON][32m [33m[WARN][0m missed execution at Wed Sep 30 2026 01:56:00 GMT+0530 (India Standard Time)! Possible blocking IO or high CPU user at the same process used by node-cron.
[2026-09-30T04:35:00.033Z] [PID: 260] [32m[NODE-CRON][32m [33m[WARN][0m missed execution at Wed Sep 30 2026 01:58:00 GMT+0530 (India Standard Time)! Possible blocking IO or high CPU user at the same process used by node-cron.
[2026-09-30T04:35:00.038Z] [PID: 260] [32m[NODE-CRON][32m [33m[WARN][0m missed execution at Wed Sep 30 2026 02:00:00 GMT+0530 (India Standard Time)! Possible blocking IO or high CPU user at the same process used by node-cron.
[2026-09-30T04:35:00.041Z] [PID: 260] [32m[NODE-CRON][32m [33m[WARN][0m missed execution at Wed Sep 30 2026 02:02:00 GMT+0530 (India Standard Time)! Possible blocking IO or high CPU user at the same process used by node-cron.
[2026-09-30T04:35:00.045Z] [PID: 260] [32m[NODE-CRON][32m [33m[WARN][0m missed execution at Wed Sep 30 2026 02:04:00 GMT+0530 (India Standard Time)! Possible blocking IO or high CPU user at the same process used by node-cron.
[2026-09-30T04:35:00.049Z] [PID: 260] [32m[NODE-CRON][32m [33m[WARN][0m missed execution at Wed Sep 30 2026 02:06:00 GMT+0530 (India Standard Time)! Possible blocking IO or high CPU user at the same process used by node-cron.
[2026-09-30T04:35:00.053Z] [PID: 260] [32m[NODE-CRON][32m [33m[WARN][0m missed execution at Wed Sep 30 2026 02:08:00 GMT+0530 (India Standard Time)! Possible blocking IO or high CPU user at the same process used by node-cron.
[2026-09-30T04:35:00.056Z] [PID: 260] [32m[NODE-CRON][32m [33m[WARN][0m missed execution at Wed Sep 30 2026 02:10:00 GMT+0530 (India Standard Time)! Possible blocking IO or high CPU user at the same process used by node-cron.
[2026-09-30T04:35:00.061Z] [PID: 260] [32m[NODE-CRON][32m [33m[WARN][0m missed execution at Wed Sep 30 2026 02:12:00 GMT+0530 (India Standard Time)! Possible blocking IO or high CPU user at the same process used by node-cron.
[2026-09-30T04:35:00.065Z] [PID: 260] [32m[NODE-CRON][32m [33m[WARN][0m missed execution at Wed Sep 30 2026 02:14:00 GMT+0530 (India Standard Time)! Possible blocking IO or high CPU user at the same process used by node-cron.
[2026-09-30T04:35:00.069Z] [PID: 260] [32m[NODE-CRON][32m [33m[WARN][0m missed execution at Wed Sep 30 2026 02:16:00 GMT+0530 (India Standard Time)! Possible blocking IO or high CPU user at the same process used by node-cron.
[2026-09-30T04:35:00.074Z] [PID: 260] [32m[NODE-CRON][32m [33m[WARN][0m missed execution at Wed Sep 30 2026 02:18:00 GMT+0530 (India Standard Time)! Possible blocking IO or high CPU user at the same process used by node-cron.
[2026-09-30T04:35:00.078Z] [PID: 260] [32m[NODE-CRON][32m [33m[WARN][0m missed execution at Wed Sep 30 2026 02:20:00 GMT+0530 (India Standard Time)! Possible blocking IO or high CPU user at the same process used by node-cron.
[2026-09-30T04:35:00.082Z] [PID: 260] [32m[NODE-CRON][32m [33m[WARN][0m missed execution at Wed Sep 30 2026 02:22:00 GMT+0530 (India Standard Time)! Possible blocking IO or high CPU user at the same process used by node-cron.
[2026-09-30T04:35:00.086Z] [PID: 260] [32m[NODE-CRON][32m [33m[WARN][0m missed execution at Wed Sep 30 2026 02:24:00 GMT+0530 (India Standard Time)! Possible blocking IO or high CPU user at the same process used by node-cron.
[2026-09-30T04:35:00.091Z] [PID: 260] [32m[NODE-CRON][32m [33m[WARN][0m missed execution at Wed Sep 30 2026 02:26:00 GMT+0530 (India Standard Time)! Possible blocking IO or high CPU user at the same process used by node-cron.
[2026-09-30T04:35:00.094Z] [PID: 260] [32m[NODE-CRON][32m [33m[WARN][0m missed execution at Wed Sep 30 2026 02:28:00 GMT+0530 (India Standard Time)! Possible blocking IO or high CPU user at the same process used by node-cron.
[2026-09-30T04:35:00.098Z] [PID: 260] [32m[NODE-CRON][32m [33m[WARN][0m missed execution at Wed Sep 30 2026 02:30:00 GMT+0530 (India Standard Time)! Possible blocking IO or high CPU user at the same process used by node-cron.
[2026-09-30T04:35:00.102Z] [PID: 260] [32m[NODE-CRON][32m [33m[WARN][0m missed execution at Wed Sep 30 2026 02:32:00 GMT+0530 (India Standard Time)! Possible blocking IO or high CPU user at the same process used by node-cron.
[2026-09-30T04:35:00.106Z] [PID: 260] [32m[NODE-CRON][32m [33m[WARN][0m missed execution at Wed Sep 30 2026 02:34:00 GMT+0530 (India Standard Time)! Possible blocking IO or high CPU user at the same process used by node-cron.
[2026-09-30T04:35:00.111Z] [PID: 260] [32m[NODE-CRON][32m [33m[WARN][0m missed execution at Wed Sep 30 2026 02:36:00 GMT+0530 (India Standard Time)! Possible blocking IO or high CPU user at the same process used by node-cron.
[2026-09-30T04:35:00.117Z] [PID: 260] [32m[NODE-CRON][32m [33m[WARN][0m missed execution at Wed Sep 30 2026 02:38:00 GMT+0530 (India Standard Time)! Possible blocking IO or high CPU user at the same process used by node-cron.
[2026-09-30T04:35:00.121Z] [PID: 260] [32m[NODE-CRON][32m [33m[WARN][0m missed execution at Wed Sep 30 2026 02:40:00 GMT+0530 (India Standard Time)! Possible blocking IO or high CPU user at the same process used by node-cron.
[2026-09-30T04:35:00.125Z] [PID: 260] [32m[NODE-CRON][32m [33m[WARN][0m missed execution at Wed Sep 30 2026 02:42:00 GMT+0530 (India Standard Time)! Possible blocking IO or high CPU user at the same process used by node-cron.
[2026-09-30T04:35:00.129Z] [PID: 260] [32m[NODE-CRON][32m [33m[WARN][0m missed execution at Wed Sep 30 2026 02:44:00 GMT+0530 (India Standard Time)! Possible blocking IO or high CPU user at the same process used by node-cron.
[2026-09-30T04:35:00.133Z] [PID: 260] [32m[NODE-CRON][32m [33m[WARN][0m missed execution at Wed Sep 30 2026 02:46:00 GMT+0530 (India Standard Time)! Possible blocking IO or high CPU user at the same process used by node-cron.
[2026-09-30T04:35:00.137Z] [PID: 260] [32m[NODE-CRON][32m [33m[WARN][0m missed execution at Wed Sep 30 2026 02:48:00 GMT+0530 (India Standard Time)! Possible blocking IO or high CPU user at the same process used by node-cron.
[2026-09-30T04:35:00.141Z] [PID: 260] [32m[NODE-CRON][32m [33m[WARN][0m missed execution at Wed Sep 30 2026 02:50:00 GMT+0530 (India Standard Time)! Possible blocking IO or high CPU user at the same process used by node-cron.
[2026-09-30T04:35:00.145Z] [PID: 260] [32m[NODE-CRON][32m [33m[WARN][0m missed execution at Wed Sep 30 2026 02:52:00 GMT+0530 (India Standard Time)! Possible blocking IO or high CPU user at the same process used by node-cron.
[2026-09-30T04:35:00.149Z] [PID: 260] [32m[NODE-CRON][32m [33m[WARN][0m missed execution at Wed Sep 30 2026 02:54:00 GMT+0530 (India Standard Time)! Possible blocking IO or high CPU user at the same process used by node-cron.
[2026-09-30T04:35:00.154Z] [PID: 260] [32m[NODE-CRON][32m [33m[WARN][0m missed execution at Wed Sep 30 2026 02:56:00 GMT+0530 (India Standard Time)! Possible blocking IO or high CPU user at the same process used by node-cron.
[2026-09-30T04:35:00.158Z] [PID: 260] [32m[NODE-CRON][32m [33m[WARN][0m missed execution at Wed Sep 30 2026 02:58:00 GMT+0530 (India Standard Time)! Possible blocking IO or high CPU user at the same process used by node-cron.
[2026-09-30T04:35:00.163Z] [PID: 260] [32m[NODE-CRON][32m [33m[WARN][0m missed execution at Wed Sep 30 2026 03:00:00 GMT+0530 (India Standard Time)! Possible blocking IO or high CPU user at the same process used by node-cron.
[2026-09-30T04:35:00.168Z] [PID: 260] [32m[NODE-CRON][32m [33m[WARN][0m missed execution at Wed Sep 30 2026 03:02:00 GMT+0530 (India Standard Time)! Possible blocking IO or high CPU user at the same process used by node-cron.
[2026-09-30T04:35:00.173Z] [PID: 260] [32m[NODE-CRON][32m [33m[WARN][0m missed execution at Wed Sep 30 2026 03:04:00 GMT+0530 (India Standard Time)! Possible blocking IO or high CPU user at the same process used by node-cron.
[2026-09-30T04:35:00.177Z] [PID: 260] [32m[NODE-CRON][32m [33m[WARN][0m missed execution at Wed Sep 30 2026 03:06:00 GMT+0530 (India Standard Time)! Possible blocking IO or high CPU user at the same process used by node-cron.
[2026-09-30T04:35:00.182Z] [PID: 260] [32m[NODE-CRON][32m [33m[WARN][0m missed execution at Wed Sep 30 2026 03:08:00 GMT+0530 (India Standard Time)! Possible blocking IO or high CPU user at the same process used by node-cron.
[2026-09-30T04:35:00.187Z] [PID: 260] [32m[NODE-CRON][32m [33m[WARN][0m missed execution at Wed Sep 30 2026 03:10:00 GMT+0530 (India Standard Time)! Possible blocking IO or high CPU user at the same process used by node-cron.
[2026-09-30T04:35:00.191Z] [PID: 260] [32m[NODE-CRON][32m [33m[WARN][0m missed execution at Wed Sep 30 2026 03:12:00 GMT+0530 (India Standard Time)! Possible blocking IO or high CPU user at the same process used by node-cron.
[2026-09-30T04:35:00.196Z] [PID: 260] [32m[NODE-CRON][32m [33m[WARN][0m missed execution at Wed Sep 30 2026 03:14:00 GMT+0530 (India Standard Time)! Possible blocking IO or high CPU user at the same process used by node-cron.
[2026-09-30T04:35:00.202Z] [PID: 260] [32m[NODE-CRON][32m [33m[WARN][0m missed execution at Wed Sep 30 2026 03:16:00 GMT+0530 (India Standard Time)! Possible blocking IO or high CPU user at the same process used by node-cron.
[2026-09-30T04:35:00.216Z] [PID: 260] [32m[NODE-CRON][32m [33m[WARN][0m missed execution at Wed Sep 30 2026 03:18:00 GMT+0530 (India Standard Time)! Possible blocking IO or high CPU user at the same process used by node-cron.
[2026-09-30T04:35:00.220Z] [PID: 260] [32m[NODE-CRON][32m [33m[WARN][0m missed execution at Wed Sep 30 2026 03:20:00 GMT+0530 (India Standard Time)! Possible blocking IO or high CPU user at the same process used by node-cron.
[2026-09-30T04:35:00.224Z] [PID: 260] [32m[NODE-CRON][32m [33m[WARN][0m missed execution at Wed Sep 30 2026 03:22:00 GMT+0530 (India Standard Time)! Possible blocking IO or high CPU user at the same process used by node-cron.
[2026-09-30T04:35:00.228Z] [PID: 260] [32m[NODE-CRON][32m [33m[WARN][0m missed execution at Wed Sep 30 2026 03:24:00 GMT+0530 (India Standard Time)! Possible blocking IO or high CPU user at the same process used by node-cron.
[2026-09-30T04:35:00.233Z] [PID: 260] [32m[NODE-CRON][32m [33m[WARN][0m missed execution at Wed Sep 30 2026 03:26:00 GMT+0530 (India Standard Time)! Possible blocking IO or high CPU user at the same process used by node-cron.
[2026-09-30T04:35:00.238Z] [PID: 260] [32m[NODE-CRON][32m [33m[WARN][0m missed execution at Wed Sep 30 2026 03:28:00 GMT+0530 (India Standard Time)! Possible blocking IO or high CPU user at the same process used by node-cron.
[2026-09-30T04:35:00.243Z] [PID: 260] [32m[NODE-CRON][32m [33m[WARN][0m missed execution at Wed Sep 30 2026 03:30:00 GMT+0530 (India Standard Time)! Possible blocking IO or high CPU user at the same process used by node-cron.
[2026-09-30T04:35:00.248Z] [PID: 260] [32m[NODE-CRON][32m [33m[WARN][0m missed execution at Wed Sep 30 2026 03:32:00 GMT+0530 (India Standard Time)! Possible blocking IO or high CPU user at the same process used by node-cron.
[2026-09-30T04:35:00.253Z] [PID: 260] [32m[NODE-CRON][32m [33m[WARN][0m missed execution at Wed Sep 30 2026 03:34:00 GMT+0530 (India Standard Time)! Possible blocking IO or high CPU user at the same process used by node-cron.
[2026-09-30T04:35:00.258Z] [PID: 260] [32m[NODE-CRON][32m [33m[WARN][0m missed execution at Wed Sep 30 2026 03:36:00 GMT+0530 (India Standard Time)! Possible blocking IO or high CPU user at the same process used by node-cron.
[2026-09-30T04:35:00.263Z] [PID: 260] [32m[NODE-CRON][32m [33m[WARN][0m missed execution at Wed Sep 30 2026 03:38:00 GMT+0530 (India Standard Time)! Possible blocking IO or high CPU user at the same process used by node-cron.
[2026-09-30T04:35:00.268Z] [PID: 260] [32m[NODE-CRON][32m [33m[WARN][0m missed execution at Wed Sep 30 2026 03:40:00 GMT+0530 (India Standard Time)! Possible blocking IO or high CPU user at the same process used by node-cron.
[2026-09-30T04:35:00.273Z] [PID: 260] [32m[NODE-CRON][32m [33m[WARN][0m missed execution at Wed Sep 30 2026 03:42:00 GMT+0530 (India Standard Time)! Possible blocking IO or high CPU user at the same process used by node-cron.
[2026-09-30T04:35:00.277Z] [PID: 260] [32m[NODE-CRON][32m [33m[WARN][0m missed execution at Wed Sep 30 2026 03:44:00 GMT+0530 (India Standard Time)! Possible blocking IO or high CPU user at the same process used by node-cron.
[2026-09-30T04:35:00.282Z] [PID: 260] [32m[NODE-CRON][32m [33m[WARN][0m missed execution at Wed Sep 30 2026 03:46:00 GMT+0530 (India Standard Time)! Possible blocking IO or high CPU user at the same process used by node-cron.
[2026-09-30T04:35:00.288Z] [PID: 260] [32m[NODE-CRON][32m [33m[WARN][0m missed execution at Wed Sep 30 2026 03:48:00 GMT+0530 (India Standard Time)! Possible blocking IO or high CPU user at the same process used by node-cron.
[2026-09-30T04:35:00.293Z] [PID: 260] [32m[NODE-CRON][32m [33m[WARN][0m missed execution at Wed Sep 30 2026 03:50:00 GMT+0530 (India Standard Time)! Possible blocking IO or high CPU user at the same process used by node-cron.
[2026-09-30T04:35:00.297Z] [PID: 260] [32m[NODE-CRON][32m [33m[WARN][0m missed execution at Wed Sep 30 2026 03:52:00 GMT+0530 (India Standard Time)! Possible blocking IO or high CPU user at the same process used by node-cron.
[2026-09-30T04:35:00.301Z] [PID: 260] [32m[NODE-CRON][32m [33m[WARN][0m missed execution at Wed Sep 30 2026 03:54:00 GMT+0530 (India Standard Time)! Possible blocking IO or high CPU user at the same process used by node-cron.
[2026-09-30T04:35:00.305Z] [PID: 260] [32m[NODE-CRON][32m [33m[WARN][0m missed execution at Wed Sep 30 2026 03:56:00 GMT+0530 (India Standard Time)! Possible blocking IO or high CPU user at the same process used by node-cron.
[2026-09-30T04:35:00.310Z] [PID: 260] [32m[NODE-CRON][32m [33m[WARN][0m missed execution at Wed Sep 30 2026 03:58:00 GMT+0530 (India Standard Time)! Possible blocking IO or high CPU user at the same process used by node-cron.
[2026-09-30T04:35:00.314Z] [PID: 260] [32m[NODE-CRON][32m [33m[WARN][0m missed execution at Wed Sep 30 2026 04:00:00 GMT+0530 (India Standard Time)! Possible blocking IO or high CPU user at the same process used by node-cron.
[2026-09-30T04:35:00.318Z] [PID: 260] [32m[NODE-CRON][32m [33m[WARN][0m missed execution at Wed Sep 30 2026 04:02:00 GMT+0530 (India Standard Time)! Possible blocking IO or high CPU user at the same process used by node-cron.
[2026-09-30T04:35:00.321Z] [PID: 260] [32m[NODE-CRON][32m [33m[WARN][0m missed execution at Wed Sep 30 2026 04:04:00 GMT+0530 (India Standard Time)! Possible blocking IO or high CPU user at the same process used by node-cron.
[2026-09-30T04:35:00.326Z] [PID: 260] [32m[NODE-CRON][32m [33m[WARN][0m missed execution at Wed Sep 30 2026 04:06:00 GMT+0530 (India Standard Time)! Possible blocking IO or high CPU user at the same process used by node-cron.
[2026-09-30T04:35:00.330Z] [PID: 260] [32m[NODE-CRON][32m [33m[WARN][0m missed execution at Wed Sep 30 2026 04:08:00 GMT+0530 (India Standard Time)! Possible blocking IO or high CPU user at the same process used by node-cron.
[2026-09-30T04:35:00.335Z] [PID: 260] [32m[NODE-CRON][32m [33m[WARN][0m missed execution at Wed Sep 30 2026 04:10:00 GMT+0530 (India Standard Time)! Possible blocking IO or high CPU user at the same process used by node-cron.
[2026-09-30T04:35:00.340Z] [PID: 260] [32m[NODE-CRON][32m [33m[WARN][0m missed execution at Wed Sep 30 2026 04:12:00 GMT+0530 (India Standard Time)! Possible blocking IO or high CPU user at the same process used by node-cron.
[2026-09-30T04:35:00.345Z] [PID: 260] [32m[NODE-CRON][32m [33m[WARN][0m missed execution at Wed Sep 30 2026 04:14:00 GMT+0530 (India Standard Time)! Possible blocking IO or high CPU user at the same process used by node-cron.
[2026-09-30T04:35:00.350Z] [PID: 260] [32m[NODE-CRON][32m [33m[WARN][0m missed execution at Wed Sep 30 2026 04:16:00 GMT+0530 (India Standard Time)! Possible blocking IO or high CPU user at the same process used by node-cron.
[2026-09-30T04:35:00.355Z] [PID: 260] [32m[NODE-CRON][32m [33m[WARN][0m missed execution at Wed Sep 30 2026 04:18:00 GMT+0530 (India Standard Time)! Possible blocking IO or high CPU user at the same process used by node-cron.
[2026-09-30T04:35:00.361Z] [PID: 260] [32m[NODE-CRON][32m [33m[WARN][0m missed execution at Wed Sep 30 2026 04:20:00 GMT+0530 (India Standard Time)! Possible blocking IO or high CPU user at the same process used by node-cron.
[2026-09-30T04:35:00.365Z] [PID: 260] [32m[NODE-CRON][32m [33m[WARN][0m missed execution at Wed Sep 30 2026 04:22:00 GMT+0530 (India Standard Time)! Possible blocking IO or high CPU user at the same process used by node-cron.
[2026-09-30T04:35:00.370Z] [PID: 260] [32m[NODE-CRON][32m [33m[WARN][0m missed execution at Wed Sep 30 2026 04:24:00 GMT+0530 (India Standard Time)! Possible blocking IO or high CPU user at the same process used by node-cron.
[2026-09-30T04:35:00.375Z] [PID: 260] [32m[NODE-CRON][32m [33m[WARN][0m missed execution at Wed Sep 30 2026 04:26:00 GMT+0530 (India Standard Time)! Possible blocking IO or high CPU user at the same process used by node-cron.
[2026-09-30T04:35:00.380Z] [PID: 260] [32m[NODE-CRON][32m [33m[WARN][0m missed execution at Wed Sep 30 2026 04:28:00 GMT+0530 (India Standard Time)! Possible blocking IO or high CPU user at the same process used by node-cron.
[2026-09-30T04:35:00.385Z] [PID: 260] [32m[NODE-CRON][32m [33m[WARN][0m missed execution at Wed Sep 30 2026 04:30:00 GMT+0530 (India Standard Time)! Possible blocking IO or high CPU user at the same process used by node-cron.
[2026-09-30T04:35:00.390Z] [PID: 260] [32m[NODE-CRON][32m [33m[WARN][0m missed execution at Wed Sep 30 2026 04:32:00 GMT+0530 (India Standard Time)! Possible blocking IO or high CPU user at the same process used by node-cron.
[2026-09-30T04:35:00.395Z] [PID: 260] [32m[NODE-CRON][32m [33m[WARN][0m missed execution at Wed Sep 30 2026 04:34:00 GMT+0530 (India Standard Time)! Possible blocking IO or high CPU user at the same process used by node-cron.
[2026-09-30T04:35:00.399Z] [PID: 260] [32m[NODE-CRON][32m [33m[WARN][0m missed execution at Wed Sep 30 2026 04:36:00 GMT+0530 (India Standard Time)! Possible blocking IO or high CPU user at the same process used by node-cron.
[2026-09-30T04:35:00.404Z] [PID: 260] [32m[NODE-CRON][32m [33m[WARN][0m missed execution at Wed Sep 30 2026 04:38:00 GMT+0530 (India Standard Time)! Possible blocking IO or high CPU user at the same process used by node-cron.
[2026-09-30T04:35:00.419Z] [PID: 260] [32m[NODE-CRON][32m [33m[WARN][0m missed execution at Wed Sep 30 2026 04:40:00 GMT+0530 (India Standard Time)! Possible blocking IO or high CPU user at the same process used by node-cron.
[2026-09-30T04:35:00.423Z] [PID: 260] [32m[NODE-CRON][32m [33m[WARN][0m missed execution at Wed Sep 30 2026 04:42:00 GMT+0530 (India Standard Time)! Possible blocking IO or high CPU user at the same process used by node-cron.
[2026-09-30T04:35:00.427Z] [PID: 260] [32m[NODE-CRON][32m [33m[WARN][0m missed execution at Wed Sep 30 2026 04:44:00 GMT+0530 (India Standard Time)! Possible blocking IO or high CPU user at the same process used by node-cron.
[2026-09-30T04:35:00.430Z] [PID: 260] [32m[NODE-CRON][32m [33m[WARN][0m missed execution at Wed Sep 30 2026 04:46:00 GMT+0530 (India Standard Time)! Possible blocking IO or high CPU user at the same process used by node-cron.
[2026-09-30T04:35:00.434Z] [PID: 260] [32m[NODE-CRON][32m [33m[WARN][0m missed execution at Wed Sep 30 2026 04:48:00 GMT+0530 (India Standard Time)! Possible blocking IO or high CPU user at the same process used by node-cron.
[2026-09-30T04:35:00.438Z] [PID: 260] [32m[NODE-CRON][32m [33m[WARN][0m missed execution at Wed Sep 30 2026 04:50:00 GMT+0530 (India Standard Time)! Possible blocking IO or high CPU user at the same process used by node-cron.
[2026-09-30T04:35:00.442Z] [PID: 260] [32m[NODE-CRON][32m [33m[WARN][0m missed execution at Wed Sep 30 2026 04:52:00 GMT+0530 (India Standard Time)! Possible blocking IO or high CPU user at the same process used by node-cron.
[2026-09-30T04:35:00.446Z] [PID: 260] [32m[NODE-CRON][32m [33m[WARN][0m missed execution at Wed Sep 30 2026 04:54:00 GMT+0530 (India Standard Time)! Possible blocking IO or high CPU user at the same process used by node-cron.
[2026-09-30T04:35:00.450Z] [PID: 260] [32m[NODE-CRON][32m [33m[WARN][0m missed execution at Wed Sep 30 2026 04:56:00 GMT+0530 (India Standard Time)! Possible blocking IO or high CPU user at the same process used by node-cron.
[2026-09-30T04:35:00.454Z] [PID: 260] [32m[NODE-CRON][32m [33m[WARN][0m missed execution at Wed Sep 30 2026 04:58:00 GMT+0530 (India Standard Time)! Possible blocking IO or high CPU user at the same process used by node-cron.
[2026-09-30T04:35:00.459Z] [PID: 260] [32m[NODE-CRON][32m [33m[WARN][0m missed execution at Wed Sep 30 2026 05:00:00 GMT+0530 (India Standard Time)! Possible blocking IO or high CPU user at the same process used by node-cron.
[2026-09-30T04:35:00.463Z] [PID: 260] [32m[NODE-CRON][32m [33m[WARN][0m missed execution at Wed Sep 30 2026 05:02:00 GMT+0530 (India Standard Time)! Possible blocking IO or high CPU user at the same process used by node-cron.
[2026-09-30T04:35:00.467Z] [PID: 260] [32m[NODE-CRON][32m [33m[WARN][0m missed execution at Wed Sep 30 2026 05:04:00 GMT+0530 (India Standard Time)! Possible blocking IO or high CPU user at the same process used by node-cron.
[2026-09-30T04:35:00.471Z] [PID: 260] [32m[NODE-CRON][32m [33m[WARN][0m missed execution at Wed Sep 30 2026 05:06:00 GMT+0530 (India Standard Time)! Possible blocking IO or high CPU user at the same process used by node-cron.
[2026-09-30T04:35:00.475Z] [PID: 260] [32m[NODE-CRON][32m [33m[WARN][0m missed execution at Wed Sep 30 2026 05:08:00 GMT+0530 (India Standard Time)! Possible blocking IO or high CPU user at the same process used by node-cron.
[2026-09-30T04:35:00.479Z] [PID: 260] [32m[NODE-CRON][32m [33m[WARN][0m missed execution at Wed Sep 30 2026 05:10:00 GMT+0530 (India Standard Time)! Possible blocking IO or high CPU user at the same process used by node-cron.
[2026-09-30T04:35:00.484Z] [PID: 260] [32m[NODE-CRON][32m [33m[WARN][0m missed execution at Wed Sep 30 2026 05:12:00 GMT+0530 (India Standard Time)! Possible blocking IO or high CPU user at the same process used by node-cron.
[2026-09-30T04:35:00.488Z] [PID: 260] [32m[NODE-CRON][32m [33m[WARN][0m missed execution at Wed Sep 30 2026 05:14:00 GMT+0530 (India Standard Time)! Possible blocking IO or high CPU user at the same process used by node-cron.
[2026-09-30T04:35:00.491Z] [PID: 260] [32m[NODE-CRON][32m [33m[WARN][0m missed execution at Wed Sep 30 2026 05:16:00 GMT+0530 (India Standard Time)! Possible blocking IO or high CPU user at the same process used by node-cron.
[2026-09-30T04:35:00.495Z] [PID: 260] [32m[NODE-CRON][32m [33m[WARN][0m missed execution at Wed Sep 30 2026 05:18:00 GMT+0530 (India Standard Time)! Possible blocking IO or high CPU user at the same process used by node-cron.
[2026-09-30T04:35:00.501Z] [PID: 260] [32m[NODE-CRON][32m [33m[WARN][0m missed execution at Wed Sep 30 2026 05:20:00 GMT+0530 (India Standard Time)! Possible blocking IO or high CPU user at the same process used by node-cron.
[2026-09-30T04:35:00.505Z] [PID: 260] [32m[NODE-CRON][32m [33m[WARN][0m missed execution at Wed Sep 30 2026 05:22:00 GMT+0530 (India Standard Time)! Possible blocking IO or high CPU user at the same process used by node-cron.
[2026-09-30T04:35:00.509Z] [PID: 260] [32m[NODE-CRON][32m [33m[WARN][0m missed execution at Wed Sep 30 2026 05:24:00 GMT+0530 (India Standard Time)! Possible blocking IO or high CPU user at the same process used by node-cron.
[2026-09-30T04:35:00.513Z] [PID: 260] [32m[NODE-CRON][32m [33m[WARN][0m missed execution at Wed Sep 30 2026 05:26:00 GMT+0530 (India Standard Time)! Possible blocking IO or high CPU user at the same process used by node-cron.
[2026-09-30T04:35:00.517Z] [PID: 260] [32m[NODE-CRON][32m [33m[WARN][0m missed execution at Wed Sep 30 2026 05:28:00 GMT+0530 (India Standard Time)! Possible blocking IO or high CPU user at the same process used by node-cron.
[2026-09-30T04:35:00.522Z] [PID: 260] [32m[NODE-CRON][32m [33m[WARN][0m missed execution at Wed Sep 30 2026 05:30:00 GMT+0530 (India Standard Time)! Possible blocking IO or high CPU user at the same process used by node-cron.
[2026-09-30T04:35:00.527Z] [PID: 260] [32m[NODE-CRON][32m [33m[WARN][0m missed execution at Wed Sep 30 2026 05:32:00 GMT+0530 (India Standard Time)! Possible blocking IO or high CPU user at the same process used by node-cron.
[2026-09-30T04:35:00.532Z] [PID: 260] [32m[NODE-CRON][32m [33m[WARN][0m missed execution at Wed Sep 30 2026 05:34:00 GMT+0530 (India Standard Time)! Possible blocking IO or high CPU user at the same process used by node-cron.
[2026-09-30T04:35:00.536Z] [PID: 260] [32m[NODE-CRON][32m [33m[WARN][0m missed execution at Wed Sep 30 2026 05:36:00 GMT+0530 (India Standard Time)! Possible blocking IO or high CPU user at the same process used by node-cron.
[2026-09-30T04:35:00.541Z] [PID: 260] [32m[NODE-CRON][32m [33m[WARN][0m missed execution at Wed Sep 30 2026 05:38:00 GMT+0530 (India Standard Time)! Possible blocking IO or high CPU user at the same process used by node-cron.
[2026-09-30T04:35:00.546Z] [PID: 260] [32m[NODE-CRON][32m [33m[WARN][0m missed execution at Wed Sep 30 2026 05:40:00 GMT+0530 (India Standard Time)! Possible blocking IO or high CPU user at the same process used by node-cron.
[2026-09-30T04:35:00.551Z] [PID: 260] [32m[NODE-CRON][32m [33m[WARN][0m missed execution at Wed Sep 30 2026 05:42:00 GMT+0530 (India Standard Time)! Possible blocking IO or high CPU user at the same process used by node-cron.
[2026-09-30T04:35:00.556Z] [PID: 260] [32m[NODE-CRON][32m [33m[WARN][0m missed execution at Wed Sep 30 2026 05:44:00 GMT+0530 (India Standard Time)! Possible blocking IO or high CPU user at the same process used by node-cron.
[2026-09-30T04:35:00.561Z] [PID: 260] [32m[NODE-CRON][32m [33m[WARN][0m missed execution at Wed Sep 30 2026 05:46:00 GMT+0530 (India Standard Time)! Possible blocking IO or high CPU user at the same process used by node-cron.
[2026-09-30T04:35:00.565Z] [PID: 260] [32m[NODE-CRON][32m [33m[WARN][0m missed execution at Wed Sep 30 2026 05:48:00 GMT+0530 (India Standard Time)! Possible blocking IO or high CPU user at the same process used by node-cron.
[2026-09-30T04:35:00.569Z] [PID: 260] [32m[NODE-CRON][32m [33m[WARN][0m missed execution at Wed Sep 30 2026 05:50:00 GMT+0530 (India Standard Time)! Possible blocking IO or high CPU user at the same process used by node-cron.
[2026-09-30T04:35:00.574Z] [PID: 260] [32m[NODE-CRON][32m [33m[WARN][0m missed execution at Wed Sep 30 2026 05:52:00 GMT+0530 (India Standard Time)! Possible blocking IO or high CPU user at the same process used by node-cron.
[2026-09-30T04:35:00.578Z] [PID: 260] [32m[NODE-CRON][32m [33m[WARN][0m missed execution at Wed Sep 30 2026 05:54:00 GMT+0530 (India Standard Time)! Possible blocking IO or high CPU user at the same process used by node-cron.
[2026-09-30T04:35:00.583Z] [PID: 260] [32m[NODE-CRON][32m [33m[WARN][0m missed execution at Wed Sep 30 2026 05:56:00 GMT+0530 (India Standard Time)! Possible blocking IO or high CPU user at the same process used by node-cron.
[2026-09-30T04:35:00.588Z] [PID: 260] [32m[NODE-CRON][32m [33m[WARN][0m missed execution at Wed Sep 30 2026 05:58:00 GMT+0530 (India Standard Time)! Possible blocking IO or high CPU user at the same process used by node-cron.
[2026-09-30T04:35:00.605Z] [PID: 260] [32m[NODE-CRON][32m [33m[WARN][0m missed execution at Wed Sep 30 2026 06:00:00 GMT+0530 (India Standard Time)! Possible blocking IO or high CPU user at the same process used by node-cron.
[2026-09-30T04:35:00.610Z] [PID: 260] [32m[NODE-CRON][32m [33m[WARN][0m missed execution at Wed Sep 30 2026 06:02:00 GMT+0530 (India Standard Time)! Possible blocking IO or high CPU user at the same process used by node-cron.
[2026-09-30T04:35:00.614Z] [PID: 260] [32m[NODE-CRON][32m [33m[WARN][0m missed execution at Wed Sep 30 2026 06:04:00 GMT+0530 (India Standard Time)! Possible blocking IO or high CPU user at the same process used by node-cron.
[2026-09-30T04:35:00.619Z] [PID: 260] [32m[NODE-CRON][32m [33m[WARN][0m missed execution at Wed Sep 30 2026 06:06:00 GMT+0530 (India Standard Time)! Possible blocking IO or high CPU user at the same process used by node-cron.
[2026-09-30T04:35:00.624Z] [PID: 260] [32m[NODE-CRON][32m [33m[WARN][0m missed execution at Wed Sep 30 2026 06:08:00 GMT+0530 (India Standard Time)! Possible blocking IO or high CPU user at the same process used by node-cron.
[2026-09-30T04:35:00.628Z] [PID: 260] [32m[NODE-CRON][32m [33m[WARN][0m missed execution at Wed Sep 30 2026 06:10:00 GMT+0530 (India Standard Time)! Possible blocking IO or high CPU user at the same process used by node-cron.
[2026-09-30T04:35:00.633Z] [PID: 260] [32m[NODE-CRON][32m [33m[WARN][0m missed execution at Wed Sep 30 2026 06:12:00 GMT+0530 (India Standard Time)! Possible blocking IO or high CPU user at the same process used by node-cron.
[2026-09-30T04:35:00.637Z] [PID: 260] [32m[NODE-CRON][32m [33m[WARN][0m missed execution at Wed Sep 30 2026 06:14:00 GMT+0530 (India Standard Time)! Possible blocking IO or high CPU user at the same process used by node-cron.
[2026-09-30T04:35:00.641Z] [PID: 260] [32m[NODE-CRON][32m [33m[WARN][0m missed execution at Wed Sep 30 2026 06:16:00 GMT+0530 (India Standard Time)! Possible blocking IO or high CPU user at the same process used by node-cron.
[2026-09-30T04:35:00.645Z] [PID: 260] [32m[NODE-CRON][32m [33m[WARN][0m missed execution at Wed Sep 30 2026 06:18:00 GMT+0530 (India Standard Time)! Possible blocking IO or high CPU user at the same process used by node-cron.
[2026-09-30T04:35:00.649Z] [PID: 260] [32m[NODE-CRON][32m [33m[WARN][0m missed execution at Wed Sep 30 2026 06:20:00 GMT+0530 (India Standard Time)! Possible blocking IO or high CPU user at the same process used by node-cron.
[2026-09-30T04:35:00.654Z] [PID: 260] [32m[NODE-CRON][32m [33m[WARN][0m missed execution at Wed Sep 30 2026 06:22:00 GMT+0530 (India Standard Time)! Possible blocking IO or high CPU user at the same process used by node-cron.
[2026-09-30T04:35:00.658Z] [PID: 260] [32m[NODE-CRON][32m [33m[WARN][0m missed execution at Wed Sep 30 2026 06:24:00 GMT+0530 (India Standard Time)! Possible blocking IO or high CPU user at the same process used by node-cron.
[2026-09-30T04:35:00.662Z] [PID: 260] [32m[NODE-CRON][32m [33m[WARN][0m missed execution at Wed Sep 30 2026 06:26:00 GMT+0530 (India Standard Time)! Possible blocking IO or high CPU user at the same process used by node-cron.
[2026-09-30T04:35:00.669Z] [PID: 260] [32m[NODE-CRON][32m [33m[WARN][0m missed execution at Wed Sep 30 2026 06:28:00 GMT+0530 (India Standard Time)! Possible blocking IO or high CPU user at the same process used by node-cron.
[2026-09-30T04:35:00.674Z] [PID: 260] [32m[NODE-CRON][32m [33m[WARN][0m missed execution at Wed Sep 30 2026 06:30:00 GMT+0530 (India Standard Time)! Possible blocking IO or high CPU user at the same process used by node-cron.
[2026-09-30T04:35:00.679Z] [PID: 260] [32m[NODE-CRON][32m [33m[WARN][0m missed execution at Wed Sep 30 2026 06:32:00 GMT+0530 (India Standard Time)! Possible blocking IO or high CPU user at the same process used by node-cron.
[2026-09-30T04:35:00.683Z] [PID: 260] [32m[NODE-CRON][32m [33m[WARN][0m missed execution at Wed Sep 30 2026 06:34:00 GMT+0530 (India Standard Time)! Possible blocking IO or high CPU user at the same process used by node-cron.
[2026-09-30T04:35:00.687Z] [PID: 260] [32m[NODE-CRON][32m [33m[WARN][0m missed execution at Wed Sep 30 2026 06:36:00 GMT+0530 (India Standard Time)! Possible blocking IO or high CPU user at the same process used by node-cron.
[2026-09-30T04:35:00.691Z] [PID: 260] [32m[NODE-CRON][32m [33m[WARN][0m missed execution at Wed Sep 30 2026 06:38:00 GMT+0530 (India Standard Time)! Possible blocking IO or high CPU user at the same process used by node-cron.
[2026-09-30T04:35:00.696Z] [PID: 260] [32m[NODE-CRON][32m [33m[WARN][0m missed execution at Wed Sep 30 2026 06:40:00 GMT+0530 (India Standard Time)! Possible blocking IO or high CPU user at the same process used by node-cron.
[2026-09-30T04:35:00.702Z] [PID: 260] [32m[NODE-CRON][32m [33m[WARN][0m missed execution at Wed Sep 30 2026 06:42:00 GMT+0530 (India Standard Time)! Possible blocking IO or high CPU user at the same process used by node-cron.
[2026-09-30T04:35:00.706Z] [PID: 260] [32m[NODE-CRON][32m [33m[WARN][0m missed execution at Wed Sep 30 2026 06:44:00 GMT+0530 (India Standard Time)! Possible blocking IO or high CPU user at the same process used by node-cron.
[2026-09-30T04:35:00.711Z] [PID: 260] [32m[NODE-CRON][32m [33m[WARN][0m missed execution at Wed Sep 30 2026 06:46:00 GMT+0530 (India Standard Time)! Possible blocking IO or high CPU user at the same process used by node-cron.
[2026-09-30T04:35:00.715Z] [PID: 260] [32m[NODE-CRON][32m [33m[WARN][0m missed execution at Wed Sep 30 2026 06:48:00 GMT+0530 (India Standard Time)! Possible blocking IO or high CPU user at the same process used by node-cron.
[2026-09-30T04:35:00.719Z] [PID: 260] [32m[NODE-CRON][32m [33m[WARN][0m missed execution at Wed Sep 30 2026 06:50:00 GMT+0530 (India Standard Time)! Possible blocking IO or high CPU user at the same process used by node-cron.
[2026-09-30T04:35:00.723Z] [PID: 260] [32m[NODE-CRON][32m [33m[WARN][0m missed execution at Wed Sep 30 2026 06:52:00 GMT+0530 (India Standard Time)! Possible blocking IO or high CPU user at the same process used by node-cron.
[2026-09-30T04:35:00.727Z] [PID: 260] [32m[NODE-CRON][32m [33m[WARN][0m missed execution at Wed Sep 30 2026 06:54:00 GMT+0530 (India Standard Time)! Possible blocking IO or high CPU user at the same process used by node-cron.
[2026-09-30T04:35:00.731Z] [PID: 260] [32m[NODE-CRON][32m [33m[WARN][0m missed execution at Wed Sep 30 2026 06:56:00 GMT+0530 (India Standard Time)! Possible blocking IO or high CPU user at the same process used by node-cron.
[2026-09-30T04:35:00.735Z] [PID: 260] [32m[NODE-CRON][32m [33m[WARN][0m missed execution at Wed Sep 30 2026 06:58:00 GMT+0530 (India Standard Time)! Possible blocking IO or high CPU user at the same process used by node-cron.
[2026-09-30T04:35:00.741Z] [PID: 260] [32m[NODE-CRON][32m [33m[WARN][0m missed execution at Wed Sep 30 2026 07:00:00 GMT+0530 (India Standard Time)! Possible blocking IO or high CPU user at the same process used by node-cron.
[2026-09-30T04:35:00.745Z] [PID: 260] [32m[NODE-CRON][32m [33m[WARN][0m missed execution at Wed Sep 30 2026 07:02:00 GMT+0530 (India Standard Time)! Possible blocking IO or high CPU user at the same process used by node-cron.
[2026-09-30T04:35:00.750Z] [PID: 260] [32m[NODE-CRON][32m [33m[WARN][0m missed execution at Wed Sep 30 2026 07:04:00 GMT+0530 (India Standard Time)! Possible blocking IO or high CPU user at the same process used by node-cron.
[2026-09-30T04:35:00.754Z] [PID: 260] [32m[NODE-CRON][32m [33m[WARN][0m missed execution at Wed Sep 30 2026 07:06:00 GMT+0530 (India Standard Time)! Possible blocking IO or high CPU user at the same process used by node-cron.
[2026-09-30T04:35:00.758Z] [PID: 260] [32m[NODE-CRON][32m [33m[WARN][0m missed execution at Wed Sep 30 2026 07:08:00 GMT+0530 (India Standard Time)! Possible blocking IO or high CPU user at the same process used by node-cron.
[2026-09-30T04:35:00.762Z] [PID: 260] [32m[NODE-CRON][32m [33m[WARN][0m missed execution at Wed Sep 30 2026 07:10:00 GMT+0530 (India Standard Time)! Possible blocking IO or high CPU user at the same process used by node-cron.
[2026-09-30T04:35:00.766Z] [PID: 260] [32m[NODE-CRON][32m [33m[WARN][0m missed execution at Wed Sep 30 2026 07:12:00 GMT+0530 (India Standard Time)! Possible blocking IO or high CPU user at the same process used by node-cron.
[2026-09-30T04:35:00.770Z] [PID: 260] [32m[NODE-CRON][32m [33m[WARN][0m missed execution at Wed Sep 30 2026 07:14:00 GMT+0530 (India Standard Time)! Possible blocking IO or high CPU user at the same process used by node-cron.
[2026-09-30T04:35:00.774Z] [PID: 260] [32m[NODE-CRON][32m [33m[WARN][0m missed execution at Wed Sep 30 2026 07:16:00 GMT+0530 (India Standard Time)! Possible blocking IO or high CPU user at the same process used by node-cron.
[2026-09-30T04:35:00.778Z] [PID: 260] [32m[NODE-CRON][32m [33m[WARN][0m missed execution at Wed Sep 30 2026 07:18:00 GMT+0530 (India Standard Time)! Possible blocking IO or high CPU user at the same process used by node-cron.
[2026-09-30T04:35:00.793Z] [PID: 260] [32m[NODE-CRON][32m [33m[WARN][0m missed execution at Wed Sep 30 2026 07:20:00 GMT+0530 (India Standard Time)! Possible blocking IO or high CPU user at the same process used by node-cron.
[2026-09-30T04:35:00.797Z] [PID: 260] [32m[NODE-CRON][32m [33m[WARN][0m missed execution at Wed Sep 30 2026 07:22:00 GMT+0530 (India Standard Time)! Possible blocking IO or high CPU user at the same process used by node-cron.
[2026-09-30T04:35:00.801Z] [PID: 260] [32m[NODE-CRON][32m [33m[WARN][0m missed execution at Wed Sep 30 2026 07:24:00 GMT+0530 (India Standard Time)! Possible blocking IO or high CPU user at the same process used by node-cron.
[2026-09-30T04:35:00.806Z] [PID: 260] [32m[NODE-CRON][32m [33m[WARN][0m missed execution at Wed Sep 30 2026 07:26:00 GMT+0530 (India Standard Time)! Possible blocking IO or high CPU user at the same process used by node-cron.
[2026-09-30T04:35:00.810Z] [PID: 260] [32m[NODE-CRON][32m [33m[WARN][0m missed execution at Wed Sep 30 2026 07:28:00 GMT+0530 (India Standard Time)! Possible blocking IO or high CPU user at the same process used by node-cron.
[2026-09-30T04:35:00.814Z] [PID: 260] [32m[NODE-CRON][32m [33m[WARN][0m missed execution at Wed Sep 30 2026 07:30:00 GMT+0530 (India Standard Time)! Possible blocking IO or high CPU user at the same process used by node-cron.
[2026-09-30T04:35:00.819Z] [PID: 260] [32m[NODE-CRON][32m [33m[WARN][0m missed execution at Wed Sep 30 2026 07:32:00 GMT+0530 (India Standard Time)! Possible blocking IO or high CPU user at the same process used by node-cron.
[2026-09-30T04:35:00.823Z] [PID: 260] [32m[NODE-CRON][32m [33m[WARN][0m missed execution at Wed Sep 30 2026 07:34:00 GMT+0530 (India Standard Time)! Possible blocking IO or high CPU user at the same process used by node-cron.
[2026-09-30T04:35:00.827Z] [PID: 260] [32m[NODE-CRON][32m [33m[WARN][0m missed execution at Wed Sep 30 2026 07:36:00 GMT+0530 (India Standard Time)! Possible blocking IO or high CPU user at the same process used by node-cron.
[2026-09-30T04:35:00.830Z] [PID: 260] [32m[NODE-CRON][32m [33m[WARN][0m missed execution at Wed Sep 30 2026 07:38:00 GMT+0530 (India Standard Time)! Possible blocking IO or high CPU user at the same process used by node-cron.
[2026-09-30T04:35:00.834Z] [PID: 260] [32m[NODE-CRON][32m [33m[WARN][0m missed execution at Wed Sep 30 2026 07:40:00 GMT+0530 (India Standard Time)! Possible blocking IO or high CPU user at the same process used by node-cron.
[2026-09-30T04:35:00.838Z] [PID: 260] [32m[NODE-CRON][32m [33m[WARN][0m missed execution at Wed Sep 30 2026 07:42:00 GMT+0530 (India Standard Time)! Possible blocking IO or high CPU user at the same process used by node-cron.
[2026-09-30T04:35:00.843Z] [PID: 260] [32m[NODE-CRON][32m [33m[WARN][0m missed execution at Wed Sep 30 2026 07:44:00 GMT+0530 (India Standard Time)! Possible blocking IO or high CPU user at the same process used by node-cron.
[2026-09-30T04:35:00.847Z] [PID: 260] [32m[NODE-CRON][32m [33m[WARN][0m missed execution at Wed Sep 30 2026 07:46:00 GMT+0530 (India Standard Time)! Possible blocking IO or high CPU user at the same process used by node-cron.
[2026-09-30T04:35:00.852Z] [PID: 260] [32m[NODE-CRON][32m [33m[WARN][0m missed execution at Wed Sep 30 2026 07:48:00 GMT+0530 (India Standard Time)! Possible blocking IO or high CPU user at the same process used by node-cron.
[2026-09-30T04:35:00.856Z] [PID: 260] [32m[NODE-CRON][32m [33m[WARN][0m missed execution at Wed Sep 30 2026 07:50:00 GMT+0530 (India Standard Time)! Possible blocking IO or high CPU user at the same process used by node-cron.
[2026-09-30T04:35:00.860Z] [PID: 260] [32m[NODE-CRON][32m [33m[WARN][0m missed execution at Wed Sep 30 2026 07:52:00 GMT+0530 (India Standard Time)! Possible blocking IO or high CPU user at the same process used by node-cron.
[2026-09-30T04:35:00.864Z] [PID: 260] [32m[NODE-CRON][32m [33m[WARN][0m missed execution at Wed Sep 30 2026 07:54:00 GMT+0530 (India Standard Time)! Possible blocking IO or high CPU user at the same process used by node-cron.
[2026-09-30T04:35:00.867Z] [PID: 260] [32m[NODE-CRON][32m [33m[WARN][0m missed execution at Wed Sep 30 2026 07:56:00 GMT+0530 (India Standard Time)! Possible blocking IO or high CPU user at the same process used by node-cron.
[2026-09-30T04:35:00.871Z] [PID: 260] [32m[NODE-CRON][32m [33m[WARN][0m missed execution at Wed Sep 30 2026 07:58:00 GMT+0530 (India Standard Time)! Possible blocking IO or high CPU user at the same process used by node-cron.
[2026-09-30T04:35:00.875Z] [PID: 260] [32m[NODE-CRON][32m [33m[WARN][0m missed execution at Wed Sep 30 2026 08:00:00 GMT+0530 (India Standard Time)! Possible blocking IO or high CPU user at the same process used by node-cron.
[2026-09-30T04:35:00.879Z] [PID: 260] [32m[NODE-CRON][32m [33m[WARN][0m missed execution at Wed Sep 30 2026 08:02:00 GMT+0530 (India Standard Time)! Possible blocking IO or high CPU user at the same process used by node-cron.
[2026-09-30T04:35:00.883Z] [PID: 260] [32m[NODE-CRON][32m [33m[WARN][0m missed execution at Wed Sep 30 2026 08:04:00 GMT+0530 (India Standard Time)! Possible blocking IO or high CPU user at the same process used by node-cron.
[2026-09-30T04:35:00.887Z] [PID: 260] [32m[NODE-CRON][32m [33m[WARN][0m missed execution at Wed Sep 30 2026 08:06:00 GMT+0530 (India Standard Time)! Possible blocking IO or high CPU user at the same process used by node-cron.
[2026-09-30T04:35:00.892Z] [PID: 260] [32m[NODE-CRON][32m [33m[WARN][0m missed execution at Wed Sep 30 2026 08:08:00 GMT+0530 (India Standard Time)! Possible blocking IO or high CPU user at the same process used by node-cron.
[2026-09-30T04:35:00.896Z] [PID: 260] [32m[NODE-CRON][32m [33m[WARN][0m missed execution at Wed Sep 30 2026 08:10:00 GMT+0530 (India Standard Time)! Possible blocking IO or high CPU user at the same process used by node-cron.
[2026-09-30T04:35:00.900Z] [PID: 260] [32m[NODE-CRON][32m [33m[WARN][0m missed execution at Wed Sep 30 2026 08:12:00 GMT+0530 (India Standard Time)! Possible blocking IO or high CPU user at the same process used by node-cron.
[2026-09-30T04:35:00.904Z] [PID: 260] [32m[NODE-CRON][32m [33m[WARN][0m missed execution at Wed Sep 30 2026 08:14:00 GMT+0530 (India Standard Time)! Possible blocking IO or high CPU user at the same process used by node-cron.
[2026-09-30T04:35:00.908Z] [PID: 260] [32m[NODE-CRON][32m [33m[WARN][0m missed execution at Wed Sep 30 2026 08:16:00 GMT+0530 (India Standard Time)! Possible blocking IO or high CPU user at the same process used by node-cron.
[2026-09-30T04:35:00.912Z] [PID: 260] [32m[NODE-CRON][32m [33m[WARN][0m missed execution at Wed Sep 30 2026 08:18:00 GMT+0530 (India Standard Time)! Possible blocking IO or high CPU user at the same process used by node-cron.
[2026-09-30T04:35:00.917Z] [PID: 260] [32m[NODE-CRON][32m [33m[WARN][0m missed execution at Wed Sep 30 2026 08:20:00 GMT+0530 (India Standard Time)! Possible blocking IO or high CPU user at the same process used by node-cron.
[2026-09-30T04:35:00.920Z] [PID: 260] [32m[NODE-CRON][32m [33m[WARN][0m missed execution at Wed Sep 30 2026 08:22:00 GMT+0530 (India Standard Time)! Possible blocking IO or high CPU user at the same process used by node-cron.
[2026-09-30T04:35:00.924Z] [PID: 260] [32m[NODE-CRON][32m [33m[WARN][0m missed execution at Wed Sep 30 2026 08:24:00 GMT+0530 (India Standard Time)! Possible blocking IO or high CPU user at the same process used by node-cron.
[2026-09-30T04:35:00.928Z] [PID: 260] [32m[NODE-CRON][32m [33m[WARN][0m missed execution at Wed Sep 30 2026 08:26:00 GMT+0530 (India Standard Time)! Possible blocking IO or high CPU user at the same process used by node-cron.
[2026-09-30T04:35:00.932Z] [PID: 260] [32m[NODE-CRON][32m [33m[WARN][0m missed execution at Wed Sep 30 2026 08:28:00 GMT+0530 (India Standard Time)! Possible blocking IO or high CPU user at the same process used by node-cron.
[2026-09-30T04:35:00.936Z] [PID: 260] [32m[NODE-CRON][32m [33m[WARN][0m missed execution at Wed Sep 30 2026 08:30:00 GMT+0530 (India Standard Time)! Possible blocking IO or high CPU user at the same process used by node-cron.
[2026-09-30T04:35:00.940Z] [PID: 260] [32m[NODE-CRON][32m [33m[WARN][0m missed execution at Wed Sep 30 2026 08:32:00 GMT+0530 (India Standard Time)! Possible blocking IO or high CPU user at the same process used by node-cron.
[2026-09-30T04:35:00.944Z] [PID: 260] [32m[NODE-CRON][32m [33m[WARN][0m missed execution at Wed Sep 30 2026 08:34:00 GMT+0530 (India Standard Time)! Possible blocking IO or high CPU user at the same process used by node-cron.
[2026-09-30T04:35:00.948Z] [PID: 260] [32m[NODE-CRON][32m [33m[WARN][0m missed execution at Wed Sep 30 2026 08:36:00 GMT+0530 (India Standard Time)! Possible blocking IO or high CPU user at the same process used by node-cron.
[2026-09-30T04:35:00.952Z] [PID: 260] [32m[NODE-CRON][32m [33m[WARN][0m missed execution at Wed Sep 30 2026 08:38:00 GMT+0530 (India Standard Time)! Possible blocking IO or high CPU user at the same process used by node-cron.
[2026-09-30T04:35:00.956Z] [PID: 260] [32m[NODE-CRON][32m [33m[WARN][0m missed execution at Wed Sep 30 2026 08:40:00 GMT+0530 (India Standard Time)! Possible blocking IO or high CPU user at the same process used by node-cron.
[2026-09-30T04:35:00.969Z] [PID: 260] [32m[NODE-CRON][32m [33m[WARN][0m missed execution at Wed Sep 30 2026 08:42:00 GMT+0530 (India Standard Time)! Possible blocking IO or high CPU user at the same process used by node-cron.
[2026-09-30T04:35:00.974Z] [PID: 260] [32m[NODE-CRON][32m [33m[WARN][0m missed execution at Wed Sep 30 2026 08:44:00 GMT+0530 (India Standard Time)! Possible blocking IO or high CPU user at the same process used by node-cron.
[2026-09-30T04:35:00.978Z] [PID: 260] [32m[NODE-CRON][32m [33m[WARN][0m missed execution at Wed Sep 30 2026 08:46:00 GMT+0530 (India Standard Time)! Possible blocking IO or high CPU user at the same process used by node-cron.
[2026-09-30T04:35:00.983Z] [PID: 260] [32m[NODE-CRON][32m [33m[WARN][0m missed execution at Wed Sep 30 2026 08:48:00 GMT+0530 (India Standard Time)! Possible blocking IO or high CPU user at the same process used by node-cron.
[2026-09-30T04:35:00.989Z] [PID: 260] [32m[NODE-CRON][32m [33m[WARN][0m missed execution at Wed Sep 30 2026 08:50:00 GMT+0530 (India Standard Time)! Possible blocking IO or high CPU user at the same process used by node-cron.
[2026-09-30T04:35:00.993Z] [PID: 260] [32m[NODE-CRON][32m [33m[WARN][0m missed execution at Wed Sep 30 2026 08:52:00 GMT+0530 (India Standard Time)! Possible blocking IO or high CPU user at the same process used by node-cron.
[2026-09-30T04:35:00.998Z] [PID: 260] [32m[NODE-CRON][32m [33m[WARN][0m missed execution at Wed Sep 30 2026 08:54:00 GMT+0530 (India Standard Time)! Possible blocking IO or high CPU user at the same process used by node-cron.
[2026-09-30T04:35:01.003Z] [PID: 260] [32m[NODE-CRON][32m [33m[WARN][0m missed execution at Wed Sep 30 2026 08:56:00 GMT+0530 (India Standard Time)! Possible blocking IO or high CPU user at the same process used by node-cron.
[2026-09-30T04:35:01.007Z] [PID: 260] [32m[NODE-CRON][32m [33m[WARN][0m missed execution at Wed Sep 30 2026 08:58:00 GMT+0530 (India Standard Time)! Possible blocking IO or high CPU user at the same process used by node-cron.
[2026-09-30T04:35:01.012Z] [PID: 260] [32m[NODE-CRON][32m [33m[WARN][0m missed execution at Wed Sep 30 2026 09:00:00 GMT+0530 (India Standard Time)! Possible blocking IO or high CPU user at the same process used by node-cron.
[2026-09-30T04:35:01.016Z] [PID: 260] [32m[NODE-CRON][32m [33m[WARN][0m missed execution at Wed Sep 30 2026 09:02:00 GMT+0530 (India Standard Time)! Possible blocking IO or high CPU user at the same process used by node-cron.
[2026-09-30T04:35:01.020Z] [PID: 260] [32m[NODE-CRON][32m [33m[WARN][0m missed execution at Wed Sep 30 2026 09:04:00 GMT+0530 (India Standard Time)! Possible blocking IO or high CPU user at the same process used by node-cron.
[2026-09-30T04:35:01.024Z] [PID: 260] [32m[NODE-CRON][32m [33m[WARN][0m missed execution at Wed Sep 30 2026 09:06:00 GMT+0530 (India Standard Time)! Possible blocking IO or high CPU user at the same process used by node-cron.
[2026-09-30T04:35:01.028Z] [PID: 260] [32m[NODE-CRON][32m [33m[WARN][0m missed execution at Wed Sep 30 2026 09:08:00 GMT+0530 (India Standard Time)! Possible blocking IO or high CPU user at the same process used by node-cron.
[2026-09-30T04:35:01.032Z] [PID: 260] [32m[NODE-CRON][32m [33m[WARN][0m missed execution at Wed Sep 30 2026 09:10:00 GMT+0530 (India Standard Time)! Possible blocking IO or high CPU user at the same process used by node-cron.
[2026-09-30T04:35:01.036Z] [PID: 260] [32m[NODE-CRON][32m [33m[WARN][0m missed execution at Wed Sep 30 2026 09:12:00 GMT+0530 (India Standard Time)! Possible blocking IO or high CPU user at the same process used by node-cron.
[2026-09-30T04:35:01.040Z] [PID: 260] [32m[NODE-CRON][32m [33m[WARN][0m missed execution at Wed Sep 30 2026 09:14:00 GMT+0530 (India Standard Time)! Possible blocking IO or high CPU user at the same process used by node-cron.
[2026-09-30T04:35:01.044Z] [PID: 260] [32m[NODE-CRON][32m [33m[WARN][0m missed execution at Wed Sep 30 2026 09:16:00 GMT+0530 (India Standard Time)! Possible blocking IO or high CPU user at the same process used by node-cron.
[2026-09-30T04:35:01.048Z] [PID: 260] [32m[NODE-CRON][32m [33m[WARN][0m missed execution at Wed Sep 30 2026 09:18:00 GMT+0530 (India Standard Time)! Possible blocking IO or high CPU user at the same process used by node-cron.
[2026-09-30T04:35:01.052Z] [PID: 260] [32m[NODE-CRON][32m [33m[WARN][0m missed execution at Wed Sep 30 2026 09:20:00 GMT+0530 (India Standard Time)! Possible blocking IO or high CPU user at the same process used by node-cron.
[2026-09-30T04:35:01.057Z] [PID: 260] [32m[NODE-CRON][32m [33m[WARN][0m missed execution at Wed Sep 30 2026 09:22:00 GMT+0530 (India Standard Time)! Possible blocking IO or high CPU user at the same process used by node-cron.
[2026-09-30T04:35:01.062Z] [PID: 260] [32m[NODE-CRON][32m [33m[WARN][0m missed execution at Wed Sep 30 2026 09:24:00 GMT+0530 (India Standard Time)! Possible blocking IO or high CPU user at the same process used by node-cron.
[2026-09-30T04:35:01.067Z] [PID: 260] [32m[NODE-CRON][32m [33m[WARN][0m missed execution at Wed Sep 30 2026 09:26:00 GMT+0530 (India Standard Time)! Possible blocking IO or high CPU user at the same process used by node-cron.
[2026-09-30T04:35:01.073Z] [PID: 260] [32m[NODE-CRON][32m [33m[WARN][0m missed execution at Wed Sep 30 2026 09:28:00 GMT+0530 (India Standard Time)! Possible blocking IO or high CPU user at the same process used by node-cron.
[2026-09-30T04:35:01.079Z] [PID: 260] [32m[NODE-CRON][32m [33m[WARN][0m missed execution at Wed Sep 30 2026 09:30:00 GMT+0530 (India Standard Time)! Possible blocking IO or high CPU user at the same process used by node-cron.
[2026-09-30T04:35:01.085Z] [PID: 260] [32m[NODE-CRON][32m [33m[WARN][0m missed execution at Wed Sep 30 2026 09:32:00 GMT+0530 (India Standard Time)! Possible blocking IO or high CPU user at the same process used by node-cron.
[2026-09-30T04:35:01.091Z] [PID: 260] [32m[NODE-CRON][32m [33m[WARN][0m missed execution at Wed Sep 30 2026 09:34:00 GMT+0530 (India Standard Time)! Possible blocking IO or high CPU user at the same process used by node-cron.
[2026-09-30T04:35:01.097Z] [PID: 260] [32m[NODE-CRON][32m [33m[WARN][0m missed execution at Wed Sep 30 2026 09:36:00 GMT+0530 (India Standard Time)! Possible blocking IO or high CPU user at the same process used by node-cron.
[2026-09-30T04:35:01.102Z] [PID: 260] [32m[NODE-CRON][32m [33m[WARN][0m missed execution at Wed Sep 30 2026 09:38:00 GMT+0530 (India Standard Time)! Possible blocking IO or high CPU user at the same process used by node-cron.
[2026-09-30T04:35:01.107Z] [PID: 260] [32m[NODE-CRON][32m [33m[WARN][0m missed execution at Wed Sep 30 2026 09:40:00 GMT+0530 (India Standard Time)! Possible blocking IO or high CPU user at the same process used by node-cron.
[2026-09-30T04:35:01.112Z] [PID: 260] [32m[NODE-CRON][32m [33m[WARN][0m missed execution at Wed Sep 30 2026 09:42:00 GMT+0530 (India Standard Time)! Possible blocking IO or high CPU user at the same process used by node-cron.
[2026-09-30T04:35:01.117Z] [PID: 260] [32m[NODE-CRON][32m [33m[WARN][0m missed execution at Wed Sep 30 2026 09:44:00 GMT+0530 (India Standard Time)! Possible blocking IO or high CPU user at the same process used by node-cron.
[2026-09-30T04:35:01.123Z] [PID: 260] [32m[NODE-CRON][32m [33m[WARN][0m missed execution at Wed Sep 30 2026 09:46:00 GMT+0530 (India Standard Time)! Possible blocking IO or high CPU user at the same process used by node-cron.
[2026-09-30T04:35:01.129Z] [PID: 260] [32m[NODE-CRON][32m [33m[WARN][0m missed execution at Wed Sep 30 2026 09:48:00 GMT+0530 (India Standard Time)! Possible blocking IO or high CPU user at the same process used by node-cron.
[2026-09-30T04:35:01.135Z] [PID: 260] [32m[NODE-CRON][32m [33m[WARN][0m missed execution at Wed Sep 30 2026 09:50:00 GMT+0530 (India Standard Time)! Possible blocking IO or high CPU user at the same process used by node-cron.
[2026-09-30T04:35:01.140Z] [PID: 260] [32m[NODE-CRON][32m [33m[WARN][0m missed execution at Wed Sep 30 2026 09:52:00 GMT+0530 (India Standard Time)! Possible blocking IO or high CPU user at the same process used by node-cron.
[2026-09-30T04:35:01.145Z] [PID: 260] [32m[NODE-CRON][32m [33m[WARN][0m missed execution at Wed Sep 30 2026 09:54:00 GMT+0530 (India Standard Time)! Possible blocking IO or high CPU user at the same process used by node-cron.
[2026-09-30T04:35:01.149Z] [PID: 260] [32m[NODE-CRON][32m [33m[WARN][0m missed execution at Wed Sep 30 2026 09:56:00 GMT+0530 (India Standard Time)! Possible blocking IO or high CPU user at the same process used by node-cron.
[2026-09-30T04:35:01.154Z] [PID: 260] [32m[NODE-CRON][32m [33m[WARN][0m missed execution at Wed Sep 30 2026 09:58:00 GMT+0530 (India Standard Time)! Possible blocking IO or high CPU user at the same process used by node-cron.
[2026-09-30T04:35:01.161Z] [PID: 260] [32m[NODE-CRON][32m [33m[WARN][0m missed execution at Wed Sep 30 2026 10:00:00 GMT+0530 (India Standard Time)! Possible blocking IO or high CPU user at the same process used by node-cron.
[2026-09-30T04:35:01.177Z] [PID: 260] [32m[NODE-CRON][32m [33m[WARN][0m missed execution at Wed Sep 30 2026 10:02:00 GMT+0530 (India Standard Time)! Possible blocking IO or high CPU user at the same process used by node-cron.
[2026-09-30T04:35:01.182Z] [PID: 260] [32m[NODE-CRON][32m [33m[WARN][0m missed execution at Wed Sep 30 2026 10:04:00 GMT+0530 (India Standard Time)! Possible blocking IO or high CPU user at the same process used by node-cron.
[2026-09-30T04:35:01.197Z] [PID: 260] [32m[NODE-CRON][32m [33m[WARN][0m missed execution at Tue Sep 29 2026 21:20:00 GMT+0530 (India Standard Time)! Possible blocking IO or high CPU user at the same process used by node-cron.
[2026-09-30T04:35:01.202Z] [PID: 260] [32m[NODE-CRON][32m [33m[WARN][0m missed execution at Tue Sep 29 2026 21:30:00 GMT+0530 (India Standard Time)! Possible blocking IO or high CPU user at the same process used by node-cron.
[2026-09-30T04:35:01.206Z] [PID: 260] [32m[NODE-CRON][32m [33m[WARN][0m missed execution at Tue Sep 29 2026 21:40:00 GMT+0530 (India Standard Time)! Possible blocking IO or high CPU user at the same process used by node-cron.
[2026-09-30T04:35:01.210Z] [PID: 260] [32m[NODE-CRON][32m [33m[WARN][0m missed execution at Tue Sep 29 2026 21:50:00 GMT+0530 (India Standard Time)! Possible blocking IO or high CPU user at the same process used by node-cron.
[2026-09-30T04:35:01.215Z] [PID: 260] [32m[NODE-CRON][32m [33m[WARN][0m missed execution at Tue Sep 29 2026 22:00:00 GMT+0530 (India Standard Time)! Possible blocking IO or high CPU user at the same process used by node-cron.
[2026-09-30T04:35:01.219Z] [PID: 260] [32m[NODE-CRON][32m [33m[WARN][0m missed execution at Tue Sep 29 2026 22:10:00 GMT+0530 (India Standard Time)! Possible blocking IO or high CPU user at the same process used by node-cron.
[2026-09-30T04:35:01.224Z] [PID: 260] [32m[NODE-CRON][32m [33m[WARN][0m missed execution at Tue Sep 29 2026 22:20:00 GMT+0530 (India Standard Time)! Possible blocking IO or high CPU user at the same process used by node-cron.
[2026-09-30T04:35:01.228Z] [PID: 260] [32m[NODE-CRON][32m [33m[WARN][0m missed execution at Tue Sep 29 2026 22:30:00 GMT+0530 (India Standard Time)! Possible blocking IO or high CPU user at the same process used by node-cron.
[2026-09-30T04:35:01.232Z] [PID: 260] [32m[NODE-CRON][32m [33m[WARN][0m missed execution at Tue Sep 29 2026 22:40:00 GMT+0530 (India Standard Time)! Possible blocking IO or high CPU user at the same process used by node-cron.
[2026-09-30T04:35:01.237Z] [PID: 260] [32m[NODE-CRON][32m [33m[WARN][0m missed execution at Tue Sep 29 2026 22:50:00 GMT+0530 (India Standard Time)! Possible blocking IO or high CPU user at the same process used by node-cron.
[2026-09-30T04:35:01.245Z] [PID: 260] [32m[NODE-CRON][32m [33m[WARN][0m missed execution at Tue Sep 29 2026 23:00:00 GMT+0530 (India Standard Time)! Possible blocking IO or high CPU user at the same process used by node-cron.
[2026-09-30T04:35:01.250Z] [PID: 260] [32m[NODE-CRON][32m [33m[WARN][0m missed execution at Tue Sep 29 2026 23:10:00 GMT+0530 (India Standard Time)! Possible blocking IO or high CPU user at the same process used by node-cron.
[2026-09-30T04:35:01.254Z] [PID: 260] [32m[NODE-CRON][32m [33m[WARN][0m missed execution at Tue Sep 29 2026 23:20:00 GMT+0530 (India Standard Time)! Possible blocking IO or high CPU user at the same process used by node-cron.
[2026-09-30T04:35:01.260Z] [PID: 260] [32m[NODE-CRON][32m [33m[WARN][0m missed execution at Tue Sep 29 2026 23:30:00 GMT+0530 (India Standard Time)! Possible blocking IO or high CPU user at the same process used by node-cron.
[2026-09-30T04:35:01.264Z] [PID: 260] [32m[NODE-CRON][32m [33m[WARN][0m missed execution at Tue Sep 29 2026 23:40:00 GMT+0530 (India Standard Time)! Possible blocking IO or high CPU user at the same process used by node-cron.
[2026-09-30T04:35:01.268Z] [PID: 260] [32m[NODE-CRON][32m [33m[WARN][0m missed execution at Tue Sep 29 2026 23:50:00 GMT+0530 (India Standard Time)! Possible blocking IO or high CPU user at the same process used by node-cron.
[2026-09-30T04:35:01.274Z] [PID: 260] [32m[NODE-CRON][32m [33m[WARN][0m missed execution at Wed Sep 30 2026 00:00:00 GMT+0530 (India Standard Time)! Possible blocking IO or high CPU user at the same process used by node-cron.
[2026-09-30T04:35:01.279Z] [PID: 260] [32m[NODE-CRON][32m [33m[WARN][0m missed execution at Wed Sep 30 2026 00:10:00 GMT+0530 (India Standard Time)! Possible blocking IO or high CPU user at the same process used by node-cron.
[2026-09-30T04:35:01.283Z] [PID: 260] [32m[NODE-CRON][32m [33m[WARN][0m missed execution at Wed Sep 30 2026 00:20:00 GMT+0530 (India Standard Time)! Possible blocking IO or high CPU user at the same process used by node-cron.
[2026-09-30T04:35:01.288Z] [PID: 260] [32m[NODE-CRON][32m [33m[WARN][0m missed execution at Wed Sep 30 2026 00:30:00 GMT+0530 (India Standard Time)! Possible blocking IO or high CPU user at the same process used by node-cron.
[2026-09-30T04:35:01.292Z] [PID: 260] [32m[NODE-CRON][32m [33m[WARN][0m missed execution at Wed Sep 30 2026 00:40:00 GMT+0530 (India Standard Time)! Possible blocking IO or high CPU user at the same process used by node-cron.
[2026-09-30T04:35:01.296Z] [PID: 260] [32m[NODE-CRON][32m [33m[WARN][0m missed execution at Wed Sep 30 2026 00:50:00 GMT+0530 (India Standard Time)! Possible blocking IO or high CPU user at the same process used by node-cron.
[2026-09-30T04:35:01.301Z] [PID: 260] [32m[NODE-CRON][32m [33m[WARN][0m missed execution at Wed Sep 30 2026 01:00:00 GMT+0530 (India Standard Time)! Possible blocking IO or high CPU user at the same process used by node-cron.
[2026-09-30T04:35:01.304Z] [PID: 260] [32m[NODE-CRON][32m [33m[WARN][0m missed execution at Wed Sep 30 2026 01:10:00 GMT+0530 (India Standard Time)! Possible blocking IO or high CPU user at the same process used by node-cron.
[2026-09-30T04:35:01.308Z] [PID: 260] [32m[NODE-CRON][32m [33m[WARN][0m missed execution at Wed Sep 30 2026 01:20:00 GMT+0530 (India Standard Time)! Possible blocking IO or high CPU user at the same process used by node-cron.
[2026-09-30T04:35:01.313Z] [PID: 260] [32m[NODE-CRON][32m [33m[WARN][0m missed execution at Wed Sep 30 2026 01:30:00 GMT+0530 (India Standard Time)! Possible blocking IO or high CPU user at the same process used by node-cron.
[2026-09-30T04:35:01.317Z] [PID: 260] [32m[NODE-CRON][32m [33m[WARN][0m missed execution at Wed Sep 30 2026 01:40:00 GMT+0530 (India Standard Time)! Possible blocking IO or high CPU user at the same process used by node-cron.
[2026-09-30T04:35:01.322Z] [PID: 260] [32m[NODE-CRON][32m [33m[WARN][0m missed execution at Wed Sep 30 2026 01:50:00 GMT+0530 (India Standard Time)! Possible blocking IO or high CPU user at the same process used by node-cron.
[2026-09-30T04:35:01.327Z] [PID: 260] [32m[NODE-CRON][32m [33m[WARN][0m missed execution at Wed Sep 30 2026 02:00:00 GMT+0530 (India Standard Time)! Possible blocking IO or high CPU user at the same process used by node-cron.
[2026-09-30T04:35:01.333Z] [PID: 260] [32m[NODE-CRON][32m [33m[WARN][0m missed execution at Wed Sep 30 2026 02:10:00 GMT+0530 (India Standard Time)! Possible blocking IO or high CPU user at the same process used by node-cron.
[2026-09-30T04:35:01.338Z] [PID: 260] [32m[NODE-CRON][32m [33m[WARN][0m missed execution at Wed Sep 30 2026 02:20:00 GMT+0530 (India Standard Time)! Possible blocking IO or high CPU user at the same process used by node-cron.
[2026-09-30T04:35:01.343Z] [PID: 260] [32m[NODE-CRON][32m [33m[WARN][0m missed execution at Wed Sep 30 2026 02:30:00 GMT+0530 (India Standard Time)! Possible blocking IO or high CPU user at the same process used by node-cron.
[2026-09-30T04:35:01.347Z] [PID: 260] [32m[NODE-CRON][32m [33m[WARN][0m missed execution at Wed Sep 30 2026 02:40:00 GMT+0530 (India Standard Time)! Possible blocking IO or high CPU user at the same process used by node-cron.
[2026-09-30T04:35:01.351Z] [PID: 260] [32m[NODE-CRON][32m [33m[WARN][0m missed execution at Wed Sep 30 2026 02:50:00 GMT+0530 (India Standard Time)! Possible blocking IO or high CPU user at the same process used by node-cron.
[2026-09-30T04:35:01.357Z] [PID: 260] [32m[NODE-CRON][32m [33m[WARN][0m missed execution at Wed Sep 30 2026 03:00:00 GMT+0530 (India Standard Time)! Possible blocking IO or high CPU user at the same process used by node-cron.
[2026-09-30T04:35:01.361Z] [PID: 260] [32m[NODE-CRON][32m [33m[WARN][0m missed execution at Wed Sep 30 2026 03:10:00 GMT+0530 (India Standard Time)! Possible blocking IO or high CPU user at the same process used by node-cron.
[2026-09-30T04:35:01.365Z] [PID: 260] [32m[NODE-CRON][32m [33m[WARN][0m missed execution at Wed Sep 30 2026 03:20:00 GMT+0530 (India Standard Time)! Possible blocking IO or high CPU user at the same process used by node-cron.
[2026-09-30T04:35:01.371Z] [PID: 260] [32m[NODE-CRON][32m [33m[WARN][0m missed execution at Wed Sep 30 2026 03:30:00 GMT+0530 (India Standard Time)! Possible blocking IO or high CPU user at the same process used by node-cron.
[2026-09-30T04:35:01.388Z] [PID: 260] [32m[NODE-CRON][32m [33m[WARN][0m missed execution at Wed Sep 30 2026 03:40:00 GMT+0530 (India Standard Time)! Possible blocking IO or high CPU user at the same process used by node-cron.
[2026-09-30T04:35:01.392Z] [PID: 260] [32m[NODE-CRON][32m [33m[WARN][0m missed execution at Wed Sep 30 2026 03:50:00 GMT+0530 (India Standard Time)! Possible blocking IO or high CPU user at the same process used by node-cron.
[2026-09-30T04:35:01.398Z] [PID: 260] [32m[NODE-CRON][32m [33m[WARN][0m missed execution at Wed Sep 30 2026 04:00:00 GMT+0530 (India Standard Time)! Possible blocking IO or high CPU user at the same process used by node-cron.
[2026-09-30T04:35:01.403Z] [PID: 260] [32m[NODE-CRON][32m [33m[WARN][0m missed execution at Wed Sep 30 2026 04:10:00 GMT+0530 (India Standard Time)! Possible blocking IO or high CPU user at the same process used by node-cron.
[2026-09-30T04:35:01.408Z] [PID: 260] [32m[NODE-CRON][32m [33m[WARN][0m missed execution at Wed Sep 30 2026 04:20:00 GMT+0530 (India Standard Time)! Possible blocking IO or high CPU user at the same process used by node-cron.
[2026-09-30T04:35:01.414Z] [PID: 260] [32m[NODE-CRON][32m [33m[WARN][0m missed execution at Wed Sep 30 2026 04:30:00 GMT+0530 (India Standard Time)! Possible blocking IO or high CPU user at the same process used by node-cron.
[2026-09-30T04:35:01.419Z] [PID: 260] [32m[NODE-CRON][32m [33m[WARN][0m missed execution at Wed Sep 30 2026 04:40:00 GMT+0530 (India Standard Time)! Possible blocking IO or high CPU user at the same process used by node-cron.
[2026-09-30T04:35:01.424Z] [PID: 260] [32m[NODE-CRON][32m [33m[WARN][0m missed execution at Wed Sep 30 2026 04:50:00 GMT+0530 (India Standard Time)! Possible blocking IO or high CPU user at the same process used by node-cron.
[2026-09-30T04:35:01.430Z] [PID: 260] [32m[NODE-CRON][32m [33m[WARN][0m missed execution at Wed Sep 30 2026 05:00:00 GMT+0530 (India Standard Time)! Possible blocking IO or high CPU user at the same process used by node-cron.
[2026-09-30T04:35:01.434Z] [PID: 260] [32m[NODE-CRON][32m [33m[WARN][0m missed execution at Wed Sep 30 2026 05:10:00 GMT+0530 (India Standard Time)! Possible blocking IO or high CPU user at the same process used by node-cron.
[2026-09-30T04:35:01.438Z] [PID: 260] [32m[NODE-CRON][32m [33m[WARN][0m missed execution at Wed Sep 30 2026 05:20:00 GMT+0530 (India Standard Time)! Possible blocking IO or high CPU user at the same process used by node-cron.
[2026-09-30T04:35:01.442Z] [PID: 260] [32m[NODE-CRON][32m [33m[WARN][0m missed execution at Wed Sep 30 2026 05:30:00 GMT+0530 (India Standard Time)! Possible blocking IO or high CPU user at the same process used by node-cron.
[2026-09-30T04:35:01.446Z] [PID: 260] [32m[NODE-CRON][32m [33m[WARN][0m missed execution at Wed Sep 30 2026 05:40:00 GMT+0530 (India Standard Time)! Possible blocking IO or high CPU user at the same process used by node-cron.
[2026-09-30T04:35:01.451Z] [PID: 260] [32m[NODE-CRON][32m [33m[WARN][0m missed execution at Wed Sep 30 2026 05:50:00 GMT+0530 (India Standard Time)! Possible blocking IO or high CPU user at the same process used by node-cron.
[2026-09-30T04:35:01.456Z] [PID: 260] [32m[NODE-CRON][32m [33m[WARN][0m missed execution at Wed Sep 30 2026 06:00:00 GMT+0530 (India Standard Time)! Possible blocking IO or high CPU user at the same process used by node-cron.
[2026-09-30T04:35:01.460Z] [PID: 260] [32m[NODE-CRON][32m [33m[WARN][0m missed execution at Wed Sep 30 2026 06:10:00 GMT+0530 (India Standard Time)! Possible blocking IO or high CPU user at the same process used by node-cron.
[2026-09-30T04:35:01.464Z] [PID: 260] [32m[NODE-CRON][32m [33m[WARN][0m missed execution at Wed Sep 30 2026 06:20:00 GMT+0530 (India Standard Time)! Possible blocking IO or high CPU user at the same process used by node-cron.
[2026-09-30T04:35:01.468Z] [PID: 260] [32m[NODE-CRON][32m [33m[WARN][0m missed execution at Wed Sep 30 2026 06:30:00 GMT+0530 (India Standard Time)! Possible blocking IO or high CPU user at the same process used by node-cron.
[2026-09-30T04:35:01.472Z] [PID: 260] [32m[NODE-CRON][32m [33m[WARN][0m missed execution at Wed Sep 30 2026 06:40:00 GMT+0530 (India Standard Time)! Possible blocking IO or high CPU user at the same process used by node-cron.
[2026-09-30T04:35:01.477Z] [PID: 260] [32m[NODE-CRON][32m [33m[WARN][0m missed execution at Wed Sep 30 2026 06:50:00 GMT+0530 (India Standard Time)! Possible blocking IO or high CPU user at the same process used by node-cron.
[2026-09-30T04:35:01.482Z] [PID: 260] [32m[NODE-CRON][32m [33m[WARN][0m missed execution at Wed Sep 30 2026 07:00:00 GMT+0530 (India Standard Time)! Possible blocking IO or high CPU user at the same process used by node-cron.
[2026-09-30T04:35:01.487Z] [PID: 260] [32m[NODE-CRON][32m [33m[WARN][0m missed execution at Wed Sep 30 2026 07:10:00 GMT+0530 (India Standard Time)! Possible blocking IO or high CPU user at the same process used by node-cron.
[2026-09-30T04:35:01.492Z] [PID: 260] [32m[NODE-CRON][32m [33m[WARN][0m missed execution at Wed Sep 30 2026 07:20:00 GMT+0530 (India Standard Time)! Possible blocking IO or high CPU user at the same process used by node-cron.
[2026-09-30T04:35:01.496Z] [PID: 260] [32m[NODE-CRON][32m [33m[WARN][0m missed execution at Wed Sep 30 2026 07:30:00 GMT+0530 (India Standard Time)! Possible blocking IO or high CPU user at the same process used by node-cron.
[2026-09-30T04:35:01.501Z] [PID: 260] [32m[NODE-CRON][32m [33m[WARN][0m missed execution at Wed Sep 30 2026 07:40:00 GMT+0530 (India Standard Time)! Possible blocking IO or high CPU user at the same process used by node-cron.
[2026-09-30T04:35:01.505Z] [PID: 260] [32m[NODE-CRON][32m [33m[WARN][0m missed execution at Wed Sep 30 2026 07:50:00 GMT+0530 (India Standard Time)! Possible blocking IO or high CPU user at the same process used by node-cron.
[2026-09-30T04:35:01.509Z] [PID: 260] [32m[NODE-CRON][32m [33m[WARN][0m missed execution at Wed Sep 30 2026 08:00:00 GMT+0530 (India Standard Time)! Possible blocking IO or high CPU user at the same process used by node-cron.
[2026-09-30T04:35:01.514Z] [PID: 260] [32m[NODE-CRON][32m [33m[WARN][0m missed execution at Wed Sep 30 2026 08:10:00 GMT+0530 (India Standard Time)! Possible blocking IO or high CPU user at the same process used by node-cron.
[2026-09-30T04:35:01.518Z] [PID: 260] [32m[NODE-CRON][32m [33m[WARN][0m missed execution at Wed Sep 30 2026 08:20:00 GMT+0530 (India Standard Time)! Possible blocking IO or high CPU user at the same process used by node-cron.
[2026-09-30T04:35:01.523Z] [PID: 260] [32m[NODE-CRON][32m [33m[WARN][0m missed execution at Wed Sep 30 2026 08:30:00 GMT+0530 (India Standard Time)! Possible blocking IO or high CPU user at the same process used by node-cron.
[2026-09-30T04:35:01.528Z] [PID: 260] [32m[NODE-CRON][32m [33m[WARN][0m missed execution at Wed Sep 30 2026 08:40:00 GMT+0530 (India Standard Time)! Possible blocking IO or high CPU user at the same process used by node-cron.
[2026-09-30T04:35:01.533Z] [PID: 260] [32m[NODE-CRON][32m [33m[WARN][0m missed execution at Wed Sep 30 2026 08:50:00 GMT+0530 (India Standard Time)! Possible blocking IO or high CPU user at the same process used by node-cron.
[2026-09-30T04:35:01.538Z] [PID: 260] [32m[NODE-CRON][32m [33m[WARN][0m missed execution at Wed Sep 30 2026 09:00:00 GMT+0530 (India Standard Time)! Possible blocking IO or high CPU user at the same process used by node-cron.
[2026-09-30T04:35:01.542Z] [PID: 260] [32m[NODE-CRON][32m [33m[WARN][0m missed execution at Wed Sep 30 2026 09:10:00 GMT+0530 (India Standard Time)! Possible blocking IO or high CPU user at the same process used by node-cron.
[2026-09-30T04:35:01.546Z] [PID: 260] [32m[NODE-CRON][32m [33m[WARN][0m missed execution at Wed Sep 30 2026 09:20:00 GMT+0530 (India Standard Time)! Possible blocking IO or high CPU user at the same process used by node-cron.
[2026-09-30T04:35:01.550Z] [PID: 260] [32m[NODE-CRON][32m [33m[WARN][0m missed execution at Wed Sep 30 2026 09:30:00 GMT+0530 (India Standard Time)! Possible blocking IO or high CPU user at the same process used by node-cron.
[2026-09-30T04:35:01.554Z] [PID: 260] [32m[NODE-CRON][32m [33m[WARN][0m missed execution at Wed Sep 30 2026 09:40:00 GMT+0530 (India Standard Time)! Possible blocking IO or high CPU user at the same process used by node-cron.
[2026-09-30T04:35:01.559Z] [PID: 260] [32m[NODE-CRON][32m [33m[WARN][0m missed execution at Wed Sep 30 2026 09:50:00 GMT+0530 (India Standard Time)! Possible blocking IO or high CPU user at the same process used by node-cron.
[2026-09-30T04:35:01.563Z] [PID: 260] [32m[NODE-CRON][32m [33m[WARN][0m missed execution at Wed Sep 30 2026 10:00:00 GMT+0530 (India Standard Time)! Possible blocking IO or high CPU user at the same process used by node-cron.
[2026-09-30T04:35:01.576Z] [PID: 260] [32m[NODE-CRON][32m [33m[WARN][0m missed execution at Tue Sep 29 2026 21:20:00 GMT+0530 (India Standard Time)! Possible blocking IO or high CPU user at the same process used by node-cron.
[2026-09-30T04:35:01.593Z] [PID: 260] [32m[NODE-CRON][32m [33m[WARN][0m missed execution at Tue Sep 29 2026 21:30:00 GMT+0530 (India Standard Time)! Possible blocking IO or high CPU user at the same process used by node-cron.
[2026-09-30T04:35:01.598Z] [PID: 260] [32m[NODE-CRON][32m [33m[WARN][0m missed execution at Tue Sep 29 2026 21:40:00 GMT+0530 (India Standard Time)! Possible blocking IO or high CPU user at the same process used by node-cron.
[2026-09-30T04:35:01.603Z] [PID: 260] [32m[NODE-CRON][32m [33m[WARN][0m missed execution at Tue Sep 29 2026 21:50:00 GMT+0530 (India Standard Time)! Possible blocking IO or high CPU user at the same process used by node-cron.
[2026-09-30T04:35:01.607Z] [PID: 260] [32m[NODE-CRON][32m [33m[WARN][0m missed execution at Tue Sep 29 2026 22:00:00 GMT+0530 (India Standard Time)! Possible blocking IO or high CPU user at the same process used by node-cron.
[2026-09-30T04:35:01.611Z] [PID: 260] [32m[NODE-CRON][32m [33m[WARN][0m missed execution at Tue Sep 29 2026 22:10:00 GMT+0530 (India Standard Time)! Possible blocking IO or high CPU user at the same process used by node-cron.
[2026-09-30T04:35:01.614Z] [PID: 260] [32m[NODE-CRON][32m [33m[WARN][0m missed execution at Tue Sep 29 2026 22:20:00 GMT+0530 (India Standard Time)! Possible blocking IO or high CPU user at the same process used by node-cron.
[2026-09-30T04:35:01.618Z] [PID: 260] [32m[NODE-CRON][32m [33m[WARN][0m missed execution at Tue Sep 29 2026 22:30:00 GMT+0530 (India Standard Time)! Possible blocking IO or high CPU user at the same process used by node-cron.
[2026-09-30T04:35:01.622Z] [PID: 260] [32m[NODE-CRON][32m [33m[WARN][0m missed execution at Tue Sep 29 2026 22:40:00 GMT+0530 (India Standard Time)! Possible blocking IO or high CPU user at the same process used by node-cron.
[2026-09-30T04:35:01.626Z] [PID: 260] [32m[NODE-CRON][32m [33m[WARN][0m missed execution at Tue Sep 29 2026 22:50:00 GMT+0530 (India Standard Time)! Possible blocking IO or high CPU user at the same process used by node-cron.
[2026-09-30T04:35:01.631Z] [PID: 260] [32m[NODE-CRON][32m [33m[WARN][0m missed execution at Tue Sep 29 2026 23:00:00 GMT+0530 (India Standard Time)! Possible blocking IO or high CPU user at the same process used by node-cron.
[2026-09-30T04:35:01.635Z] [PID: 260] [32m[NODE-CRON][32m [33m[WARN][0m missed execution at Tue Sep 29 2026 23:10:00 GMT+0530 (India Standard Time)! Possible blocking IO or high CPU user at the same process used by node-cron.
[2026-09-30T04:35:01.638Z] [PID: 260] [32m[NODE-CRON][32m [33m[WARN][0m missed execution at Tue Sep 29 2026 23:20:00 GMT+0530 (India Standard Time)! Possible blocking IO or high CPU user at the same process used by node-cron.
[2026-09-30T04:35:01.642Z] [PID: 260] [32m[NODE-CRON][32m [33m[WARN][0m missed execution at Tue Sep 29 2026 23:30:00 GMT+0530 (India Standard Time)! Possible blocking IO or high CPU user at the same process used by node-cron.
[2026-09-30T04:35:01.645Z] [PID: 260] [32m[NODE-CRON][32m [33m[WARN][0m missed execution at Tue Sep 29 2026 23:40:00 GMT+0530 (India Standard Time)! Possible blocking IO or high CPU user at the same process used by node-cron.
[2026-09-30T04:35:01.649Z] [PID: 260] [32m[NODE-CRON][32m [33m[WARN][0m missed execution at Tue Sep 29 2026 23:50:00 GMT+0530 (India Standard Time)! Possible blocking IO or high CPU user at the same process used by node-cron.
[2026-09-30T04:35:01.654Z] [PID: 260] [32m[NODE-CRON][32m [33m[WARN][0m missed execution at Wed Sep 30 2026 00:00:00 GMT+0530 (India Standard Time)! Possible blocking IO or high CPU user at the same process used by node-cron.
[2026-09-30T04:35:01.657Z] [PID: 260] [32m[NODE-CRON][32m [33m[WARN][0m missed execution at Wed Sep 30 2026 00:10:00 GMT+0530 (India Standard Time)! Possible blocking IO or high CPU user at the same process used by node-cron.
[2026-09-30T04:35:01.661Z] [PID: 260] [32m[NODE-CRON][32m [33m[WARN][0m missed execution at Wed Sep 30 2026 00:20:00 GMT+0530 (India Standard Time)! Possible blocking IO or high CPU user at the same process used by node-cron.
[2026-09-30T04:35:01.665Z] [PID: 260] [32m[NODE-CRON][32m [33m[WARN][0m missed execution at Wed Sep 30 2026 00:30:00 GMT+0530 (India Standard Time)! Possible blocking IO or high CPU user at the same process used by node-cron.
[2026-09-30T04:35:01.668Z] [PID: 260] [32m[NODE-CRON][32m [33m[WARN][0m missed execution at Wed Sep 30 2026 00:40:00 GMT+0530 (India Standard Time)! Possible blocking IO or high CPU user at the same process used by node-cron.
[2026-09-30T04:35:01.672Z] [PID: 260] [32m[NODE-CRON][32m [33m[WARN][0m missed execution at Wed Sep 30 2026 00:50:00 GMT+0530 (India Standard Time)! Possible blocking IO or high CPU user at the same process used by node-cron.
[2026-09-30T04:35:01.677Z] [PID: 260] [32m[NODE-CRON][32m [33m[WARN][0m missed execution at Wed Sep 30 2026 01:00:00 GMT+0530 (India Standard Time)! Possible blocking IO or high CPU user at the same process used by node-cron.
[2026-09-30T04:35:01.681Z] [PID: 260] [32m[NODE-CRON][32m [33m[WARN][0m missed execution at Wed Sep 30 2026 01:10:00 GMT+0530 (India Standard Time)! Possible blocking IO or high CPU user at the same process used by node-cron.
[2026-09-30T04:35:01.685Z] [PID: 260] [32m[NODE-CRON][32m [33m[WARN][0m missed execution at Wed Sep 30 2026 01:20:00 GMT+0530 (India Standard Time)! Possible blocking IO or high CPU user at the same process used by node-cron.
[2026-09-30T04:35:01.689Z] [PID: 260] [32m[NODE-CRON][32m [33m[WARN][0m missed execution at Wed Sep 30 2026 01:30:00 GMT+0530 (India Standard Time)! Possible blocking IO or high CPU user at the same process used by node-cron.
[2026-09-30T04:35:01.693Z] [PID: 260] [32m[NODE-CRON][32m [33m[WARN][0m missed execution at Wed Sep 30 2026 01:40:00 GMT+0530 (India Standard Time)! Possible blocking IO or high CPU user at the same process used by node-cron.
[2026-09-30T04:35:01.696Z] [PID: 260] [32m[NODE-CRON][32m [33m[WARN][0m missed execution at Wed Sep 30 2026 01:50:00 GMT+0530 (India Standard Time)! Possible blocking IO or high CPU user at the same process used by node-cron.
[2026-09-30T04:35:01.703Z] [PID: 260] [32m[NODE-CRON][32m [33m[WARN][0m missed execution at Wed Sep 30 2026 02:00:00 GMT+0530 (India Standard Time)! Possible blocking IO or high CPU user at the same process used by node-cron.
[2026-09-30T04:35:01.706Z] [PID: 260] [32m[NODE-CRON][32m [33m[WARN][0m missed execution at Wed Sep 30 2026 02:10:00 GMT+0530 (India Standard Time)! Possible blocking IO or high CPU user at the same process used by node-cron.
[2026-09-30T04:35:01.710Z] [PID: 260] [32m[NODE-CRON][32m [33m[WARN][0m missed execution at Wed Sep 30 2026 02:20:00 GMT+0530 (India Standard Time)! Possible blocking IO or high CPU user at the same process used by node-cron.
[2026-09-30T04:35:01.714Z] [PID: 260] [32m[NODE-CRON][32m [33m[WARN][0m missed execution at Wed Sep 30 2026 02:30:00 GMT+0530 (India Standard Time)! Possible blocking IO or high CPU user at the same process used by node-cron.
[2026-09-30T04:35:01.717Z] [PID: 260] [32m[NODE-CRON][32m [33m[WARN][0m missed execution at Wed Sep 30 2026 02:40:00 GMT+0530 (India Standard Time)! Possible blocking IO or high CPU user at the same process used by node-cron.
[2026-09-30T04:35:01.721Z] [PID: 260] [32m[NODE-CRON][32m [33m[WARN][0m missed execution at Wed Sep 30 2026 02:50:00 GMT+0530 (India Standard Time)! Possible blocking IO or high CPU user at the same process used by node-cron.
[2026-09-30T04:35:01.725Z] [PID: 260] [32m[NODE-CRON][32m [33m[WARN][0m missed execution at Wed Sep 30 2026 03:00:00 GMT+0530 (India Standard Time)! Possible blocking IO or high CPU user at the same process used by node-cron.
[2026-09-30T04:35:01.728Z] [PID: 260] [32m[NODE-CRON][32m [33m[WARN][0m missed execution at Wed Sep 30 2026 03:10:00 GMT+0530 (India Standard Time)! Possible blocking IO or high CPU user at the same process used by node-cron.
[2026-09-30T04:35:01.731Z] [PID: 260] [32m[NODE-CRON][32m [33m[WARN][0m missed execution at Wed Sep 30 2026 03:20:00 GMT+0530 (India Standard Time)! Possible blocking IO or high CPU user at the same process used by node-cron.
[2026-09-30T04:35:01.735Z] [PID: 260] [32m[NODE-CRON][32m [33m[WARN][0m missed execution at Wed Sep 30 2026 03:30:00 GMT+0530 (India Standard Time)! Possible blocking IO or high CPU user at the same process used by node-cron.
[2026-09-30T04:35:01.738Z] [PID: 260] [32m[NODE-CRON][32m [33m[WARN][0m missed execution at Wed Sep 30 2026 03:40:00 GMT+0530 (India Standard Time)! Possible blocking IO or high CPU user at the same process used by node-cron.
[2026-09-30T04:35:01.743Z] [PID: 260] [32m[NODE-CRON][32m [33m[WARN][0m missed execution at Wed Sep 30 2026 03:50:00 GMT+0530 (India Standard Time)! Possible blocking IO or high CPU user at the same process used by node-cron.
[2026-09-30T04:35:01.747Z] [PID: 260] [32m[NODE-CRON][32m [33m[WARN][0m missed execution at Wed Sep 30 2026 04:00:00 GMT+0530 (India Standard Time)! Possible blocking IO or high CPU user at the same process used by node-cron.
[2026-09-30T04:35:01.754Z] [PID: 260] [32m[NODE-CRON][32m [33m[WARN][0m missed execution at Wed Sep 30 2026 04:10:00 GMT+0530 (India Standard Time)! Possible blocking IO or high CPU user at the same process used by node-cron.
[2026-09-30T04:35:01.780Z] [PID: 260] [32m[NODE-CRON][32m [33m[WARN][0m missed execution at Wed Sep 30 2026 04:20:00 GMT+0530 (India Standard Time)! Possible blocking IO or high CPU user at the same process used by node-cron.
[2026-09-30T04:35:01.787Z] [PID: 260] [32m[NODE-CRON][32m [33m[WARN][0m missed execution at Wed Sep 30 2026 04:30:00 GMT+0530 (India Standard Time)! Possible blocking IO or high CPU user at the same process used by node-cron.
[2026-09-30T04:35:01.793Z] [PID: 260] [32m[NODE-CRON][32m [33m[WARN][0m missed execution at Wed Sep 30 2026 04:40:00 GMT+0530 (India Standard Time)! Possible blocking IO or high CPU user at the same process used by node-cron.
[2026-09-30T04:35:01.797Z] [PID: 260] [32m[NODE-CRON][32m [33m[WARN][0m missed execution at Wed Sep 30 2026 04:50:00 GMT+0530 (India Standard Time)! Possible blocking IO or high CPU user at the same process used by node-cron.
[2026-09-30T04:35:01.802Z] [PID: 260] [32m[NODE-CRON][32m [33m[WARN][0m missed execution at Wed Sep 30 2026 05:00:00 GMT+0530 (India Standard Time)! Possible blocking IO or high CPU user at the same process used by node-cron.
[2026-09-30T04:35:01.806Z] [PID: 260] [32m[NODE-CRON][32m [33m[WARN][0m missed execution at Wed Sep 30 2026 05:10:00 GMT+0530 (India Standard Time)! Possible blocking IO or high CPU user at the same process used by node-cron.
[2026-09-30T04:35:01.809Z] [PID: 260] [32m[NODE-CRON][32m [33m[WARN][0m missed execution at Wed Sep 30 2026 05:20:00 GMT+0530 (India Standard Time)! Possible blocking IO or high CPU user at the same process used by node-cron.
[2026-09-30T04:35:01.813Z] [PID: 260] [32m[NODE-CRON][32m [33m[WARN][0m missed execution at Wed Sep 30 2026 05:30:00 GMT+0530 (India Standard Time)! Possible blocking IO or high CPU user at the same process used by node-cron.
[2026-09-30T04:35:01.817Z] [PID: 260] [32m[NODE-CRON][32m [33m[WARN][0m missed execution at Wed Sep 30 2026 05:40:00 GMT+0530 (India Standard Time)! Possible blocking IO or high CPU user at the same process used by node-cron.
[2026-09-30T04:35:01.821Z] [PID: 260] [32m[NODE-CRON][32m [33m[WARN][0m missed execution at Wed Sep 30 2026 05:50:00 GMT+0530 (India Standard Time)! Possible blocking IO or high CPU user at the same process used by node-cron.
[2026-09-30T04:35:01.825Z] [PID: 260] [32m[NODE-CRON][32m [33m[WARN][0m missed execution at Wed Sep 30 2026 06:00:00 GMT+0530 (India Standard Time)! Possible blocking IO or high CPU user at the same process used by node-cron.
[2026-09-30T04:35:01.830Z] [PID: 260] [32m[NODE-CRON][32m [33m[WARN][0m missed execution at Wed Sep 30 2026 06:10:00 GMT+0530 (India Standard Time)! Possible blocking IO or high CPU user at the same process used by node-cron.
[2026-09-30T04:35:01.834Z] [PID: 260] [32m[NODE-CRON][32m [33m[WARN][0m missed execution at Wed Sep 30 2026 06:20:00 GMT+0530 (India Standard Time)! Possible blocking IO or high CPU user at the same process used by node-cron.
[2026-09-30T04:35:01.838Z] [PID: 260] [32m[NODE-CRON][32m [33m[WARN][0m missed execution at Wed Sep 30 2026 06:30:00 GMT+0530 (India Standard Time)! Possible blocking IO or high CPU user at the same process used by node-cron.
[2026-09-30T04:35:01.841Z] [PID: 260] [32m[NODE-CRON][32m [33m[WARN][0m missed execution at Wed Sep 30 2026 06:40:00 GMT+0530 (India Standard Time)! Possible blocking IO or high CPU user at the same process used by node-cron.
[2026-09-30T04:35:01.845Z] [PID: 260] [32m[NODE-CRON][32m [33m[WARN][0m missed execution at Wed Sep 30 2026 06:50:00 GMT+0530 (India Standard Time)! Possible blocking IO or high CPU user at the same process used by node-cron.
[2026-09-30T04:35:01.849Z] [PID: 260] [32m[NODE-CRON][32m [33m[WARN][0m missed execution at Wed Sep 30 2026 07:00:00 GMT+0530 (India Standard Time)! Possible blocking IO or high CPU user at the same process used by node-cron.
[2026-09-30T04:35:01.852Z] [PID: 260] [32m[NODE-CRON][32m [33m[WARN][0m missed execution at Wed Sep 30 2026 07:10:00 GMT+0530 (India Standard Time)! Possible blocking IO or high CPU user at the same process used by node-cron.
[2026-09-30T04:35:01.856Z] [PID: 260] [32m[NODE-CRON][32m [33m[WARN][0m missed execution at Wed Sep 30 2026 07:20:00 GMT+0530 (India Standard Time)! Possible blocking IO or high CPU user at the same process used by node-cron.
[2026-09-30T04:35:01.861Z] [PID: 260] [32m[NODE-CRON][32m [33m[WARN][0m missed execution at Wed Sep 30 2026 07:30:00 GMT+0530 (India Standard Time)! Possible blocking IO or high CPU user at the same process used by node-cron.
[2026-09-30T04:35:01.865Z] [PID: 260] [32m[NODE-CRON][32m [33m[WARN][0m missed execution at Wed Sep 30 2026 07:40:00 GMT+0530 (India Standard Time)! Possible blocking IO or high CPU user at the same process used by node-cron.
[2026-09-30T04:35:01.869Z] [PID: 260] [32m[NODE-CRON][32m [33m[WARN][0m missed execution at Wed Sep 30 2026 07:50:00 GMT+0530 (India Standard Time)! Possible blocking IO or high CPU user at the same process used by node-cron.
[2026-09-30T04:35:01.874Z] [PID: 260] [32m[NODE-CRON][32m [33m[WARN][0m missed execution at Wed Sep 30 2026 08:00:00 GMT+0530 (India Standard Time)! Possible blocking IO or high CPU user at the same process used by node-cron.
[2026-09-30T04:35:01.878Z] [PID: 260] [32m[NODE-CRON][32m [33m[WARN][0m missed execution at Wed Sep 30 2026 08:10:00 GMT+0530 (India Standard Time)! Possible blocking IO or high CPU user at the same process used by node-cron.
[2026-09-30T04:35:01.881Z] [PID: 260] [32m[NODE-CRON][32m [33m[WARN][0m missed execution at Wed Sep 30 2026 08:20:00 GMT+0530 (India Standard Time)! Possible blocking IO or high CPU user at the same process used by node-cron.
[2026-09-30T04:35:01.885Z] [PID: 260] [32m[NODE-CRON][32m [33m[WARN][0m missed execution at Wed Sep 30 2026 08:30:00 GMT+0530 (India Standard Time)! Possible blocking IO or high CPU user at the same process used by node-cron.
[2026-09-30T04:35:01.888Z] [PID: 260] [32m[NODE-CRON][32m [33m[WARN][0m missed execution at Wed Sep 30 2026 08:40:00 GMT+0530 (India Standard Time)! Possible blocking IO or high CPU user at the same process used by node-cron.
[2026-09-30T04:35:01.893Z] [PID: 260] [32m[NODE-CRON][32m [33m[WARN][0m missed execution at Wed Sep 30 2026 08:50:00 GMT+0530 (India Standard Time)! Possible blocking IO or high CPU user at the same process used by node-cron.
[2026-09-30T04:35:01.897Z] [PID: 260] [32m[NODE-CRON][32m [33m[WARN][0m missed execution at Wed Sep 30 2026 09:00:00 GMT+0530 (India Standard Time)! Possible blocking IO or high CPU user at the same process used by node-cron.
[2026-09-30T04:35:01.901Z] [PID: 260] [32m[NODE-CRON][32m [33m[WARN][0m missed execution at Wed Sep 30 2026 09:10:00 GMT+0530 (India Standard Time)! Possible blocking IO or high CPU user at the same process used by node-cron.
[2026-09-30T04:35:01.906Z] [PID: 260] [32m[NODE-CRON][32m [33m[WARN][0m missed execution at Wed Sep 30 2026 09:20:00 GMT+0530 (India Standard Time)! Possible blocking IO or high CPU user at the same process used by node-cron.
[2026-09-30T04:35:01.910Z] [PID: 260] [32m[NODE-CRON][32m [33m[WARN][0m missed execution at Wed Sep 30 2026 09:30:00 GMT+0530 (India Standard Time)! Possible blocking IO or high CPU user at the same process used by node-cron.
[2026-09-30T04:35:01.914Z] [PID: 260] [32m[NODE-CRON][32m [33m[WARN][0m missed execution at Wed Sep 30 2026 09:40:00 GMT+0530 (India Standard Time)! Possible blocking IO or high CPU user at the same process used by node-cron.
[2026-09-30T04:35:01.918Z] [PID: 260] [32m[NODE-CRON][32m [33m[WARN][0m missed execution at Wed Sep 30 2026 09:50:00 GMT+0530 (India Standard Time)! Possible blocking IO or high CPU user at the same process used by node-cron.
[2026-09-30T04:35:01.923Z] [PID: 260] [32m[NODE-CRON][32m [33m[WARN][0m missed execution at Wed Sep 30 2026 10:00:00 GMT+0530 (India Standard Time)! Possible blocking IO or high CPU user at the same process used by node-cron.
[2026-09-30T04:35:01.933Z] [PID: 260] [32m[NODE-CRON][32m [33m[WARN][0m missed execution at Tue Sep 29 2026 21:30:00 GMT+0530 (India Standard Time)! Possible blocking IO or high CPU user at the same process used by node-cron.
[2026-09-30T04:35:01.938Z] [PID: 260] [32m[NODE-CRON][32m [33m[WARN][0m missed execution at Tue Sep 29 2026 22:00:00 GMT+0530 (India Standard Time)! Possible blocking IO or high CPU user at the same process used by node-cron.
[2026-09-30T04:35:01.941Z] [PID: 260] [32m[NODE-CRON][32m [33m[WARN][0m missed execution at Tue Sep 29 2026 22:30:00 GMT+0530 (India Standard Time)! Possible blocking IO or high CPU user at the same process used by node-cron.
[2026-09-30T04:35:01.945Z] [PID: 260] [32m[NODE-CRON][32m [33m[WARN][0m missed execution at Tue Sep 29 2026 23:00:00 GMT+0530 (India Standard Time)! Possible blocking IO or high CPU user at the same process used by node-cron.
[2026-09-30T04:35:01.949Z] [PID: 260] [32m[NODE-CRON][32m [33m[WARN][0m missed execution at Tue Sep 29 2026 23:30:00 GMT+0530 (India Standard Time)! Possible blocking IO or high CPU user at the same process used by node-cron.
[2026-09-30T04:35:01.968Z] [PID: 260] [32m[NODE-CRON][32m [33m[WARN][0m missed execution at Wed Sep 30 2026 00:00:00 GMT+0530 (India Standard Time)! Possible blocking IO or high CPU user at the same process used by node-cron.
[2026-09-30T04:35:01.972Z] [PID: 260] [32m[NODE-CRON][32m [33m[WARN][0m missed execution at Wed Sep 30 2026 00:30:00 GMT+0530 (India Standard Time)! Possible blocking IO or high CPU user at the same process used by node-cron.
[2026-09-30T04:35:01.976Z] [PID: 260] [32m[NODE-CRON][32m [33m[WARN][0m missed execution at Wed Sep 30 2026 01:00:00 GMT+0530 (India Standard Time)! Possible blocking IO or high CPU user at the same process used by node-cron.
[2026-09-30T04:35:01.979Z] [PID: 260] [32m[NODE-CRON][32m [33m[WARN][0m missed execution at Wed Sep 30 2026 01:30:00 GMT+0530 (India Standard Time)! Possible blocking IO or high CPU user at the same process used by node-cron.
[2026-09-30T04:35:01.984Z] [PID: 260] [32m[NODE-CRON][32m [33m[WARN][0m missed execution at Wed Sep 30 2026 02:00:00 GMT+0530 (India Standard Time)! Possible blocking IO or high CPU user at the same process used by node-cron.
[2026-09-30T04:35:01.987Z] [PID: 260] [32m[NODE-CRON][32m [33m[WARN][0m missed execution at Wed Sep 30 2026 02:30:00 GMT+0530 (India Standard Time)! Possible blocking IO or high CPU user at the same process used by node-cron.
[2026-09-30T04:35:01.991Z] [PID: 260] [32m[NODE-CRON][32m [33m[WARN][0m missed execution at Wed Sep 30 2026 03:00:00 GMT+0530 (India Standard Time)! Possible blocking IO or high CPU user at the same process used by node-cron.
[2026-09-30T04:35:01.995Z] [PID: 260] [32m[NODE-CRON][32m [33m[WARN][0m missed execution at Wed Sep 30 2026 03:30:00 GMT+0530 (India Standard Time)! Possible blocking IO or high CPU user at the same process used by node-cron.
[2026-09-30T04:35:02.000Z] [PID: 260] [32m[NODE-CRON][32m [33m[WARN][0m missed execution at Wed Sep 30 2026 04:00:00 GMT+0530 (India Standard Time)! Possible blocking IO or high CPU user at the same process used by node-cron.
[2026-09-30T04:35:02.004Z] [PID: 260] [32m[NODE-CRON][32m [33m[WARN][0m missed execution at Wed Sep 30 2026 04:30:00 GMT+0530 (India Standard Time)! Possible blocking IO or high CPU user at the same process used by node-cron.
[2026-09-30T04:35:02.008Z] [PID: 260] [32m[NODE-CRON][32m [33m[WARN][0m missed execution at Wed Sep 30 2026 05:00:00 GMT+0530 (India Standard Time)! Possible blocking IO or high CPU user at the same process used by node-cron.
[2026-09-30T04:35:02.012Z] [PID: 260] [32m[NODE-CRON][32m [33m[WARN][0m missed execution at Wed Sep 30 2026 05:30:00 GMT+0530 (India Standard Time)! Possible blocking IO or high CPU user at the same process used by node-cron.
[2026-09-30T04:35:02.016Z] [PID: 260] [32m[NODE-CRON][32m [33m[WARN][0m missed execution at Wed Sep 30 2026 06:00:00 GMT+0530 (India Standard Time)! Possible blocking IO or high CPU user at the same process used by node-cron.
[2026-09-30T04:35:02.020Z] [PID: 260] [32m[NODE-CRON][32m [33m[WARN][0m missed execution at Wed Sep 30 2026 06:30:00 GMT+0530 (India Standard Time)! Possible blocking IO or high CPU user at the same process used by node-cron.
[2026-09-30T04:35:02.024Z] [PID: 260] [32m[NODE-CRON][32m [33m[WARN][0m missed execution at Wed Sep 30 2026 07:00:00 GMT+0530 (India Standard Time)! Possible blocking IO or high CPU user at the same process used by node-cron.
[2026-09-30T04:35:02.028Z] [PID: 260] [32m[NODE-CRON][32m [33m[WARN][0m missed execution at Wed Sep 30 2026 07:30:00 GMT+0530 (India Standard Time)! Possible blocking IO or high CPU user at the same process used by node-cron.
[2026-09-30T04:35:02.034Z] [PID: 260] [32m[NODE-CRON][32m [33m[WARN][0m missed execution at Wed Sep 30 2026 08:00:00 GMT+0530 (India Standard Time)! Possible blocking IO or high CPU user at the same process used by node-cron.
[2026-09-30T04:35:02.039Z] [PID: 260] [32m[NODE-CRON][32m [33m[WARN][0m missed execution at Wed Sep 30 2026 08:30:00 GMT+0530 (India Standard Time)! Possible blocking IO or high CPU user at the same process used by node-cron.
[2026-09-30T04:35:02.044Z] [PID: 260] [32m[NODE-CRON][32m [33m[WARN][0m missed execution at Wed Sep 30 2026 09:00:00 GMT+0530 (India Standard Time)! Possible blocking IO or high CPU user at the same process used by node-cron.
[2026-09-30T04:35:02.048Z] [PID: 260] [32m[NODE-CRON][32m [33m[WARN][0m missed execution at Wed Sep 30 2026 09:30:00 GMT+0530 (India Standard Time)! Possible blocking IO or high CPU user at the same process used by node-cron.
[2026-09-30T04:35:02.053Z] [PID: 260] [32m[NODE-CRON][32m [33m[WARN][0m missed execution at Wed Sep 30 2026 10:00:00 GMT+0530 (India Standard Time)! Possible blocking IO or high CPU user at the same process used by node-cron.
[2026-09-30T04:35:02.063Z] [PID: 260] [32m[NODE-CRON][32m [33m[WARN][0m missed execution at Tue Sep 29 2026 21:30:00 GMT+0530 (India Standard Time)! Possible blocking IO or high CPU user at the same process used by node-cron.
[2026-09-30T04:35:02.067Z] [PID: 260] [32m[NODE-CRON][32m [33m[WARN][0m missed execution at Tue Sep 29 2026 22:00:00 GMT+0530 (India Standard Time)! Possible blocking IO or high CPU user at the same process used by node-cron.
[2026-09-30T04:35:02.071Z] [PID: 260] [32m[NODE-CRON][32m [33m[WARN][0m missed execution at Tue Sep 29 2026 22:30:00 GMT+0530 (India Standard Time)! Possible blocking IO or high CPU user at the same process used by node-cron.
[2026-09-30T04:35:02.076Z] [PID: 260] [32m[NODE-CRON][32m [33m[WARN][0m missed execution at Tue Sep 29 2026 23:00:00 GMT+0530 (India Standard Time)! Possible blocking IO or high CPU user at the same process used by node-cron.
[2026-09-30T04:35:02.081Z] [PID: 260] [32m[NODE-CRON][32m [33m[WARN][0m missed execution at Tue Sep 29 2026 23:30:00 GMT+0530 (India Standard Time)! Possible blocking IO or high CPU user at the same process used by node-cron.
[2026-09-30T04:35:02.087Z] [PID: 260] [32m[NODE-CRON][32m [33m[WARN][0m missed execution at Wed Sep 30 2026 00:00:00 GMT+0530 (India Standard Time)! Possible blocking IO or high CPU user at the same process used by node-cron.
[2026-09-30T04:35:02.091Z] [PID: 260] [32m[NODE-CRON][32m [33m[WARN][0m missed execution at Wed Sep 30 2026 00:30:00 GMT+0530 (India Standard Time)! Possible blocking IO or high CPU user at the same process used by node-cron.
[2026-09-30T04:35:02.095Z] [PID: 260] [32m[NODE-CRON][32m [33m[WARN][0m missed execution at Wed Sep 30 2026 01:00:00 GMT+0530 (India Standard Time)! Possible blocking IO or high CPU user at the same process used by node-cron.
[2026-09-30T04:35:02.098Z] [PID: 260] [32m[NODE-CRON][32m [33m[WARN][0m missed execution at Wed Sep 30 2026 01:30:00 GMT+0530 (India Standard Time)! Possible blocking IO or high CPU user at the same process used by node-cron.
[2026-09-30T04:35:02.102Z] [PID: 260] [32m[NODE-CRON][32m [33m[WARN][0m missed execution at Wed Sep 30 2026 02:00:00 GMT+0530 (India Standard Time)! Possible blocking IO or high CPU user at the same process used by node-cron.
[2026-09-30T04:35:02.106Z] [PID: 260] [32m[NODE-CRON][32m [33m[WARN][0m missed execution at Wed Sep 30 2026 02:30:00 GMT+0530 (India Standard Time)! Possible blocking IO or high CPU user at the same process used by node-cron.
[2026-09-30T04:35:02.110Z] [PID: 260] [32m[NODE-CRON][32m [33m[WARN][0m missed execution at Wed Sep 30 2026 03:00:00 GMT+0530 (India Standard Time)! Possible blocking IO or high CPU user at the same process used by node-cron.
[2026-09-30T04:35:02.113Z] [PID: 260] [32m[NODE-CRON][32m [33m[WARN][0m missed execution at Wed Sep 30 2026 03:30:00 GMT+0530 (India Standard Time)! Possible blocking IO or high CPU user at the same process used by node-cron.
[2026-09-30T04:35:02.117Z] [PID: 260] [32m[NODE-CRON][32m [33m[WARN][0m missed execution at Wed Sep 30 2026 04:00:00 GMT+0530 (India Standard Time)! Possible blocking IO or high CPU user at the same process used by node-cron.
[2026-09-30T04:35:02.120Z] [PID: 260] [32m[NODE-CRON][32m [33m[WARN][0m missed execution at Wed Sep 30 2026 04:30:00 GMT+0530 (India Standard Time)! Possible blocking IO or high CPU user at the same process used by node-cron.
[2026-09-30T04:35:02.125Z] [PID: 260] [32m[NODE-CRON][32m [33m[WARN][0m missed execution at Wed Sep 30 2026 05:00:00 GMT+0530 (India Standard Time)! Possible blocking IO or high CPU user at the same process used by node-cron.
[2026-09-30T04:35:02.129Z] [PID: 260] [32m[NODE-CRON][32m [33m[WARN][0m missed execution at Wed Sep 30 2026 05:30:00 GMT+0530 (India Standard Time)! Possible blocking IO or high CPU user at the same process used by node-cron.
[2026-09-30T04:35:02.134Z] [PID: 260] [32m[NODE-CRON][32m [33m[WARN][0m missed execution at Wed Sep 30 2026 06:00:00 GMT+0530 (India Standard Time)! Possible blocking IO or high CPU user at the same process used by node-cron.
[2026-09-30T04:35:02.148Z] [PID: 260] [32m[NODE-CRON][32m [33m[WARN][0m missed execution at Wed Sep 30 2026 06:30:00 GMT+0530 (India Standard Time)! Possible blocking IO or high CPU user at the same process used by node-cron.
[2026-09-30T04:35:02.153Z] [PID: 260] [32m[NODE-CRON][32m [33m[WARN][0m missed execution at Wed Sep 30 2026 07:00:00 GMT+0530 (India Standard Time)! Possible blocking IO or high CPU user at the same process used by node-cron.
[2026-09-30T04:35:02.157Z] [PID: 260] [32m[NODE-CRON][32m [33m[WARN][0m missed execution at Wed Sep 30 2026 07:30:00 GMT+0530 (India Standard Time)! Possible blocking IO or high CPU user at the same process used by node-cron.
[2026-09-30T04:35:02.162Z] [PID: 260] [32m[NODE-CRON][32m [33m[WARN][0m missed execution at Wed Sep 30 2026 08:00:00 GMT+0530 (India Standard Time)! Possible blocking IO or high CPU user at the same process used by node-cron.
[2026-09-30T04:35:02.166Z] [PID: 260] [32m[NODE-CRON][32m [33m[WARN][0m missed execution at Wed Sep 30 2026 08:30:00 GMT+0530 (India Standard Time)! Possible blocking IO or high CPU user at the same process used by node-cron.
[2026-09-30T04:35:02.171Z] [PID: 260] [32m[NODE-CRON][32m [33m[WARN][0m missed execution at Wed Sep 30 2026 09:00:00 GMT+0530 (India Standard Time)! Possible blocking IO or high CPU user at the same process used by node-cron.
[2026-09-30T04:35:02.175Z] [PID: 260] [32m[NODE-CRON][32m [33m[WARN][0m missed execution at Wed Sep 30 2026 09:30:00 GMT+0530 (India Standard Time)! Possible blocking IO or high CPU user at the same process used by node-cron.
[2026-09-30T04:35:02.180Z] [PID: 260] [32m[NODE-CRON][32m [33m[WARN][0m missed execution at Wed Sep 30 2026 10:00:00 GMT+0530 (India Standard Time)! Possible blocking IO or high CPU user at the same process used by node-cron.
[2026-09-30T04:35:02.190Z] [PID: 260] [32m[NODE-CRON][32m [33m[WARN][0m missed execution at Tue Sep 29 2026 21:45:00 GMT+0530 (India Standard Time)! Possible blocking IO or high CPU user at the same process used by node-cron.
[2026-09-30T04:35:02.194Z] [PID: 260] [32m[NODE-CRON][32m [33m[WARN][0m missed execution at Tue Sep 29 2026 22:45:00 GMT+0530 (India Standard Time)! Possible blocking IO or high CPU user at the same process used by node-cron.
[2026-09-30T04:35:02.198Z] [PID: 260] [32m[NODE-CRON][32m [33m[WARN][0m missed execution at Tue Sep 29 2026 23:45:00 GMT+0530 (India Standard Time)! Possible blocking IO or high CPU user at the same process used by node-cron.
[2026-09-30T04:35:02.202Z] [PID: 260] [32m[NODE-CRON][32m [33m[WARN][0m missed execution at Wed Sep 30 2026 00:45:00 GMT+0530 (India Standard Time)! Possible blocking IO or high CPU user at the same process used by node-cron.
[2026-09-30T04:35:02.206Z] [PID: 260] [32m[NODE-CRON][32m [33m[WARN][0m missed execution at Wed Sep 30 2026 01:45:00 GMT+0530 (India Standard Time)! Possible blocking IO or high CPU user at the same process used by node-cron.
[2026-09-30T04:35:02.211Z] [PID: 260] [32m[NODE-CRON][32m [33m[WARN][0m missed execution at Wed Sep 30 2026 02:45:00 GMT+0530 (India Standard Time)! Possible blocking IO or high CPU user at the same process used by node-cron.
[2026-09-30T04:35:02.215Z] [PID: 260] [32m[NODE-CRON][32m [33m[WARN][0m missed execution at Wed Sep 30 2026 03:45:00 GMT+0530 (India Standard Time)! Possible blocking IO or high CPU user at the same process used by node-cron.
[2026-09-30T04:35:02.220Z] [PID: 260] [32m[NODE-CRON][32m [33m[WARN][0m missed execution at Wed Sep 30 2026 04:45:00 GMT+0530 (India Standard Time)! Possible blocking IO or high CPU user at the same process used by node-cron.
[2026-09-30T04:35:02.225Z] [PID: 260] [32m[NODE-CRON][32m [33m[WARN][0m missed execution at Wed Sep 30 2026 05:45:00 GMT+0530 (India Standard Time)! Possible blocking IO or high CPU user at the same process used by node-cron.
[2026-09-30T04:35:02.229Z] [PID: 260] [32m[NODE-CRON][32m [33m[WARN][0m missed execution at Wed Sep 30 2026 06:45:00 GMT+0530 (India Standard Time)! Possible blocking IO or high CPU user at the same process used by node-cron.
[2026-09-30T04:35:02.233Z] [PID: 260] [32m[NODE-CRON][32m [33m[WARN][0m missed execution at Wed Sep 30 2026 07:45:00 GMT+0530 (India Standard Time)! Possible blocking IO or high CPU user at the same process used by node-cron.
[2026-09-30T04:35:02.238Z] [PID: 260] [32m[NODE-CRON][32m [33m[WARN][0m missed execution at Wed Sep 30 2026 08:45:00 GMT+0530 (India Standard Time)! Possible blocking IO or high CPU user at the same process used by node-cron.
[2026-09-30T04:35:02.243Z] [PID: 260] [32m[NODE-CRON][32m [33m[WARN][0m missed execution at Wed Sep 30 2026 09:45:00 GMT+0530 (India Standard Time)! Possible blocking IO or high CPU user at the same process used by node-cron.
WA Worker fatal: Error: read ECONNRESET
    at PromisePool.query (C:\xampp\htdocs\rewardReactApp\server\node_modules\mysql2\lib\promise\pool.js:36:22)
    at pickJob (C:\xampp\htdocs\rewardReactApp\server\services\whatsapp\waWorker.js:70:29)
    at runOnce (C:\xampp\htdocs\rewardReactApp\server\services\whatsapp\waWorker.js:98:21)
    at start (C:\xampp\htdocs\rewardReactApp\server\services\whatsapp\waWorker.js:214:23)
    at runNextTicks (node:internal/process/task_queues:64:5)
    at process.processTimers (node:internal/timers:538:9) {
  code: 'ECONNRESET',
  errno: -4077,
  sql: undefined,
  sqlState: undefined,
  sqlMessage: undefined
}
[2026-09-30T04:35:02.442Z] [PID: 260] [32m[NODE-CRON][32m [33m[WARN][0m missed execution at Wed Sep 30 2026 10:05:00 GMT+0530 (India Standard Time)! Possible blocking IO or high CPU user at the same process used by node-cron.
[2026-09-30T04:35:02.470Z] [PID: 260] [32m[NODE-CRON][32m [33m[WARN][0m missed execution at Wed Sep 30 2026 10:05:00 GMT+0530 (India Standard Time)! Possible blocking IO or high CPU user at the same process used by node-cron.
[2026-09-30T04:35:02.507Z] [PID: 260] [32m[NODE-CRON][32m [33m[WARN][0m missed execution at Wed Sep 30 2026 10:05:00 GMT+0530 (India Standard Time)! Possible blocking IO or high CPU user at the same process used by node-cron.
[2026-09-30T04:35:02.517Z] [PID: 260] [32m[NODE-CRON][32m [33m[WARN][0m missed execution at Wed Sep 30 2026 10:05:00 GMT+0530 (India Standard Time)! Possible blocking IO or high CPU user at the same process used by node-cron.
WA Worker restart failed: Error
    at PromisePool.query (C:\xampp\htdocs\rewardReactApp\server\node_modules\mysql2\lib\promise\pool.js:36:22)
    at pickJob (C:\xampp\htdocs\rewardReactApp\server\services\whatsapp\waWorker.js:70:29)
    at runOnce (C:\xampp\htdocs\rewardReactApp\server\services\whatsapp\waWorker.js:98:21)
    at start (C:\xampp\htdocs\rewardReactApp\server\services\whatsapp\waWorker.js:214:23) {
  code: 'ECONNREFUSED',
  errno: undefined,
  sql: undefined,
  sqlState: undefined,
  sqlMessage: undefined
}
